CASE_ID,ACCIDENT_YEAR,PROC_DATE,JURIS,COLLISION_DATE,COLLISION_TIME,OFFICER_ID,REPORTING_DISTRICT,DAY_OF_WEEK,CHP_SHIFT,POPULATION,CNTY_CITY_LOC,SPECIAL_COND,BEAT_TYPE,CHP_BEAT_TYPE,CITY_DIVISION_LAPD,CHP_BEAT_CLASS,BEAT_NUMBER,PRIMARY_RD,SECONDARY_RD,DISTANCE,DIRECTION,INTERSECTION,WEATHER_1,WEATHER_2,STATE_HWY_IND,CALTRANS_COUNTY,CALTRANS_DISTRICT,STATE_ROUTE,ROUTE_SUFFIX,POSTMILE_PREFIX,POSTMILE,LOCATION_TYPE,RAMP_INTERSECTION,SIDE_OF_HWY,TOW_AWAY,COLLISION_SEVERITY,NUMBER_KILLED,NUMBER_INJURED,PARTY_COUNT,PRIMARY_COLL_FACTOR,PCF_CODE_OF_VIOL,PCF_VIOL_CATEGORY,PCF_VIOLATION,PCF_VIOL_SUBSECTION,HIT_AND_RUN,TYPE_OF_COLLISION,MVIW,PED_ACTION,ROAD_SURFACE,ROAD_COND_1,ROAD_COND_2,LIGHTING,CONTROL_DEVICE,CHP_ROAD_TYPE,PEDESTRIAN_ACCIDENT,BICYCLE_ACCIDENT,MOTORCYCLE_ACCIDENT,TRUCK_ACCIDENT,NOT_PRIVATE_PROPERTY,ALCOHOL_INVOLVED,STWD_VEHTYPE_AT_FAULT,CHP_VEHTYPE_AT_FAULT,COUNT_SEVERE_INJ,COUNT_VISIBLE_INJ,COUNT_COMPLAINT_PAIN,COUNT_PED_KILLED,COUNT_PED_INJURED,COUNT_BICYCLIST_KILLED,COUNT_BICYCLIST_INJURED,COUNT_MC_KILLED,COUNT_MC_INJURED,PRIMARY_RAMP,SECONDARY_RAMP,LATITUDE,LONGITUDE,COUNTY,CITY,POINT_X,POINT_Y
8165194,2016,11/9/2016,1304,9/14/2016,1910,344,4,3,5,4,1304,0,0,0,,0,WEST,IMPERIAL,ADAMS,0,,Y,A,-,N,,,,,,,,,,N,3,0,1,2,A,-,11,21954,A,N,G,B,D,A,H,-,C,A,0,Y,,,,Y,,N,60,0,1,0,0,1,0,0,0,0,- ,- ,,,IMPERIAL,EL CENTRO,-115.5699801,32.7964801
8896922,2019,8/7/2019,1304,7/3/2019,1414,327,EWEST,3,5,4,1304,0,0,0,,0,WEST,BRIGHTON,12TH,0,E,N,A,-,N,,,,,,,,,,N,3,0,1,2,A,-,5,21650,1,N,B,G,A,A,H,-,A,D,0,,Y,,,Y,,L,4,0,1,0,0,0,0,1,0,0,- ,- ,32.78969955,-115.5650024,IMPERIAL,EL CENTRO,-115.5654907,32.78976059
9164086,2020,12/1/2020,1304,9/10/2020,1122,337,E1,4,5,4,1304,0,0,0,,0,EAST,ADAMS,6TH,62,E,N,A,-,Y,IMP,11,86,-,L,7.76,H,-,N,N,3,0,1,2,A,-,3,22350,,N,C,C,A,A,H,-,A,A,0,,,,,Y,,D,22,0,1,0,0,0,0,0,0,0,- ,- ,,,IMPERIAL,EL CENTRO,-115.5569458,32.79655838
9273981,2021,7/1/2021,1304,6/5/2021,1250,359,,6,5,4,1304,0,0,0,,0,,DOGWOOD RD,WAKE AV,67,N,N,A,-,N,,,,,,,,,,Y,3,0,1,2,A,-,8,22107,,N,D,C,A,A,H,-,A,A,0,,,,,Y,,A,1,0,1,0,0,0,0,0,0,0,- ,- ,,,IMPERIAL,EL CENTRO,-115.5352173,32.77083206
90126669,2016,3/1/2016,9620,2/25/2016,920,14306,,4,1,9,1300,0,3,5,,2,60,SR-78,OGILBY RD.,25,E,N,A,-,Y,,,78,,,,,,,Y,3,0,4,2,A,-,9,21801,A,N,A,C,A,A,H,-,A,A,0,,,,,Y,,A,7,0,1,3,0,0,0,0,0,0,- ,- ,33.0853,-114.9116,IMPERIAL,UNINCORPORATED,-114.9116318,33.08543561
90175074,2016,5/9/2016,9625,5/5/2016,1347,18792,,4,1,9,1300,0,3,5,,2,10,AZURE AVE,SAN MARINO ST,72,S,N,A,-,N,,,,,,,,,,Y,2,0,2,1,A,-,8,22107,,N,F,A,A,A,H,-,A,D,0,,,,,Y,,A,1,1,1,0,0,0,0,0,0,0,- ,- ,33.29803,-115.97478,IMPERIAL,UNINCORPORATED,-115.9747208,33.2979831
90404436,2017,3/2/2017,9625,2/26/2017,1155,18279,,7,1,4,1304,0,1,3,,2,24,STATE ROUTE 78,GECK PARK ROAD,6336,W,N,A,-,Y,,,,,,,,,,Y,4,0,1,1,A,-,3,22350,,N,E,I,A,A,H,-,A,D,0,,,,,Y,,A,1,0,0,1,0,0,0,0,0,0,- ,- ,32.96901,-115.19284,IMPERIAL,EL CENTRO,,
91167069,2020,1/29/2020,9625,1/6/2020,2124,18773,,1,2,9,1300,0,1,3,,2,53,SR-111 SOUTHBOUND,SR-86,0,,Y,A,-,Y,,,111,,,,,,S,Y,1,1,4,2,A,-,9,21453,C,N,D,C,A,A,H,-,C,A,0,,,,,Y,,A,1,2,2,0,0,0,0,0,0,0,- ,- ,32.73060989,-115.5005493,IMPERIAL,UNINCORPORATED,-115.5004044,32.73061371
91593137,2021,10/11/2021,9625,10/3/2021,1120,17727,,7,1,9,1300,0,1,3,,1,21,SR-111,RUTHERFORD ROAD,0,,Y,A,-,Y,,,111,,,,,,,Y,2,0,4,2,A,-,9,21801,A,F,A,C,A,A,H,-,A,D,0,,,,,Y,,A,1,2,0,2,0,0,0,0,0,0,- ,- ,33.04449844,-115.527298,IMPERIAL,UNINCORPORATED,-115.5273361,33.04450226
8121704,2016,9/19/2016,1304,8/26/2016,804,E0104,,5,5,4,1304,0,0,0,,0,,STATE,2ND ST,0,,Y,A,-,N,,,,,,,,,,Y,4,0,1,2,A,-,8,22103,,N,B,C,A,A,H,-,A,D,0,,,,,Y,,-,,0,0,1,0,0,0,0,0,0,- ,- ,32.7917,-115.5461,IMPERIAL,EL CENTRO,-115.54647,32.79177008
90245672,2016,8/16/2016,9625,8/9/2016,1128,13627,,2,1,9,1300,0,1,3,,2,53,STATE ROUTE 111 (N/B),HEBER ROAD,0,,Y,A,-,Y,,,111,,,,,,,Y,4,0,1,2,A,-,3,22350,,N,C,C,A,A,H,-,A,A,0,,,,,Y,,D,22,0,0,1,0,0,0,0,0,0,- ,- ,32.73048,-115.50033,IMPERIAL,UNINCORPORATED,-115.5004045,32.73047888
90246089,2016,8/16/2016,9625,8/15/2016,1110,16248,,1,1,9,1300,0,3,5,,2,40,CLARK ROAD,WAHL ROAD,2640,S,N,A,-,N,,,,,,,,,,Y,4,0,1,1,A,-,8,22107,,N,F,A,A,A,H,-,A,D,0,,,,,Y,,A,1,0,0,1,0,0,0,0,0,0,- ,- ,32.71603,-115.56009,IMPERIAL,UNINCORPORATED,-115.5601305,32.71615544
90317721,2016,11/14/2016,9625,10/15/2016,115,20704,,6,3,3,1301,0,2,S,,2,901,DOGWOOD ROAD,MEAD ROAD,279,N,N,A,-,N,,,,,,,,,,Y,3,0,1,1,A,-,1,23152,A,N,E,I,A,A,H,-,C,A,0,,,,,Y,Y,A,1,0,1,0,0,0,0,0,0,0,- ,- ,32.95682,-115.53504,IMPERIAL,BRAWLEY,-115.53512,32.95708466
90328153,2016,11/23/2016,9625,11/21/2016,1725,19582,,1,2,9,1300,0,1,1,,2,6,I-8 W/B,DOGWOOD ROAD,2640,W,N,A,-,Y,,,8,,,,,,W,Y,4,0,1,2,A,-,3,22350,,N,C,C,A,A,C,-,D,D,0,,,,,Y,,A,7,0,0,1,0,0,0,0,0,0,- ,- ,32.77403,-115.52388,IMPERIAL,UNINCORPORATED,-115.5238801,32.77399185
90362839,2016,1/27/2017,9625,11/14/2016,1505,18464,,1,2,9,1300,0,3,5,,2,20,WILKINS ROAD,ENGLISH ROAD,5058,W,N,A,-,N,,,,,,,,,,Y,1,1,0,1,A,-,1,23152,A,N,F,A,A,A,H,-,A,D,0,,,,,Y,Y,D,22,0,0,0,0,0,0,0,0,0,- ,- ,33.30962,-115.55646,IMPERIAL,UNINCORPORATED,-115.5569191,33.30977989
91004279,2019,6/5/2019,9625,5/26/2019,2500,13627,,7,4,9,1300,0,1,3,,2,56,STATE ROUTE 115,EVAN HEWES HIGHWAY,0,,Y,A,-,Y,,,115,,,,,,,Y,4,0,1,1,A,-,3,22350,,N,E,I,A,A,H,-,D,A,0,,,,,Y,,A,1,0,0,1,0,0,0,0,0,0,- ,- ,32.80500031,-115.4060974,IMPERIAL,UNINCORPORATED,-115.4061127,32.80573273
91045706,2019,8/5/2019,9625,3/1/2019,1425,18279,,5,2,9,1300,0,3,5,,2,10,LINDSEY RD,HATFIELD RD,1132,W,N,A,-,N,,,,,,,,,,Y,1,1,0,1,A,-,1,23152,G,N,F,A,A,A,H,-,A,D,0,,,,,Y,Y,D,22,0,0,0,0,0,0,0,0,0,- ,- ,33.14751816,-115.5922165,IMPERIAL,UNINCORPORATED,-115.5921249,33.14756393
91414407,2021,2/24/2021,9625,2/12/2021,1725,18930,,5,2,9,1300,0,3,5,,2,50,WARE ROAD,FAWCETT ROAD,290,S,N,A,-,N,,,,,,,,,,N,2,0,1,2,A,-,3,22350,,F,C,G,A,A,H,-,A,D,0,,Y,,,Y,,-,99,1,0,0,0,0,0,1,0,0,- ,- ,32.72129822,-115.5255966,IMPERIAL,UNINCORPORATED,-115.5256271,32.72258759
90431990,2017,4/11/2017,9625,4/6/2017,1640,18468,,4,2,3,1301,0,3,5,,2,20,FIELD ACCESS ROAD,RUTHERFORD ROAD,542,N,N,A,-,N,,,,,,,,,,Y,3,0,1,1,A,-,1,23152,A,N,E,I,A,A,H,-,A,D,0,,,,,Y,Y,A,7,0,1,0,0,0,0,0,0,0,- ,- ,33.04601,-115.52659,IMPERIAL,BRAWLEY,,
90560291,2017,9/29/2017,9625,9/27/2017,1723,18464,,3,2,9,1300,0,3,5,,2,40,AUSTIN ROAD,EVAN HEWES HIGHWAY,2640,N,N,A,-,N,,,,,,,,,,Y,4,0,1,2,A,-,3,22350,,N,C,C,A,A,C,-,A,D,0,,,,,Y,,A,1,0,0,1,0,0,0,0,0,0,- ,- ,32.80643,-115.595,IMPERIAL,UNINCORPORATED,-115.59498,32.80378574
90685118,2018,3/19/2018,9625,3/16/2018,1738,19035,,5,2,9,1300,0,1,3,,2,53,STATE ROUTE 111 SOUTHBOUND,HEBER ROAD,474,N,N,A,G,Y,,,111,,,,,,S,N,4,0,2,3,A,-,3,22350,,N,C,C,A,A,H,-,A,D,0,,,,,Y,,A,8,0,0,2,0,0,0,0,0,0,- ,- ,32.73479843,-115.5005035,IMPERIAL,UNINCORPORATED,-115.5004959,32.73479843
90706613,2018,4/16/2018,9625,4/14/2018,940,19035,,6,1,9,1300,0,1,3,,2,52,STATE ROUTE 98 EASTBOUND,ANDERHOLT ROAD,1324,W,N,A,-,Y,,,98,,,,,,E,Y,4,0,1,1,A,-,8,22107,,N,F,A,A,A,H,-,A,D,0,,,,,Y,,-,98,0,0,1,0,0,0,0,0,0,- ,- ,32.69369888,-115.4181976,IMPERIAL,UNINCORPORATED,-115.4181976,32.69382477
90746069,2018,6/12/2018,9625,6/1/2018,635,17727,,5,1,9,1300,0,1,3,,2,24,SR-78,GECKO PARK ROAD,2445,W,N,A,-,Y,,,78,,,,,,,Y,4,0,1,1,A,-,8,22107,,N,E,I,A,A,H,-,A,D,0,,,,,Y,,A,1,0,0,1,0,0,0,0,0,0,- ,- ,32.97389984,-115.1821976,IMPERIAL,UNINCORPORATED,-115.1821823,32.97385788
90897803,2019,1/14/2019,9625,1/3/2019,1635,18773,,4,2,9,1300,0,3,5,,2,50,HAWK STREET,DOGWOOD ROAD,10,E,N,A,-,N,,,,,,,,,,N,3,0,1,2,A,-,21,22106,,N,C,C,A,A,H,-,A,D,0,,,,,Y,,A,7,0,1,0,0,0,0,0,0,0,- ,- ,32.73487091,-115.5343933,IMPERIAL,UNINCORPORATED,-115.5345078,32.73482132
8105918,2016,1/23/2017,1301,7/15/2016,920,912,BRAWL,5,5,3,1301,0,0,0,,0,2,RT 86,CATTLE CALL DR,577,S,N,A,-,Y,IMP,11,86,-,-,19.92,H,-,N,N,4,0,2,2,B,-,22,,,N,C,C,A,A,H,-,A,A,0,,,,,Y,,A,1,0,0,2,0,0,0,0,0,0,- ,- ,,,IMPERIAL,BRAWLEY,-115.5450604,32.96949998
8803505,2019,2/28/2019,1301,1/23/2019,736,901,,3,5,3,1301,0,0,0,,0,2,S IMPERIAL AV,K ST,0,,Y,A,-,N,,,,,,,,,,N,3,0,1,2,A,-,10,21950,A,N,G,B,B,A,H,-,A,D,0,Y,,,,Y,,D,22,0,1,0,0,1,0,0,0,0,- ,- ,,,IMPERIAL,BRAWLEY,-115.5349731,32.97309113
8925287,2018,8/29/2019,1302,7/14/2018,800,CX172,1302,6,5,4,1302,0,0,0,,0,CX1,ANZA RD,POLE #42858D,129,S,N,A,-,N,,,,,,,,,,N,4,0,1,2,A,-,8,22107,,N,D,C,A,A,H,-,A,D,0,,Y,,,Y,,L,4,0,0,1,0,0,0,1,0,0,- ,- ,,,IMPERIAL,CALEXICO,,
9262114,2021,5/6/2021,1304,4/23/2021,727,360,EEAS,5,5,4,1304,0,0,0,,0,,DOGWOOD,MAIN ST,270,N,N,A,-,N,,,,,,,,,,N,3,0,2,2,A,-,9,21801,A,N,D,C,A,A,H,-,A,A,0,,,,,Y,,-,,0,2,0,0,0,0,0,0,0,- ,- ,,,IMPERIAL,EL CENTRO,-115.5356522,32.79355621
9364417,2021,12/2/2021,1304,10/26/2021,847,363,EWES,2,5,4,1304,0,0,0,,0,WEST,N WATERMEN AV,N WATERMEN AV 2105,0,,Y,A,-,N,,,,,,,,,,N,3,0,1,2,A,-,- ,,,N,D,C,A,A,H,-,A,D,0,,,,,Y,,-,,0,1,0,0,0,0,0,0,0,- ,- ,32.8130188,-115.5764923,IMPERIAL,EL CENTRO,,
90215596,2016,7/5/2016,9625,6/26/2016,1450,19582,,7,2,9,1300,0,3,5,,2,40,LARSEN ROAD,LA BRUCHERIE ROAD,0,,Y,A,-,N,,,,,,,,,,Y,4,0,1,2,A,-,9,21804,A,N,D,C,A,A,H,-,A,D,0,,,,,Y,,D,22,0,0,1,0,0,0,0,0,0,- ,- ,32.87652,-115.57832,IMPERIAL,UNINCORPORATED,-115.5786501,32.87642011
91536540,2021,8/4/2021,9625,7/26/2021,2015,19667,,1,2,9,1300,0,1,3,,1,44,SR-86 N/B,KEYSTONE ROAD,2300,N,N,A,-,Y,,,86,,,,,,N,N,3,0,1,1,A,-,8,22107,,N,E,I,A,A,H,-,D,D,0,,,,,Y,,A,1,0,1,0,0,0,0,0,0,0,- ,- ,32.91941833,-115.5699615,IMPERIAL,UNINCORPORATED,-115.5700455,32.91941833
90518688,2017,8/8/2017,9625,7/29/2017,433,19668,,6,3,9,1300,0,3,5,,2,40,CLARK ROAD,WILLOUGHBY ROAD,301,N,N,A,-,N,,,,,,,,,,Y,3,0,1,1,A,-,1,23152,A,N,E,I,A,A,H,-,D,D,0,,,,,Y,Y,A,1,0,1,0,0,0,0,0,0,0,- ,- ,32.70846,-115.55985,IMPERIAL,UNINCORPORATED,-115.56002,32.70932636
90709009,2018,4/19/2018,9625,4/17/2018,1445,22010,,2,2,9,1300,0,2,4,,2,57,EVAN HEWES HIGHWAY W/B,JAMES ROAD,1140,E,N,A,-,N,,,,,,,,,,Y,4,0,1,1,A,-,8,22107,,N,E,I,A,A,H,-,A,D,0,,,,,Y,,A,1,0,0,1,0,0,0,0,0,0,- ,- ,32.80345917,-115.4619293,IMPERIAL,UNINCORPORATED,-115.4616699,32.80335236
90726033,2018,5/14/2018,9625,5/3/2018,1640,18464,,4,2,9,1300,0,2,4,,2,47,FORRESTER ROAD,ROSS ROAD,20,N,N,A,-,N,,,,,,,,,,Y,4,0,1,2,A,-,3,22350,,N,C,C,A,A,H,-,A,D,0,,,,,Y,,A,1,0,0,1,0,0,0,0,0,0,- ,- ,32.78142929,-115.6206512,IMPERIAL,UNINCORPORATED,-115.6206436,32.78147507
90827341,2018,10/3/2018,9625,9/23/2018,2015,22010,,7,2,9,1300,0,1,3,,2,53,SR-111 S/B,ROSS AVENUE,4224,S,N,A,-,Y,,,111,,,,,,S,Y,4,0,1,2,A,-,7,21658,A,N,B,C,A,A,H,-,C,D,0,,,,,Y,,A,1,0,0,1,0,0,0,0,0,0,- ,- ,32.78004074,-115.50177,IMPERIAL,UNINCORPORATED,-115.5014572,32.78005219
91070783,2019,9/9/2019,9625,8/30/2019,1458,20054,,5,2,9,1300,0,1,3,,1,12,SR-86 N/B,TREADWELL BEND,2270,N,N,A,-,Y,,,,,,,,,,Y,3,0,1,1,A,-,8,22107,,N,E,I,A,A,H,-,A,D,0,,,,,Y,,A,1,0,1,0,0,0,0,0,0,0,- ,- ,33.3327713,-115.033989,IMPERIAL,UNINCORPORATED,,
91304125,2020,9/14/2020,9625,9/5/2020,1330,19225,,6,1,9,1300,0,1,3,,1,54,STATE ROUTE 111 S/B,ROSS ROAD,2640,N,N,A,-,Y,,,111,,,,,,S,Y,4,0,1,1,A,-,8,22107,,N,E,I,A,A,H,-,A,D,0,,,,,Y,,A,1,0,0,1,0,0,0,0,0,0,- ,- ,32.78710175,-115.5008011,IMPERIAL,UNINCORPORATED,-115.5009155,32.78712845
8974426,2019,11/2/2020,1304,9/12/2019,2320,332,EWES,4,5,4,1304,0,0,0,,0,WEST,IMPERIAL AV,BRADSHAW AV,500,N,N,A,-,Y,IMP,11,86,-,-,8.39,H,-,S,Y,2,0,1,2,A,-,3,22350,,N,C,C,A,A,H,-,C,A,0,,,,,Y,Y,A,1,1,0,0,0,0,0,0,0,0,- ,- ,,,IMPERIAL,EL CENTRO,-115.5699234,32.81242752
90228190,2016,7/22/2016,9625,7/14/2016,940,18978,,4,1,9,1300,0,2,4,,2,46,DOGWOOD RD,WILLOUGHBY ROAD,2117,S,N,A,-,N,,,,,,,,,,Y,3,0,4,2,A,-,1,23152,A,N,B,C,A,A,H,-,A,D,0,,,,,Y,Y,A,1,0,2,2,0,0,0,0,0,0,- ,- ,32.70268,-115.53401,IMPERIAL,UNINCORPORATED,-115.53407,32.70266429
90233192,2016,7/29/2016,9625,7/21/2016,1400,18933,,4,2,9,1300,0,2,4,,2,46,DOGWOOD ROAD,RALPH ROAD,0,,Y,A,-,N,,,,,,,,,,Y,3,0,1,3,A,-,12,22450,A,N,D,C,A,A,H,-,A,A,0,,,,Y,Y,,D,22,0,1,0,0,0,0,0,0,0,- ,- ,32.86918,-115.53558,IMPERIAL,UNINCORPORATED,-115.5355701,32.86915005
90360790,2016,1/4/2017,9625,12/29/2016,1734,18464,,4,2,9,1300,0,1,3,,2,53,SR-111 (S/B),HEBER ROAD,1807,N,N,A,-,Y,,,111,,,,,,,Y,3,0,3,5,A,-,3,22350,,M,C,C,A,A,H,-,A,D,0,,,,,Y,,A,7,0,1,2,0,0,0,0,0,0,- ,- ,32.73571,-115.50061,IMPERIAL,UNINCORPORATED,-115.5005119,32.73571183
90362835,2017,2/28/2017,9620,1/4/2017,625,15941,,3,1,9,1300,0,1,3,,1,62,SR-186,INTERSTATE 8,1056,S,N,B,-,Y,,,186,,,,,,,Y,3,0,2,2,A,-,9,21801,A,N,D,A,A,A,H,-,A,A,0,,,,,Y,,A,7,0,1,1,0,0,0,0,0,0,- ,- ,32.74065,-114.72,IMPERIAL,UNINCORPORATED,-114.7200613,32.74062249
90414524,2017,3/17/2017,9625,3/8/2017,430,18792,,3,3,9,1300,0,1,1,,2,1,I 8 E/B,MOUNTAIN SPRINGS ROAD,14045,E,N,A,-,Y,,,8,,,,,,E,Y,4,0,1,1,A,-,1,23152,A,N,E,I,A,A,H,-,D,D,0,,,,,Y,Y,A,1,0,0,1,0,0,0,0,0,0,- ,- ,32.68807,-116.06489,IMPERIAL,UNINCORPORATED,-116.0649016,32.68807485
90781550,2018,7/31/2018,9620,7/29/2018,1913,20738,Quech,7,2,9,1300,0,3,5,,2,70,ROSS ROAD,PICACHO RD,154,E,N,B,-,N,,,,,,,,,,Y,4,0,1,1,A,-,8,22107,,N,E,I,A,A,H,-,B,D,0,,,,,Y,,D,22,0,0,1,0,0,0,0,0,0,- ,- ,32.78173828,-114.6164627,IMPERIAL,UNINCORPORATED,-114.6160049,32.78192139
90968177,2019,4/15/2019,9625,3/30/2019,1600,18617,,6,2,9,1300,0,3,5,,2,10,SERVICE RD.,MARINA DR.,200,W,N,A,-,N,,,,,,,,,,N,3,0,1,2,A,-,8,22107,,F,B,C,A,A,H,-,A,D,0,,Y,,,Y,,-,99,0,1,0,0,0,0,1,0,0,- ,- ,33.28030014,-115.9655991,IMPERIAL,UNINCORPORATED,-115.982338,33.30257034
91257406,2020,6/25/2020,9625,6/20/2020,341,18468,,6,3,9,1300,0,1,1,,2,5,INTERSTATE 8 (E/B),STATE ROUTE 115,205,W,N,A,-,Y,,,8,,,,,,,Y,3,0,1,1,A,-,1,23152,A,N,E,I,A,A,H,-,D,D,0,,,,,Y,Y,A,1,0,1,0,0,0,0,0,0,0,- ,- ,32.77291107,-115.2863007,IMPERIAL,UNINCORPORATED,-115.286293,32.77297211
91338205,2020,11/3/2020,9625,10/25/2020,152,22010,,7,3,9,1300,0,3,5,,2,50,BOWKER ROAD,MCCABE ROAD,204,S,N,G,-,N,,,,,,,,,,Y,2,0,4,1,A,-,1,23152,G,N,F,I,A,A,H,-,D,D,0,,,,,Y,Y,A,1,1,2,1,0,0,0,0,0,0,- ,- ,32.75106049,-115.4649124,IMPERIAL,UNINCORPORATED,-115.4650192,32.75155258
8198665,2016,1/5/2017,1304,12/12/2016,1337,327,EWEST,1,5,4,1304,0,0,0,,0,WEST,DOGWOOD,AURORA,433,N,N,A,-,N,,,,,,,,,,Y,4,0,1,4,A,-,3,22350,,N,C,C,A,A,H,-,A,D,0,,,,,Y,,D,22,0,0,1,0,0,0,0,0,0,- ,- ,,,IMPERIAL,EL CENTRO,-115.5353249,32.77901319
8957549,2019,10/22/2019,1304,8/25/2019,2048,331,EWES,7,5,4,1304,0,0,0,,0,WEST,IMPERIAL AV,HAMILTON AV,0,,Y,A,-,N,,,,,,,,,,Y,3,0,1,2,A,-,9,21801,A,N,D,C,A,A,H,-,C,D,0,,,,,Y,Y,-,,0,1,0,0,0,0,0,0,0,- ,- ,,,IMPERIAL,EL CENTRO,-115.5697784,32.78583908
90100168,2016,1/21/2016,9625,1/11/2016,2303,19668,,1,3,9,1300,0,1,3,,1,12,SR-86 N/B,BRAWLEY AVENUE,2040,S,N,A,-,Y,,,86,,,,,,N,Y,2,0,3,2,A,-,8,22107,,M,E,I,A,A,H,-,D,D,0,,,,Y,Y,,D,22,1,1,1,0,0,0,0,0,0,- ,- ,33.36873,-116.0226,IMPERIAL,UNINCORPORATED,-116.022352,33.36884924
90148826,2016,4/1/2016,9625,3/26/2016,1433,18468,,6,2,4,1304,0,1,1,,2,3,INTERSTATE 8 (E/B),DOGWOOD ROAD,1584,W,N,A,-,Y,,,8,,,,,,,Y,2,0,4,2,B,-,22,,,N,C,C,A,A,D,-,A,D,0,,,,,Y,,E,22,1,2,1,0,0,0,0,0,0,- ,- ,32.77369,-115.53516,IMPERIAL,EL CENTRO,-115.53516,32.77367798
90214535,2016,7/1/2016,9625,6/26/2016,1310,13781,,7,1,9,1300,0,1,1,,2,1,I-8 (EASTBOUND),SR-98,2587,W,N,A,-,Y,,,,,,,,,,Y,3,0,2,1,A,-,8,22107,,N,F,A,A,A,H,-,A,D,0,,,,,Y,,D,22,0,1,1,0,0,0,0,0,0,- ,- ,,,IMPERIAL,UNINCORPORATED,-115.0972352,32.71300553
90228561,2016,7/22/2016,9625,7/13/2016,1748,19582,,3,2,9,1300,0,2,4,,2,46,DOGWOOD ROAD,SCHARTZ ROAD,277,S,N,A,-,N,,,,,,,,,,Y,2,0,1,1,A,-,8,22107,,N,E,I,A,A,H,-,A,D,0,,,,,Y,Y,A,1,1,0,0,0,0,0,0,0,0,- ,- ,32.94238,-115.53451,IMPERIAL,UNINCORPORATED,-115.5355412,32.94103297
91604833,2021,10/25/2021,9620,10/19/2021,2350,19360,,2,3,9,1300,0,1,1,,2,81,INTERSTATE 8 WESTBOUND,OGILBY RD.,6864,W,N,A,-,Y,,,8,,,,,,W,Y,3,0,1,1,A,-,8,22107,,N,F,A,A,A,H,-,D,D,0,,,,,Y,,A,1,0,1,0,0,0,0,0,0,0,- ,- ,32.7552681,-114.8583679,IMPERIAL,UNINCORPORATED,-114.8584595,32.75545502
90324768,2016,3/8/2017,9625,11/8/2016,540,17727,,2,3,9,1300,0,1,3,,1,21,STATE ROUTE 111,DOWDEN ROAD,308,N,N,A,-,Y,,,111,,,,,,,Y,1,1,1,2,A,-,5,21460,A,N,A,C,A,A,H,-,D,D,0,,,Y,,Y,,A,7,0,1,0,0,0,0,0,1,0,- ,- ,33.09071,-115.51492,IMPERIAL,UNINCORPORATED,-115.5149078,33.09070777
90469950,2017,6/2/2017,9625,5/22/2017,1325,18368,,1,1,9,1300,0,1,3,,2,53,SR-111 (N/B),INTERSTATE 8 (E/B),1932,S,N,A,-,Y,,,111,,,,,,,Y,4,0,1,1,A,-,8,22107,,N,F,I,A,A,H,-,A,D,0,,,,,Y,,D,22,0,0,1,0,0,0,0,0,0,- ,- ,32.76974,-115.50086,IMPERIAL,UNINCORPORATED,-115.5010681,32.76973218
90632070,2017,1/3/2018,9625,12/21/2017,1133,13627,,4,1,9,1300,0,2,4,,2,46,DOGWOOD ROAD,N. MCCABE ROAD,80,S,N,A,-,N,,,,,,,,,,Y,3,0,2,2,A,-,4,21703,,N,C,C,A,A,H,-,A,A,0,,,,,Y,,A,1,0,2,0,0,0,0,0,0,0,- ,- ,32.75305,-115.53485,IMPERIAL,UNINCORPORATED,-115.5349136,32.7521518
90716354,2018,4/30/2018,9625,4/17/2018,1245,17432,,2,1,9,1300,0,3,5,,2,20,SINCLAIR ROAD,BRANDT ROAD,2640,E,N,A,-,N,,,,,,,,,,Y,4,0,1,2,A,-,8,22107,,N,D,C,A,A,H,-,A,D,0,,,,,Y,,D,22,0,0,1,0,0,0,0,0,0,- ,- ,33.17663956,-115.5535126,IMPERIAL,UNINCORPORATED,-115.5670395,33.17660904
90881675,2018,12/12/2018,9625,12/9/2018,2100,19667,,7,2,9,1300,0,1,3,,2,52,SR-98,MAGGIO ROAD,356,W,N,A,-,Y,,,98,,,,,,,Y,4,0,1,2,A,-,9,21804,A,N,D,C,A,A,H,-,D,D,0,,,,,Y,,E,22,0,0,1,0,0,0,0,0,0,- ,- ,32.69387817,-115.3969727,IMPERIAL,UNINCORPORATED,-115.3969727,32.69374084
90969369,2019,4/17/2019,9625,4/7/2019,430,22010,,7,3,9,1300,0,1,3,,2,43,SR-86 E/B,DOGWOOD ROAD,2904,W,N,A,-,Y,,,,,,,,,,Y,3,0,1,1,A,-,1,23152,A,N,E,I,A,A,H,-,C,D,0,,,,,Y,Y,A,1,0,1,0,0,0,0,0,0,0,- ,- ,32.73072815,-115.5440826,IMPERIAL,UNINCORPORATED,,
8045635,2016,5/26/2016,1304,4/21/2016,1854,326,6,4,5,4,1304,0,0,0,,0,EAST,OLIVE,7TH,144,E,N,A,-,N,,,,,,,,,,N,4,0,1,2,A,-,9,21804,A,N,D,G,A,A,H,-,A,D,0,,Y,,,Y,Y,L,4,0,0,1,0,0,0,1,0,0,- ,- ,,,IMPERIAL,EL CENTRO,-115.5586541,32.79075