CASE_ID,ACCIDENT_YEAR,PROC_DATE,JURIS,COLLISION_DATE,COLLISION_TIME,OFFICER_ID,REPORTING_DISTRICT,DAY_OF_WEEK,CHP_SHIFT,POPULATION,CNTY_CITY_LOC,SPECIAL_COND,BEAT_TYPE,CHP_BEAT_TYPE,CITY_DIVISION_LAPD,CHP_BEAT_CLASS,BEAT_NUMBER,PRIMARY_RD,SECONDARY_RD,DISTANCE,DIRECTION,INTERSECTION,WEATHER_1,WEATHER_2,STATE_HWY_IND,CALTRANS_COUNTY,CALTRANS_DISTRICT,STATE_ROUTE,ROUTE_SUFFIX,POSTMILE_PREFIX,POSTMILE,LOCATION_TYPE,RAMP_INTERSECTION,SIDE_OF_HWY,TOW_AWAY,COLLISION_SEVERITY,NUMBER_KILLED,NUMBER_INJURED,PARTY_COUNT,PRIMARY_COLL_FACTOR,PCF_CODE_OF_VIOL,PCF_VIOL_CATEGORY,PCF_VIOLATION,PCF_VIOL_SUBSECTION,HIT_AND_RUN,TYPE_OF_COLLISION,MVIW,PED_ACTION,ROAD_SURFACE,ROAD_COND_1,ROAD_COND_2,LIGHTING,CONTROL_DEVICE,CHP_ROAD_TYPE,PEDESTRIAN_ACCIDENT,BICYCLE_ACCIDENT,MOTORCYCLE_ACCIDENT,TRUCK_ACCIDENT,NOT_PRIVATE_PROPERTY,ALCOHOL_INVOLVED,STWD_VEHTYPE_AT_FAULT,CHP_VEHTYPE_AT_FAULT,COUNT_SEVERE_INJ,COUNT_VISIBLE_INJ,COUNT_COMPLAINT_PAIN,COUNT_PED_KILLED,COUNT_PED_INJURED,COUNT_BICYCLIST_KILLED,COUNT_BICYCLIST_INJURED,COUNT_MC_KILLED,COUNT_MC_INJURED,PRIMARY_RAMP,SECONDARY_RAMP,LATITUDE,LONGITUDE,COUNTY,CITY,POINT_X,POINT_Y
90621311,2017,12/20/2017,9625,12/13/2017,1601,18279,,3,2,9,1300,0,2,4,,2,46,DOGWOOD RD S/B,MCCABE ROAD,0,,Y,A,-,N,,,,,,,,,,Y,4,0,1,1,A,-,8,22107,,N,F,A,A,A,H,-,B,A,0,,,,,Y,,A,7,0,0,1,0,0,0,0,0,0,- ,- ,32.75237,-115.53489,IMPERIAL,UNINCORPORATED,-115.53493,32.75237004
90637131,2018,1/10/2018,9625,1/4/2018,600,16248,,4,1,9,1300,0,2,4,,2,57,MELOLAND ROAD,EVAN HEWES HIGHWAY,0,,Y,A,-,N,,,,,,,,,,Y,4,0,2,2,A,-,9,21802,A,N,D,C,A,A,H,-,B,A,0,,,,,Y,,A,1,0,0,2,0,0,0,0,0,0,- ,- ,32.80295181,-115.4478531,IMPERIAL,UNINCORPORATED,-115.4479904,32.80332947
90685128,2018,3/19/2018,9625,3/18/2018,355,19668,,7,3,9,1300,0,1,1,,2,4,I-8 W/B OFF-RAMP TO FORRESTER ROAD,I-8 W/B,342,N,N,A,-,Y,,,8,,,,R,,W,Y,3,0,1,1,A,-,8,22107,,N,E,I,A,A,H,-,C,D,0,,,,,Y,,A,1,0,1,0,0,0,0,0,0,0,- ,- ,32.7751503,-115.6209869,IMPERIAL,UNINCORPORATED,-115.6209869,32.7751503
90691586,2018,3/28/2018,9625,3/21/2018,1110,13627,,3,1,9,1300,0,1,1,,2,6,INTERSTATE 8 (W/B),DOGWOOD ROAD,2587,E,N,A,-,Y,,,8,,,,,,,Y,4,0,1,1,C,-,18,,,N,F,A,A,A,H,-,A,D,0,,,,,Y,,-,- ,0,0,1,0,0,0,0,0,0,- ,- ,32.77413177,-115.5266495,IMPERIAL,UNINCORPORATED,-115.5266495,32.77398682
90727090,2018,5/15/2018,9625,5/3/2018,1730,22010,,4,2,9,1300,0,1,3,,1,54,SR-111 S/B,HARRIS ROAD,2112,N,N,A,-,Y,,,111,,,,,,S,Y,4,0,2,1,A,-,8,22107,,N,F,A,A,A,H,-,A,D,0,,,,,Y,,A,7,0,0,2,0,0,0,0,0,0,- ,- ,32.88824844,-115.5091782,IMPERIAL,UNINCORPORATED,-115.5091476,32.88824844
90746241,2018,6/12/2018,9625,6/3/2018,2150,22010,,7,2,9,1300,0,1,1,,2,3,INTERSTATE 8 E/B,DUNAWAY ROAD,17424,W,N,A,-,Y,,,8,,,,,,E,Y,4,0,1,2,A,-,3,22350,,N,C,C,A,A,H,-,B,D,0,,,,,Y,,A,1,0,0,1,0,0,0,0,0,0,- ,- ,32.75790024,-115.8569717,IMPERIAL,UNINCORPORATED,-115.856987,32.75802994
90757691,2018,6/28/2018,9620,6/22/2018,350,18290,,5,3,9,1300,0,1,3,,1,63,SR-78 E/B,MIDWAY WELL RD,8448,E,N,A,-,Y,,,78,,,,,,E,Y,4,0,1,1,A,-,8,22107,,N,F,A,A,A,H,-,D,D,0,,,,,Y,,A,7,0,0,1,0,0,0,0,0,0,- ,- ,33.23608017,-114.8379669,IMPERIAL,UNINCORPORATED,-114.8380203,33.23616028
90766620,2018,7/10/2018,9625,6/30/2018,430,20704,,6,3,9,1300,0,3,5,,2,50,OLD HIGHWAY 111,ATEN ROAD,2640,S,N,A,-,Y,,,,,,,,,,Y,3,0,1,1,A,-,1,23152,A,N,E,I,A,A,H,-,D,D,0,,,,,Y,Y,A,1,0,1,0,0,0,0,0,0,0,- ,- ,32.81811142,-115.5013199,IMPERIAL,UNINCORPORATED,-115.5013046,32.81855774
90776594,2018,7/25/2018,9625,5/29/2018,2040,17809,,2,2,9,1300,0,3,5,,2,10,GENTRY ROAD,LINDSEY ROAD,0,,Y,A,-,N,,,,,,,,,,Y,1,1,1,3,A,-,1,23152,A,N,B,C,E,A,H,-,D,D,0,Y,,,Y,Y,Y,D,22,0,1,0,1,0,0,0,0,0,- ,- ,33.14754105,-115.614357,IMPERIAL,UNINCORPORATED,-115.6143494,33.14754868
90779140,2018,7/27/2018,9625,7/19/2018,905,17055,,4,1,9,1300,0,1,3,,1,12,SR-86 (N/B),COOMBS ROAD,6103,S,N,A,-,Y,,,86,,,,,,,Y,3,0,1,1,A,-,8,22107,,N,F,A,A,A,H,-,A,A,0,,,,,Y,,D,22,0,1,0,0,0,0,0,0,0,- ,- ,33.30863953,-115.9861603,IMPERIAL,UNINCORPORATED,-115.9860535,33.30872726
90790653,2018,8/14/2018,9625,8/11/2018,1443,18792,,6,2,9,1300,0,1,3,,1,21,SR 111 N/B,SIXTH STREET,10,N,N,A,-,Y,,,111,,,,,,N,Y,3,0,1,1,A,-,8,22107,,N,E,I,A,A,H,-,A,D,0,,,,,Y,,A,1,0,1,0,0,0,0,0,0,0,- ,- ,33.23585892,-115.5192108,IMPERIAL,UNINCORPORATED,-115.5190735,33.23585892
9079395,2020,6/26/2020,1304,2/28/2020,2310,357,ELCE,5,5,4,1304,0,0,0,,0,WEST,VINE,VINE 858,0,,-,A,-,N,,,,,,,,,,N,4,0,1,2,A,-,3,22350,,N,A,E,A,A,H,-,C,D,0,,,,,Y,,A,1,0,0,1,0,0,0,0,0,0,- ,- ,32.78499985,-115.5626831,IMPERIAL,EL CENTRO,,
90804933,2018,9/4/2018,9625,5/11/2018,1030,22010,,5,1,9,1300,0,1,1,,2,3,"INTERSTATE 8, E/B",DUNAWAY ROAD,14784,W,N,G,-,Y,,,8,,,,,,E,Y,1,2,7,1,A,-,8,22107,,N,F,A,A,A,H,-,A,D,0,,,,,Y,,B,7,7,0,0,0,0,0,0,0,0,- ,- ,32.75915909,-115.8493423,IMPERIAL,UNINCORPORATED,-115.84935,32.75922775
90850324,2018,10/31/2018,9625,10/27/2018,955,20111,,6,1,9,1300,0,3,5,,2,50,CORRELL ROAD,DOGWOOD ROAD,12,E,N,A,-,N,,,,,,,,,,N,4,0,1,2,A,-,3,22350,,N,C,C,A,A,H,-,A,A,0,,,,,Y,,A,1,0,0,1,0,0,0,0,0,0,- ,- ,32.73830032,-115.534111,IMPERIAL,UNINCORPORATED,-115.5345535,32.73791885
90851611,2018,11/2/2018,9625,10/25/2018,2036,18773,,4,2,9,1300,0,1,3,,2,53,SR-111 SOUTHBOUND,MCCABE ROAD,51,N,N,A,-,Y,,,111,,,,,,S,Y,3,0,2,2,A,-,3,22350,,N,C,C,A,A,A,-,C,A,0,,,,,Y,,A,1,0,1,1,0,0,0,0,0,0,- ,- ,32.75268936,-115.5008774,IMPERIAL,UNINCORPORATED,-115.5007629,32.75268936
90858297,2018,11/12/2018,9625,11/5/2018,1836,18464,,1,2,9,1300,0,1,3,,1,11,SR-86 (S/B),LACK ROAD,1149,S,N,A,-,Y,,,86,,,,,,,Y,2,0,1,2,A,-,3,22350,,N,C,C,A,A,H,-,A,D,0,,,,,Y,,A,1,1,0,0,0,0,0,0,0,0,- ,- ,33.03707886,-115.6435699,IMPERIAL,UNINCORPORATED,-115.6435699,33.03702164
90861270,2018,11/15/2018,9625,11/13/2018,2205,20263,,2,3,9,1300,0,1,1,,2,5,"I-8, E/B",BOWKER ROAD,8,W,N,A,-,Y,,,8,,,,,,E,Y,3,0,1,1,A,-,8,22107,,N,F,A,A,A,H,-,D,D,0,,,,,Y,,A,1,0,1,0,0,0,0,0,0,0,- ,- ,32.77334976,-115.473999,IMPERIAL,UNINCORPORATED,-115.473999,32.77346802
90879643,2018,12/10/2018,9625,12/2/2018,2220,20263,,7,3,9,1300,0,1,3,,2,25,SR-78,IMP MPM 30,2640,E,N,A,-,Y,,,78,,,,,,,Y,3,0,1,1,A,-,1,23152,F,N,F,A,A,A,H,-,D,D,0,,,,,Y,,A,1,0,1,0,0,0,0,0,0,0,- ,- ,32.9704895,-115.2513885,IMPERIAL,UNINCORPORATED,-115.2513885,32.97053528
90900702,2018,1/9/2019,9625,12/28/2018,1008,18464,,5,1,9,1300,0,3,5,,2,40,AUSTIN ROAD,KEYSTONE ROAD,1584,S,N,A,-,N,,,,,,,,,,Y,3,0,1,1,A,-,8,22107,,N,E,I,A,A,H,-,A,D,0,,,,,Y,,A,1,0,1,0,0,0,0,0,0,0,- ,- ,32.90813828,-115.5948105,IMPERIAL,UNINCORPORATED,-115.5949173,32.9082222
90912584,2019,1/25/2019,9625,1/21/2019,2000,17809,,1,2,9,1300,0,1,3,,1,11,STATE ROUTE 86 N/B,BARTH ROAD,256,S,N,A,-,Y,,,86,,,,,,N,Y,2,0,2,1,A,-,8,22107,,N,F,A,A,A,H,-,D,A,0,,,,,Y,,D,22,2,0,0,0,0,0,0,0,0,- ,- ,33.09001923,-115.7702408,IMPERIAL,UNINCORPORATED,-115.7700653,33.09038925
90932943,2019,2/25/2019,9625,2/13/2019,755,17432,,3,1,9,1300,0,1,3,,1,54,STATE ROUTE 111 N/B,ATEN ROAD,1954,S,N,A,-,Y,,,111,,,,,,N,N,4,0,1,3,A,-,3,22350,,N,C,C,A,A,H,-,A,D,0,,,,,Y,,D,22,0,0,1,0,0,0,0,0,0,- ,- ,32.82040024,-115.5001678,IMPERIAL,UNINCORPORATED,-115.5002823,32.82040024
90935575,2019,2/27/2019,9625,2/17/2019,520,17727,,7,3,9,1300,0,3,5,,2,20,AVENUE C,1ST ST,170,S,N,A,-,N,,,,,,,,,,Y,2,0,1,1,A,-,1,23152,A,N,A,I,A,A,H,-,D,D,0,,,,,Y,,A,1,1,0,0,0,0,0,0,0,0,- ,- ,33.35403824,-115.7316971,IMPERIAL,UNINCORPORATED,-115.7317581,33.35383606
9096433,2020,9/17/2020,1304,4/28/2020,745,335,EWEST,2,5,4,1304,0,0,0,,0,WEST,CLARK RD,VALLEYVIEW,450,S,N,A,-,N,,,,,,,,,,N,2,0,2,3,A,-,3,22350,,N,C,G,A,A,H,-,A,D,0,,Y,,,Y,,A,1,1,1,0,0,0,0,2,0,0,- ,- ,,,IMPERIAL,EL CENTRO,-115.5607986,32.758461
90984509,2019,5/8/2019,9625,4/26/2019,15,20111,,5,3,9,1300,0,3,5,,2,40,HARRIS ROAD,SR-86,2440,W,N,A,-,N,,,,,,,,,,Y,4,0,2,1,A,-,8,22107,,N,E,I,A,A,H,-,D,D,0,,,,,Y,Y,A,7,0,0,2,0,0,0,0,0,0,- ,- ,32.88354874,-115.5860596,IMPERIAL,UNINCORPORATED,-115.5782166,32.8835907
91017119,2019,6/25/2019,9625,6/13/2019,2042,19035,,4,2,9,1300,0,3,5,,2,50,KLOKE ROAD,WILLOUGHBY ROAD,0,,Y,A,-,N,,,,,,,,,,Y,3,0,3,1,A,-,3,22350,,F,E,I,A,A,H,-,D,D,0,,,,,Y,,A,7,0,2,1,0,0,0,0,0,0,- ,- ,32.70830154,-115.5171967,IMPERIAL,UNINCORPORATED,-115.5179214,32.70851135
91021727,2019,7/1/2019,9625,6/22/2019,630,18279,,6,1,9,1300,0,1,3,,2,25,SR-78,OGILBY RD,8448,W,N,A,-,Y,,,78,,,,,,,Y,3,0,2,3,A,-,5,21460,A,N,B,C,A,A,H,-,A,D,0,,,,,Y,,A,1,0,2,0,0,0,0,0,0,0,- ,- ,33.07949829,-114.9384003,IMPERIAL,UNINCORPORATED,-114.9383926,33.07946777
9106600,2020,6/30/2020,1301,3/31/2020,1654,908,BRAWL,2,5,3,1301,0,0,0,,0,0B3,MAIN ST,CESAR CHAVEZ ST,86,W,N,A,-,N,,,,,,,,,,Y,3,0,2,3,A,-,9,21801,,N,D,C,A,A,H,-,A,A,0,,,,,Y,,A,1,0,1,1,0,0,0,0,0,0,- ,- ,,,IMPERIAL,BRAWLEY,-115.52668,32.97863007
91066462,2019,9/3/2019,9625,8/23/2019,1940,17809,,5,2,9,1300,0,1,1,,2,3,INTERSTATE 8 E/B,WESTSIDE ROAD,3124,W,N,A,-,Y,,,8,,,,,,E,Y,2,0,3,1,A,-,1,23152,A,N,F,A,A,A,H,-,D,D,0,,,,,Y,Y,A,7,3,0,0,0,0,0,0,0,0,- ,- ,32.77355957,-115.7444992,IMPERIAL,UNINCORPORATED,-115.7444839,32.77347565
91083891,2019,9/26/2019,9625,9/19/2019,555,19667,,4,3,9,1300,0,2,4,,2,47,FORRESTER ROAD,EVAN HEWES HIGHWAY,228,N,N,A,-,N,,,,,,,,,,Y,4,0,2,2,A,-,3,22350,,N,C,C,A,A,H,-,B,A,0,,,,,Y,,A,1,0,0,2,0,0,0,0,0,0,- ,- ,32.79738998,-115.6209869,IMPERIAL,UNINCORPORATED,-115.6207886,32.79718399
91088093,2019,10/1/2019,9625,9/28/2019,1201,16248,,6,1,9,1300,0,3,5,,2,40,ATEN ROAD,GULLET ROAD,0,,Y,B,-,N,,,,,,,,,,N,2,0,1,1,A,-,8,22107,,N,F,A,A,A,B,-,A,D,0,,,Y,,Y,,C,2,1,0,0,0,0,0,0,0,1,- ,- ,32.82564163,-115.63797,IMPERIAL,UNINCORPORATED,-115.6378784,32.82556915
91090936,2019,10/4/2019,9625,9/27/2019,2010,18464,,5,2,9,1300,0,1,3,,2,53,SR-111 (S/B),HEBER ROAD,645,N,N,A,-,Y,,,111,,,,,,,N,4,0,1,2,A,-,3,22350,,N,C,C,A,A,H,-,C,A,0,,,,,Y,,A,1,0,0,1,0,0,0,0,0,0,- ,- ,32.73249054,-115.5005493,IMPERIAL,UNINCORPORATED,-115.5004501,32.73249054
91103518,2019,10/23/2019,9625,10/11/2019,1550,18464,,5,2,9,1300,0,1,3,,2,53,SR-111 (S/B),HEBER ROAD,600,N,N,A,-,Y,,,111,,,,,,,N,4,0,2,2,A,-,3,22350,,M,C,C,A,A,H,-,A,D,0,,,,,Y,,A,7,0,0,2,0,0,0,0,0,0,- ,- ,32.73237991,-115.5005188,IMPERIAL,UNINCORPORATED,-115.5004425,32.73237991
91119665,2019,11/13/2019,9625,11/7/2019,2005,18773,,4,2,9,1300,0,1,3,,1,54,SR-111 NORTHBOUND,EVAN HEWES HIGHWAY,0,,Y,A,-,Y,,,111,,,,,,N,N,4,0,1,2,A,-,8,22107,,M,B,C,A,A,H,-,C,A,0,,,,,Y,,A,1,0,0,1,0,0,0,0,0,0,- ,- ,32.79949951,-115.5004425,IMPERIAL,UNINCORPORATED,-115.5006027,32.7995224
91122945,2019,11/18/2019,9625,11/8/2019,2245,20516,,5,3,9,1300,0,3,5,,2,50,DANENBERG ROAD,PITZER ROAD,30,W,N,A,-,N,,,,,,,,,,Y,2,0,2,2,A,-,1,23152,A,N,C,C,A,A,H,-,D,A,0,,,,,Y,Y,A,1,1,1,0,0,0,0,0,0,0,- ,- ,32.76691055,-115.5177536,IMPERIAL,UNINCORPORATED,-115.5178375,32.76691437
91124075,2019,11/19/2019,9625,11/9/2019,1718,18464,,6,2,9,1300,0,2,4,,2,47,FORRESTER ROAD,EVAN HEWES HIGHWAY,105,N,N,A,-,N,,,,,,,,,,Y,4,0,2,3,A,-,1,23152,A,F,C,C,A,A,H,-,C,A,0,,,,,Y,Y,D,22,0,0,2,0,0,0,0,0,0,- ,- ,32.79693985,-115.6208191,IMPERIAL,UNINCORPORATED,-115.6207886,32.7968483
91141507,2019,12/11/2019,9625,12/7/2019,1153,18464,,6,1,9,1300,0,2,4,,2,45,EVAN HEWES HIGHWAY,BENNETT ROAD,800,W,N,B,-,N,,,,,,,,,,Y,4,0,4,2,A,-,3,22350,,N,C,C,A,B,H,-,A,D,0,,,,,Y,,A,1,0,0,4,0,0,0,0,0,0,- ,- ,32.79661179,-115.6750793,IMPERIAL,UNINCORPORATED,-115.6748428,32.79655075
91143409,2019,12/13/2019,9625,12/3/2019,1750,22010,,2,2,9,1300,0,1,3,,1,54,SR-111 N/B,EVAN HEWES HIGHWAY,510,S,N,A,-,Y,,,111,,,,,,N,Y,4,0,4,3,A,-,3,22350,,N,C,C,A,A,H,-,C,A,0,,,,,Y,,A,7,0,0,4,0,0,0,0,0,0,- ,- ,32.79848099,-115.500618,IMPERIAL,UNINCORPORATED,-115.5006256,32.79848099
91178631,2020,2/3/2020,9625,1/25/2020,1255,16248,,6,1,9,1300,0,1,3,,2,53,SR-111 N/B,MCCABE ROAD,35,S,N,A,-,Y,,,111,,,,,,N,Y,4,0,1,2,A,-,3,22350,,N,C,C,A,A,H,-,A,A,0,,,,,Y,,A,1,0,0,1,0,0,0,0,0,0,- ,- ,32.75212097,-115.5004501,IMPERIAL,UNINCORPORATED,-115.5007553,32.75211716
91188438,2020,2/18/2020,9625,2/9/2020,2025,20516,,7,2,9,1300,0,3,5,,2,50,ZENOS ROAD,STATE ROUTE 115,201,E,N,B,-,N,,,,,,,,,,Y,4,0,1,1,A,-,8,22107,,N,E,I,A,A,H,-,D,D,0,,,,,Y,,A,1,0,0,1,0,0,0,0,0,0,- ,- ,32.81124115,-115.4054794,IMPERIAL,UNINCORPORATED,-115.4054642,32.81118393
91201927,2020,3/4/2020,9625,3/1/2020,1920,18930,,7,2,9,1300,0,1,3,,2,52,SR-98,HOLDRIDGE ROAD,43296,E,N,A,G,Y,,,98,,,,,,,Y,2,0,2,1,A,-,8,22107,,N,E,I,A,A,H,-,D,D,0,,,,,Y,,A,1,1,0,1,0,0,0,0,0,0,- ,- ,32.70999908,-115.1351013,IMPERIAL,UNINCORPORATED,-115.1351013,32.70997238
91210472,2020,3/17/2020,9625,3/11/2020,1835,18279,,3,2,9,1300,0,1,3,,1,54,SR-111 S/B,WORTHINGTON ROAD,56,S,N,A,-,Y,,,111,,,,,,S,Y,4,0,1,1,A,-,8,22107,,N,E,I,A,A,H,-,B,A,0,,,,,Y,,A,1,0,0,1,0,0,0,0,0,0,- ,- ,32.84712982,-115.5077209,IMPERIAL,UNINCORPORATED,-115.5075607,32.84719849
91220136,2020,4/6/2020,9620,2/4/2020,1552,19291,Quech,2,2,9,1300,0,2,4,,1,75,S-24 PICACHO ROAD (700 BLOCK),ARNOLD RD,1056,N,N,A,G,Y,,,,,,,,,,Y,1,1,0,2,A,-,16,24002,A,N,F,A,E,A,H,-,A,D,0,Y,,,,Y,,D,22,0,0,0,1,0,0,0,0,0,- ,- ,32.75577927,-114.6160507,IMPERIAL,UNINCORPORATED,,
91226815,2020,4/17/2020,9625,4/11/2020,925,16248,,6,1,9,1300,0,2,4,,2,47,FORRESTER ROAD,WIENERT ROAD,3402,S,N,A,-,N,,,,,,,,,,Y,2,0,1,1,A,-,8,22107,,N,E,I,A,A,H,-,A,D,0,,,,,Y,,D,22,1,0,0,0,0,0,0,0,0,- ,- ,32.85979843,-115.620842,IMPERIAL,UNINCORPORATED,-115.6208038,32.85990143
91234602,2020,5/6/2020,9625,5/3/2020,1939,20054,,7,2,9,1300,0,3,5,,2,20,BEST ROAD,RUTHERFORD ROAD,180,S,N,A,-,N,,,,,,,,,,Y,2,0,3,1,A,-,1,23152,A,N,F,I,A,A,H,-,B,D,0,,,,,Y,,D,22,1,2,0,0,0,0,0,0,0,- ,- ,33.04394913,-115.5093231,IMPERIAL,UNINCORPORATED,-115.5092621,33.04400635
91240258,2020,5/20/2020,9625,5/20/2020,650,16248,,3,1,9,1300,0,3,5,,2,50,CASEY ROAD,WORTHINGTON ROAD,0,,Y,A,-,N,,,,,,,,,,Y,3,0,1,2,A,-,9,21802,A,N,D,C,A,A,H,-,A,A,0,,,,,Y,,D,22,0,1,0,0,0,0,0,0,0,- ,- ,32.84732819,-115.423378,IMPERIAL,UNINCORPORATED,-115.4233398,32.84730148
9125464,2020,9/17/2020,1304,7/4/2020,1128,363,ESCO,6,5,4,1304,0,0,0,,0,WEST,IMPERIAL,BRADSHAW,0,,Y,A,-,N,,,,,,,,,,Y,3,0,1,2,A,-,9,21453,C,N,B,C,A,A,H,-,A,A,0,,,,,Y,Y,A,1,0,1,0,0,0,0,0,0,0,- ,- ,,,IMPERIAL,EL CENTRO,,
91324774,2020,10/15/2020,9625,10/7/2020,1225,16248,,3,1,9,1300,0,1,3,,1,54,SR-111 NORTHBOUND,HEBER ROAD,672,S,N,A,-,Y,,,111,,,,,,N,Y,4,0,1,2,A,-,3,22350,,N,C,C,A,A,H,-,A,A,0,,,,,Y,,A,1,0,0,1,0,0,0,0,0,0,- ,- ,32.72901154,-115.5003128,IMPERIAL,UNINCORPORATED,-115.5003815,32.72900772
91334110,2020,10/29/2020,9620,10/22/2020,1010,19333,,4,1,9,1300,0,1,3,,1,63,SR-78,BUTLER RD,2112,N,N,A,-,Y,,,78,,,,,,,Y,4,0,1,1,A,-,8,22107,,N,F,A,A,A,H,-,A,D,0,,,,,Y,,A,7,0,0,1,0,0,0,0,0,0,- ,- ,33.40948105,-114.7310028,IMPERIAL,UNINCORPORATED,-114.7313309,33.40946198
91346410,2020,1/5/2021,9625,11/5/2020,536,16248,,4,3,9,1300,0,1,3,,2,52,SR-98,DAVID NAVARRO AVENUE,1541,W,N,A,-,Y,,,98,,,,,,,Y,4,0,1,2,A,-,8,22107,,N,B,C,A,A,H,-,B,D,0,,,,,Y,,D,22,0,0,1,0,0,0,0,0,0,- ,- ,32.67926025,-115.5240173,IMPERIAL,UNINCORPORATED,-115.5240173,32.67924118
91386837,2021,1/13/2021,9625,1/13/2021,812,16248,,3,1,9,1300,0,1,3,,1,54,SR-111 S/B,EVAN HEWES HIGHWAY,80,N,N,A,-,Y,,,111,,,,,,S,N,4,0,1,2,A,-,21,22106,,N,C,C,A,A,H,-,A,A,0,,,,Y,Y,,G,26,0,0,1,0,0,0,0,0,0,- ,- ,32.79994965,-115.5007095,IMPERIAL,UNINCORPORATED,-115.5005646,32.79994583
91390768,2021,1/19/2021,9625,1/10/2021,1250,18368,,7,1,9,1300,0,1,3,,1,44,SR-86 S/B,KEYSTONE ROAD,0,,Y,A,-,Y,,,86,,,,,,S,Y,3,0,1,2,A,-,12,21453,A,N,D,C,A,A,H,-,A,A,0,,,,,Y,,A,1,0,1,0,0,0,0,0,0,0,- ,- ,32.91257095,-115.5699387,IMPERIAL,UNINCORPORATED,-115.5700607,32.91256332
91394661,2021,1/26/2021,9625,1/22/2021,1146,19035,,5,1,9,1300,0,1,1,,2,4,INTERSTATE 8 W/B,DUNAWAY ROAD,5808,W,N,A,-,Y,,,8,,,,,,W,Y,3,0,1,1,A,-,8,22107,,N,F,A,A,A,H,-,A,D,0,,,Y,,Y,,C,2,0,1,0,0,0,0,0,0,1,- ,- ,32.76480103,-115.8220978,IMPERIAL,UNINCORPORATED,-115.8220901,32.76473236
91403573,2021,2/5/2021,9625,2/1/2021,1109,18368,,1,1,9,1300,0,1,1,,2,3,I-8 E/B,DUNAWAY ROAD,7867,E,N,A,-,Y,,,8,,,,,,E,Y,3,0,1,1,A,-,8,22107,,N,E,I,A,A,H,-,A,D,0,,,,,Y,,A,1,0,1,0,0,0,0,0,0,0,- ,- ,32.77299881,-115.7757111,IMPERIAL,UNINCORPORATED,-115.7757111,32.77306747
91467250,2021,5/6/2021,9625,5/1/2021,1222,18468,,6,1,9,1300,0,1,3,,2,14,STATE ROUTE 78 (E/B),OLD HIGHWAY 111,1879,W,N,A,-,Y,,,78,,,,,,,N,3,0,1,2,A,-,7,21658,A,N,B,C,A,A,H,-,A,D,0,,,,Y,Y,,G,25,0,1,0,0,0,0,0,0,0,- ,- ,33.00183868,-115.5324097,IMPERIAL,UNINCORPORATED,-115.5324097,33.00183868
91479259,2021,5/27/2021,9620,5/19/2021,900,18028,,3,1,9,1300,0,1,1,,2,81,I-8 W/B,ALL AMERICAN CANAL,1056,W,N,A,-,Y,,,8,,,,,,W,Y,3,0,1,1,A,-,1,23152,F,N,E,I,A,A,H,-,A,D,0,,,,,Y,,A,7,0,1,0,0,0,0,0,0,0,- ,- ,32.74887085,-114.8730469,IMPERIAL,UNINCORPORATED,-114.8727951,32.74835205
91480952,2021,5/27/2021,9625,5/20/2021,1425,19668,,4,2,9,1300,0,1,3,,2,52,SR-98,BONESTEELE ROAD,816,E,N,A,-,Y,,,98,,,,,,,Y,3,0,2,2,A,-,3,22350,,N,D,C,A,A,H,-,A,D,0,,,,,Y,,A,1,0,2,0,0,0,0,0,0,0,- ,- ,32.69430161,-115.3068771,IMPERIAL,UNINCORPORATED,-115.3068771,32.69441986
91500703,2021,6/18/2021,9625,6/10/2021,105,22010,,4,3,9,1300,0,1,3,,1,42,SR-98,FERRELL ROAD,15,E,N,A,-,Y,,,98,,,,,,,Y,3,0,2,1,A,-,8,22107,,N,E,I,A,A,H,-,D,D,0,,,,,Y,,A,1,0,2,0,0,0,0,0,0,0,- ,- ,32.67919159,-115.5855026,IMPERIAL,UNINCORPORATED,-115.5855026,32.67919159
91523525,2021,7/19/2021,9625,7/7/2021,2300,20738,,3,3,9,1300,0,1,1,,2,3,I-8 EASTBOUND,IMPERIAL HIGHWAY,23971,E,N,A,-,Y,,,8,,,,,,E,N,3,0,4,1,A,-,8,22107,,N,E,I,A,A,H,-,D,D,0,,,,,Y,,A,1,0,1,3,0,0,0,0,0,0,- ,- ,32.74884033,-115.9183426,IMPERIAL,UNINCORPORATED,-115.9183426,32.74885941
91525853,2021,7/21/2021,9625,7/10/2021,1228,18933,,6,1,9,1300,0,1,3,,1,11,SR-86,KALIN ROAD,0,,Y,A,-,Y,,,86,,,,,,,Y,3,0,3,2,A,-,9,21802,A,N,D,C,A,A,H,-,A,A,0,,,,,Y,,D,22,0,3,0,0,0,0,0,0,0,- ,- ,32.98492813,-115.5780106,IMPERIAL,UNINCORPORATED,-115.5779343,32.98498917