CASE_ID,ACCIDENT_YEAR,PROC_DATE,JURIS,COLLISION_DATE,COLLISION_TIME,OFFICER_ID,REPORTING_DISTRICT,DAY_OF_WEEK,CHP_SHIFT,POPULATION,CNTY_CITY_LOC,SPECIAL_COND,BEAT_TYPE,CHP_BEAT_TYPE,CITY_DIVISION_LAPD,CHP_BEAT_CLASS,BEAT_NUMBER,PRIMARY_RD,SECONDARY_RD,DISTANCE,DIRECTION,INTERSECTION,WEATHER_1,WEATHER_2,STATE_HWY_IND,CALTRANS_COUNTY,CALTRANS_DISTRICT,STATE_ROUTE,ROUTE_SUFFIX,POSTMILE_PREFIX,POSTMILE,LOCATION_TYPE,RAMP_INTERSECTION,SIDE_OF_HWY,TOW_AWAY,COLLISION_SEVERITY,NUMBER_KILLED,NUMBER_INJURED,PARTY_COUNT,PRIMARY_COLL_FACTOR,PCF_CODE_OF_VIOL,PCF_VIOL_CATEGORY,PCF_VIOLATION,PCF_VIOL_SUBSECTION,HIT_AND_RUN,TYPE_OF_COLLISION,MVIW,PED_ACTION,ROAD_SURFACE,ROAD_COND_1,ROAD_COND_2,LIGHTING,CONTROL_DEVICE,CHP_ROAD_TYPE,PEDESTRIAN_ACCIDENT,BICYCLE_ACCIDENT,MOTORCYCLE_ACCIDENT,TRUCK_ACCIDENT,NOT_PRIVATE_PROPERTY,ALCOHOL_INVOLVED,STWD_VEHTYPE_AT_FAULT,CHP_VEHTYPE_AT_FAULT,COUNT_SEVERE_INJ,COUNT_VISIBLE_INJ,COUNT_COMPLAINT_PAIN,COUNT_PED_KILLED,COUNT_PED_INJURED,COUNT_BICYCLIST_KILLED,COUNT_BICYCLIST_INJURED,COUNT_MC_KILLED,COUNT_MC_INJURED,PRIMARY_RAMP,SECONDARY_RAMP,LATITUDE,LONGITUDE,COUNTY,CITY,POINT_X,POINT_Y
91542453,2021,8/11/2021,9625,7/31/2021,1333,18468,,6,1,9,1300,0,3,5,,2,50,ATEN ROAD,DOGWOOD ROAD,110,E,N,A,-,N,,,,,,,,,,Y,3,0,1,2,A,-,7,21658,A,N,B,C,A,A,H,-,A,D,0,,,,,Y,,A,7,0,1,0,0,0,0,0,0,0,- ,- ,32.82540894,-115.5352783,IMPERIAL,UNINCORPORATED,-115.5356979,32.82543182
91596244,2021,10/14/2021,9625,10/11/2021,400,20996,,1,3,9,1300,0,2,4,,2,47,FORRESTER ROAD,WORTHINGTON ROAD,2112,S,N,A,-,N,,,,,,,,,,Y,3,0,1,2,A,-,8,22107,,N,D,C,A,A,H,-,D,A,0,,,,,Y,,A,7,0,1,0,0,0,0,0,0,0,- ,- ,32.84059906,-115.6207504,IMPERIAL,UNINCORPORATED,-115.6207886,32.84161758
91616044,2021,11/4/2021,9625,10/26/2021,2117,18468,,2,2,9,1300,0,1,1,,2,4,INTERSTATE 8 (W/B),4TH STREET,215,E,N,A,-,Y,,,,,,,,,,Y,3,0,1,2,A,-,8,22107,,N,D,C,A,A,H,-,C,D,0,,,,,Y,,A,1,0,1,0,0,0,0,0,0,0,- ,- ,32.77389145,-115.5513382,IMPERIAL,UNINCORPORATED,-115.5521393,32.77389145
91620258,2021,11/9/2021,9625,10/31/2021,710,17727,,7,1,9,1300,0,2,4,,2,45,HUFF ROAD,EVAN HEWES HIGHWAY,0,,Y,E,-,N,,,,,,,,,,Y,3,0,1,1,A,-,3,22350,,N,E,I,A,A,G,-,A,A,0,,,,,Y,,A,1,0,1,0,0,0,0,0,0,0,- ,- ,32.79109955,-115.7272034,IMPERIAL,UNINCORPORATED,-115.7270279,32.79106903
91624700,2021,11/15/2021,9625,11/9/2021,2130,18468,,2,2,9,1300,0,1,1,,2,3,INTERSTATE 8 (E/B),IMPERIAL AVENUE,178,E,N,A,-,Y,,,,,,,,,,N,3,0,1,1,D,-,0,,,N,E,J,A,A,H,-,C,D,0,,,,,Y,,-,- ,0,1,0,0,0,0,0,0,0,- ,- ,32.77384186,-115.568779,IMPERIAL,UNINCORPORATED,-115.5688858,32.77399063
9164056,2020,10/7/2020,1304,8/28/2020,2022,E0187,EWEST,5,5,4,1304,0,0,0,,0,WEST,IMPERIAL,STATE,0,,Y,A,-,N,,,,,,,,,,Y,3,0,1,2,A,-,3,22350,,F,A,C,A,A,H,-,C,A,0,,,,,Y,Y,A,1,0,1,0,0,0,0,0,0,0,- ,- ,32.79167938,-115.5698471,IMPERIAL,EL CENTRO,-115.5698776,32.79169846
91662715,2021,12/27/2021,9625,12/15/2021,758,18368,,3,1,9,1300,0,1,3,,2,14,BRANDT ROAD,SR-78,13,N,N,A,-,Y,,,,,,,,,,Y,3,0,2,2,A,-,9,21803,A,N,D,C,A,A,H,-,A,A,0,,,,,Y,,E,22,0,2,0,0,0,0,0,0,0,- ,- ,33.00040054,-115.5612717,IMPERIAL,UNINCORPORATED,-115.56147,33.00037384
91671473,2021,1/5/2022,9625,12/30/2021,1155,18368,,4,1,9,1300,0,1,3,,2,13,SR-78,OLD MINE ROAD,3245,E,N,A,-,Y,,,78,,,,,,,N,3,0,1,1,A,-,8,22107,,N,F,A,A,A,H,-,A,D,0,,,Y,,Y,,C,6,0,1,0,0,0,0,0,0,1,- ,- ,33.12572861,-116.0444031,IMPERIAL,UNINCORPORATED,-116.0444031,33.12572479
9174579,2020,1/6/2021,1304,10/7/2020,302,358,,3,5,4,1304,0,0,0,,0,WEST,SOUTH 8TH ST,HORNE RD,295,N,N,A,-,N,,,,,,,,,,Y,2,0,3,1,A,-,5,21650,,N,E,I,A,A,H,-,C,D,0,,,,,Y,,A,1,2,1,0,0,0,0,0,0,0,- ,- ,,,IMPERIAL,EL CENTRO,,
9192486,2020,1/19/2021,1301,11/25/2020,1801,9A6,,3,5,3,1301,0,0,0,,0,2,RT 86,JULIA DR,170,N,N,A,-,Y,IMP,11,86,-,-,19.71,H,-,S,Y,2,0,1,2,A,-,11,21954,A,N,G,B,D,A,H,-,C,D,0,Y,,,,Y,,N,60,1,0,0,0,1,0,0,0,0,- ,- ,,,IMPERIAL,BRAWLEY,-115.5466385,32.96674347
9192755,2021,6/8/2021,1304,4/28/2021,2154,368,E1,3,5,4,1304,0,0,0,,0,EAST,4TH,BROADWAY,0,,Y,A,-,Y,IMP,11,86,-,L,7.38,I,5,S,Y,2,0,1,3,A,-,1,23153,B,N,D,C,A,A,H,-,C,A,0,,,Y,,Y,Y,A,7,1,0,0,0,0,0,0,0,1,- ,- ,,,IMPERIAL,EL CENTRO,-115.5525284,32.79388046
9205816,2020,1/19/2021,1304,11/25/2020,1626,346,ELCE,3,5,4,1304,0,0,0,,0,EAST,E MAIN ST,DOGWOOD,0,,Y,A,-,N,,,,,,,,,,Y,3,0,1,3,A,-,9,21801,A,N,D,C,A,A,H,-,A,A,0,,,,,Y,,A,1,0,1,0,0,0,0,0,0,0,- ,- ,32.79285812,-115.5362167,IMPERIAL,EL CENTRO,-115.5356522,32.79281998
9252306,2021,4/15/2021,1301,1/23/2021,2102,907,BRAWE,6,5,3,1301,0,0,0,,0,4,S PALM AVE,K STREET,0,,Y,C,-,N,,,,,,,,,,N,3,0,1,2,A,-,12,22450,A,N,D,C,A,B,H,-,C,A,0,,,,,Y,Y,A,7,0,1,0,0,0,0,0,0,0,- ,- ,,,IMPERIAL,BRAWLEY,-115.5220413,32.9731102
9256425,2021,7/29/2021,1301,6/10/2021,1828,708,BRAWL,4,5,3,1301,0,0,0,,0,0B1,N 1ST ST,C ST,0,,Y,A,-,N,,,,,,,,,,Y,1,1,2,3,A,-,3,22350,,N,D,C,A,A,B,-,A,A,0,,,,,Y,,A,7,0,0,2,0,0,0,0,0,0,- ,- ,,,IMPERIAL,BRAWLEY,-115.5654678,32.9582901
9369992,2021,1/18/2022,1304,12/14/2021,1209,350,ELCE,2,5,4,1304,0,0,0,,0,,LA BRUCHERIE,VILLA,0,,Y,A,-,N,,,,,,,,,,Y,3,0,1,2,A,-,12,21453,A,N,-,C,A,A,H,-,A,A,0,,,,,Y,,D,22,0,1,0,0,0,0,0,0,0,- ,- ,32.80361938,-115.5786514,IMPERIAL,EL CENTRO,-115.5786591,32.8036499
9375068,2021,12/16/2021,1304,11/27/2021,1104,322,EWES,6,5,4,1304,0,0,0,,0,WEST,BROADWAY,BROADWAY 600,0,,N,A,-,N,,,,,,,,,,N,3,0,1,2,A,-,3,22350,,N,G,B,E,A,H,-,A,D,0,Y,,,,Y,,A,1,0,1,0,0,1,0,0,0,0,- ,- ,32.79336166,-115.5574493,IMPERIAL,EL CENTRO,,
9375069,2021,12/30/2021,1304,11/30/2021,801,322,WEST,2,5,4,1304,0,0,0,,0,ECSC,LA BRUCHERIE AV,ROSS ST,0,,N,A,-,N,,,,,,,,,,Y,3,0,1,2,A,-,3,22350,,N,C,C,A,A,H,-,A,D,0,,,,,Y,,-,,0,1,0,0,0,0,0,0,0,- ,- ,32.7807312,-115.578392,IMPERIAL,EL CENTRO,-115.5784836,32.78147125
9410870,2021,2/17/2022,1304,8/20/2021,2015,337,ELCE,5,5,4,1304,0,0,0,,0,WEST,BRIGHTON,IMPERIAL,120,E,N,A,-,N,,,,,,,,,,N,3,0,1,2,A,-,6,21755,A,F,B,G,A,A,H,-,C,D,0,,Y,,,Y,Y,L,4,0,1,0,0,0,0,1,0,0,- ,- ,32.78968811,-115.5694885,IMPERIAL,EL CENTRO,-115.5694504,32.78970718
7198341,2016,3/11/2016,1304,2/19/2016,1634,336,1304,5,5,4,1304,0,0,0,,0,EAST,BROADWAY,7TH,0,,Y,A,-,N,,,,,,,,,,Y,3,0,2,3,D,-,0,,,F,D,C,A,A,H,-,A,D,0,,,,,Y,,-,- ,0,2,0,0,0,0,0,0,0,- ,- ,32.79391,-115.55923,IMPERIAL,EL CENTRO,-115.5591101,32.7938701
7198492,2016,3/16/2016,1304,2/11/2016,1456,359,,4,5,4,1304,0,0,0,,0,,LA BRUCHERIE,BRADSHAW,0,,Y,A,-,N,,,,,,,,,,Y,4,0,2,2,A,-,12,21453,A,N,A,C,A,A,H,-,A,A,0,,,,,Y,,A,1,0,0,2,0,0,0,0,0,0,- ,- ,32.81115,-115.57861,IMPERIAL,EL CENTRO,-115.5786701,32.81107008
7210494,2016,3/25/2016,1304,3/7/2016,1300,358,,1,5,4,1304,0,0,0,,0,EAST,ROSS,S 2ND ST,0,S,-,A,-,N,,,,,,,,,,N,4,0,2,3,A,-,3,22350,,N,C,C,A,A,H,-,A,D,0,,,,,Y,,A,1,0,0,2,0,0,0,0,0,0,- ,- ,32.78141,-115.54601,IMPERIAL,EL CENTRO,-115.5459901,32.78147009
7210522,2016,2/14/2017,1304,3/12/2016,1532,358,,6,5,4,1304,0,0,0,,0,EAST,4TH,S 4TH ST 900,0,,N,A,-,Y,IMP,11,86,-,-,6.704,I,5,N,Y,3,0,3,1,A,-,3,22350,,N,E,I,A,A,H,-,A,A,0,,,,,Y,,A,1,0,1,2,0,0,0,0,0,0,- ,- ,,,IMPERIAL,EL CENTRO,-115.5524744,32.78401381
8061343,2016,7/22/2016,1304,6/23/2016,1804,337,,4,5,4,1304,0,0,0,,0,WEST,8TH,PARK,0,,Y,A,-,N,,,,,,,,,,Y,4,0,1,2,A,-,9,21802,A,N,D,C,A,A,H,-,A,D,0,,,,,Y,,A,1,0,0,1,0,0,0,0,0,0,- ,- ,,,IMPERIAL,EL CENTRO,-115.5614701,32.79578012
8097781,2016,1/23/2017,1301,7/17/2016,2211,905,BRAWL,7,5,3,1301,0,0,0,,0,2,RT 86,LEGION,0,,Y,A,-,Y,IMP,11,86,-,-,19.18,H,-,N,N,4,0,1,2,A,-,3,22350,,N,C,C,A,A,H,-,C,A,0,,,,,Y,,A,1,0,0,1,0,0,0,0,0,0,- ,- ,,,IMPERIAL,BRAWLEY,-115.5506656,32.95980962
8121655,2016,9/21/2016,1304,8/24/2016,1440,333,4,3,5,4,1304,0,0,0,,0,WEST,8TH ST,FIELDVIEW,0,,Y,A,-,N,,,,,,,,,,Y,4,0,1,2,A,-,9,21801,A,N,D,C,A,A,H,-,A,A,0,,,,,Y,,A,1,0,0,1,0,0,0,0,0,0,- ,- ,,,IMPERIAL,EL CENTRO,-115.560894,32.76140258
8121659,2016,1/21/2017,1304,8/11/2016,1333,326,6,4,5,4,1304,0,0,0,,0,EAST,4TH,WAKE,156,N,N,A,-,Y,IMP,11,86,-,-,5.86,H,-,S,N,4,0,1,2,A,-,9,21804,A,N,D,C,A,A,H,-,A,A,0,,,,,Y,Y,A,1,0,0,1,0,0,0,0,0,0,- ,- ,,,IMPERIAL,EL CENTRO,-115.5522472,32.77161624
8121708,2016,9/19/2016,1304,8/29/2016,2353,343,EWEST,1,5,4,1304,0,0,0,,0,WEST,LA BRUCHERIE RD,ORANGE AV,29,N,N,A,-,N,,,,,,,,,,N,4,0,1,2,A,-,3,22350,,N,C,C,A,A,H,-,C,D,0,,,,,Y,,A,1,0,0,1,0,0,0,0,0,0,- ,- ,32.78892,-115.57862,IMPERIAL,EL CENTRO,-115.57858,32.78884926
8165658,2016,11/14/2016,1306,10/4/2016,2021,415,EL CE,2,5,2,1306,0,0,0,,0,PATROL,DESERT WILLOW ST,SANDALWOOD GLEN AV,7,W,N,A,-,N,,,,,,,,,,Y,3,0,2,2,A,-,8,22107,,N,C,E,A,A,H,-,C,D,0,,,,,Y,Y,A,1,0,1,1,0,0,0,0,0,0,- ,- ,,,IMPERIAL,IMPERIAL,-115.5925327,32.82491972
8171470,2016,11/22/2016,1304,11/1/2016,1451,342,4,2,5,4,1304,0,0,0,,0,,8TH,PICO AV,0,,Y,A,-,N,,,,,,,,,,Y,4,0,2,2,A,-,12,22450,,N,D,C,A,A,H,-,A,D,0,,,,,Y,,-,,0,0,2,0,0,0,0,0,0,- ,- ,32.8055,-115.5613,IMPERIAL,EL CENTRO,-115.56141,32.80565005
8171505,2016,11/22/2016,1304,11/3/2016,1244,332,E4,4,5,4,1304,0,0,0,,0,WEST,IMPERIAL AV,BARBARA WORTH DR,10,S,N,A,-,N,,,,,,,,,,N,4,0,1,3,A,-,3,22350,,N,C,C,A,A,H,-,A,A,0,,,,,Y,,A,1,0,0,1,0,0,0,0,0,0,- ,- ,32.80121,-115.56943,IMPERIAL,EL CENTRO,-115.569949,32.79460268
8187931,2016,3/27/2017,1304,12/4/2016,1735,334,6,7,5,4,1304,0,0,0,,0,EAST,4TH ST,SOUTHWIND DR,12,N,N,A,-,Y,IMP,11,86,-,-,6.06,H,-,S,N,4,0,1,3,A,-,6,21755,,N,B,C,A,A,H,-,C,A,0,,,,,Y,,-,,0,0,1,0,0,0,0,0,0,- ,- ,,,IMPERIAL,EL CENTRO,-115.5522519,32.77457207
8201895,2016,1/6/2017,1304,12/13/2016,1453,334,6,2,5,4,1304,0,0,0,,0,EAST,4TH,HOPE,0,,Y,A,-,N,,,,,,,,,,N,4,0,1,2,A,-,12,22450,,N,D,C,A,A,H,-,A,A,0,,,,,Y,,A,1,0,0,1,0,0,0,0,0,0,- ,- ,,,IMPERIAL,EL CENTRO,,
8285782,2017,2/15/2018,1304,1/6/2017,955,326,6,5,5,4,1304,0,0,0,,0,EAST,4TH,HEIL,0,,Y,A,-,Y,IMP,11,86,-,-,6.894,I,5,S,N,4,0,1,2,A,-,9,21801,A,N,D,C,A,A,H,-,A,D,0,,,Y,,Y,,A,1,0,0,1,0,0,0,0,0,1,- ,- ,32.7868,-115.55264,IMPERIAL,EL CENTRO,-115.5525306,32.78684785
8329879,2017,12/26/2017,1301,3/2/2017,1344,901,,4,5,3,1301,0,0,0,,0,3,RT 111,ADLER,1584,N,N,A,-,N,,,,,,,,,,Y,4,0,1,2,A,-,3,22350,,N,C,C,A,A,H,-,A,D,0,,,,,Y,,A,1,0,0,1,0,0,0,0,0,0,- ,- ,32.99092,-115.52648,IMPERIAL,BRAWLEY,-115.5267958,32.98977519
8331976,2017,3/23/2017,1304,3/8/2017,1317,358,EWEST,3,5,4,1304,0,0,0,,0,WEST,SCOTT,WATERMAN,197,E,N,A,-,N,,,,,,,,,,Y,4,0,1,2,A,-,8,22107,,N,C,E,A,A,H,-,A,D,0,,,,,Y,,A,7,0,0,1,0,0,0,0,0,0,- ,- ,,,IMPERIAL,EL CENTRO,-115.5735525,32.80140288
8356943,2017,5/4/2017,1304,3/31/2017,1710,332,4,5,5,4,1304,0,0,0,,0,WEST,LA BRUCHERIE AV,BARBARA WORTH,0,,N,A,-,N,,,,,,,,,,Y,4,0,2,2,A,-,9,21800,A,N,D,C,A,A,H,-,A,D,0,,,,,Y,,-,,0,0,2,0,0,0,0,0,0,- ,- ,32.79468,-115.57898,IMPERIAL,EL CENTRO,-115.57868,32.79464006
8356947,2017,5/2/2017,1304,3/29/2017,1216,363,,3,5,4,1304,0,0,0,,0,EAST,8TH ST,EL CENTRO AV,0,,Y,A,-,N,,,,,,,,,,Y,4,0,1,2,A,-,9,21802,A,N,D,C,A,A,D,-,A,A,0,,,,,Y,,-,,0,0,1,0,0,0,0,0,0,- ,- ,,,IMPERIAL,EL CENTRO,-115.5614701,32.79746011
8386024,2017,9/11/2017,1304,6/21/2017,2144,326,6,3,5,4,1304,0,0,0,,0,EAST,ROSS,3RD,0,,N,A,-,N,,,,,,,,,,N,4,0,1,2,A,-,11,21954,A,N,A,B,D,A,H,-,D,D,0,Y,,,,Y,,N,60,0,0,1,0,1,0,0,0,0,- ,- ,,,IMPERIAL,EL CENTRO,-115.55031,32.78146004
8386089,2017,7/10/2017,1304,6/14/2017,1930,327,EWEST,3,5,4,1304,0,0,0,,0,WEST,ROSS,ROSS 1400,0,,Y,A,-,N,,,,,,,,,,N,4,0,1,2,A,-,3,22350,,F,C,C,A,A,H,-,B,A,0,,,,,Y,,-,,0,0,1,0,0,0,0,0,0,- ,- ,32.7815,-115.5694,IMPERIAL,EL CENTRO,-115.5684042,32.78147474
8438242,2017,9/22/2017,1301,8/13/2017,819,704,BRAWL,7,5,3,1301,0,0,0,,0,4,MALAN ST,OLD HWY 111,56,W,N,A,-,Y,,,,,,,,,,Y,2,0,3,1,A,-,1,23152,,N,E,J,A,A,H,-,A,D,0,,,,,Y,Y,D,22,2,1,0,0,0,0,0,0,0,- ,- ,,,IMPERIAL,BRAWLEY,-115.5094916,32.97083106
8446013,2017,6/14/2018,1304,8/3/2017,2316,326,4,4,5,4,1304,0,0,0,,0,WEST,CRUICKSHANK,RT 86,27,W,N,A,-,Y,IMP,11,86,-,-,8.552,I,6,S,Y,4,0,2,2,A,-,1,23152,A,N,D,C,A,A,H,-,C,A,0,,,,,Y,Y,-,,0,0,2,0,0,0,0,0,0,- ,- ,,,IMPERIAL,EL CENTRO,-115.5699236,32.81482785
8462596,2017,10/20/2017,1304,8/18/2017,904,352,,5,5,4,1304,0,0,0,,0,EAST,DOGWOOD,DANEN BERG,0,,Y,A,-,N,,,,,,,,,,Y,4,0,3,2,A,-,12,21453,A,N,D,C,A,A,-,-,A,A,0,,,,,Y,,D,72,0,0,3,0,0,0,0,0,0,- ,- ,32.7667,-115.53517,IMPERIAL,EL CENTRO,-115.5351501,32.76692008
8473060,2017,1/24/2018,1302,1/24/2017,1630,542,1302,2,5,4,1302,0,0,0,,0,3,1ST ST,MARY AV,0,,Y,A,-,N,,,,,,,,,,Y,3,0,1,2,A,-,9,21804,A,N,D,C,A,A,H,-,A,D,0,,,,Y,Y,,F,26,0,1,0,0,0,0,0,0,0,- ,- ,,,IMPERIAL,CALEXICO,-115.4920801,32.66562007
8486550,2017,11/20/2017,1302,3/20/2017,1857,535,1302,1,5,4,1302,0,0,0,,0,4,ROCKWOOD AV,COLE BL,0,N,N,A,-,N,,,,,,,,,,Y,3,0,1,2,A,-,9,21804,A,N,D,C,A,A,H,-,A,D,0,,,Y,,Y,,A,1,0,1,0,0,0,0,0,0,1,- ,- ,,,IMPERIAL,CALEXICO,-115.4962801,32.69396008
8499962,2017,6/8/2018,1304,11/15/2017,1659,E0209,,3,5,4,1304,0,0,0,,0,,IMPERIAL,HOLT,0,,Y,A,-,N,,,,,,,,,,Y,4,0,2,3,A,-,12,22450,A,M,D,C,A,A,H,-,C,D,0,,,,Y,Y,,F,26,0,0,2,0,0,0,0,0,0,- ,- ,32.7879,-115.5698,IMPERIAL,EL CENTRO,-115.5698201,32.78797008
8506510,2017,6/8/2018,1304,11/17/2017,1848,337,EEAST,5,5,4,1304,0,0,0,,0,EAST,EVAN HEWES,EARLS,0,,Y,A,-,N,,,,,,,,,,Y,2,0,1,2,A,-,3,22350,,N,D,C,A,A,H,-,C,-,0,,,,,Y,,-,,1,0,0,0,0,0,0,0,0,- ,- ,,,IMPERIAL,EL CENTRO,-115.5269701,32.79295001
8542281,2018,2/1/2018,1304,1/2/2018,2259,341,6,2,5,4,1304,0,0,0,,0,,BRIGHTON,5TH,204,E,N,A,-,N,,,,,,,,,,Y,4,0,1,4,A,-,1,23152,A,N,C,E,A,A,H,-,C,D,0,,,,,Y,Y,A,1,0,0,1,0,0,0,0,0,0,- ,- ,,,IMPERIAL,EL CENTRO,-115.5540619,32.7897644
8589126,2018,4/10/2018,1304,3/20/2018,1503,E0145,4,2,5,4,1304,0,0,0,,0,WEST,ADAMS,LABRUCHERIE,280,E,N,A,-,N,,,,,,,,,,N,4,0,1,2,A,-,3,22350,,N,C,C,A,A,H,-,A,D,0,,,,,Y,,A,1,0,0,1,0,0,0,0,0,0,- ,- ,,,IMPERIAL,EL CENTRO,-115.5778275,32.79648972
8589383,2018,4/6/2018,1304,2/13/2018,754,337,EWES,2,5,4,1304,0,0,0,,0,WEST,AURORA,8TH,0,,Y,A,-,N,,,,,,,,,,N,2,0,1,2,A,-,10,21950,A,N,G,B,B,A,H,-,A,D,0,Y,,,,Y,Y,A,1,1,0,0,0,1,0,0,0,0,- ,- ,32.77840042,-115.5610962,IMPERIAL,EL CENTRO,-115.5611801,32.77841949
8613893,2018,5/2/2018,1301,2/27/2018,1723,9A12,BRAWL,2,5,3,1301,0,0,0,,0,4,MAIN ST,CESAR CHAVEZ,0,,Y,A,-,N,,,,,,,,,,Y,3,0,1,3,A,-,12,21453,A,N,A,C,A,A,H,-,B,A,0,,,,,Y,,A,1,0,1,0,0,0,0,0,0,0,- ,- ,,,IMPERIAL,BRAWLEY,-115.5263977,32.97863007
8625856,2018,5/31/2018,1304,5/6/2018,2107,333,EAST,7,5,4,1304,0,0,0,,0,EAST,DANEN BERG,FARNSWORTH,0,,Y,A,-,N,,,,,,,,,,N,4,0,1,2,A,-,3,22350,,N,C,C,A,A,H,-,D,D,0,,,,,Y,,A,1,0,0,1,0,0,0,0,0,0,- ,- ,32.76696014,-115.5435028,IMPERIAL,EL CENTRO,-115.5436096,32.76692963
8649733,2018,8/29/2018,1304,6/14/2018,1250,354,,4,5,4,1304,0,0,0,,0,,2ND ST,MAIN,14,S,N,A,-,N,,,,,,,,,,Y,4,0,3,2,A,-,9,21801,A,N,D,C,A,A,H,-,A,D,0,,,,,Y,,-,,0,0,3,0,0,0,0,0,0,- ,- ,,,IMPERIAL,EL CENTRO,-115.5464783,32.79279327
8650633,2018,9/27/2018,1304,7/12/2018,1208,354,,4,5,4,1304,0,0,0,,0,,DOGWOOD,VILLA,0,,Y,A,-,N,,,,,,,,,,Y,3,0,2,2,A,-,9,21802,A,N,D,C,A,A,H,-,A,A,0,,,,,Y,,A,1,0,1,1,0,0,0,0,0,0,- ,- ,,,IMPERIAL,EL CENTRO,-115.53569,32.80379
8668133,2018,7/31/2018,1304,6/19/2018,1128,325,EWEST,2,5,4,1304,0,0,0,,0,WEST,BRADSHAW,IMPERIAL AV,244,W,N,A,-,N,,,,,,,,,,N,4,0,1,2,A,-,9,21804,A,N,D,C,A,A,H,-,A,A,0,,,,,Y,,A,1,0,0,1,0,0,0,0,0,0,- ,- ,,,IMPERIAL,EL CENTRO,-115.570694,32.81106567
8676933,2018,10/24/2018,1301,7/21/2018,339,917,BRAW,6,5,3,1301,0,0,0,,0,0B2,RT 86,MALAN,0,,Y,A,-,Y,IMP,11,86,-,-,20.068,I,5,N,Y,4,0,2,2,D,-,0,,,N,D,C,A,A,H,-,C,A,0,,,,,Y,,-,- ,0,0,2,0,0,0,0,0,0,- ,- ,,,IMPERIAL,BRAWLEY,-115.5437164,32.97127914
8703795,2018,10/5/2018,1304,8/7/2018,1801,335,EWEST,2,5,4,1304,0,0,0,,0,WEST,ROSS,HASKELL,0,,Y,A,-,N,,,,,,,,,,Y,4,0,1,2,A,-,9,21802,A,N,D,C,A,A,H,-,A,A,0,,,,,Y,,A,1,0,0,1,0,0,0,0,0,0,- ,- ,,,IMPERIAL,EL CENTRO,-115.5878601,32.78147888
8713021,2018,11/29/2018,1304,10/1/2018,1301,E0145,ELCE,1,5,4,1304,0,0,0,,0,WEST,MAIN,4TH ST,415,E,N,B,-,N,,,,,,,,,,N,4,0,1,3,A,-,3,22350,,N,C,C,A,A,H,-,A,A,0,,,,,Y,,-,,0,0,1,0,0,0,0,0,0,- ,- ,,,IMPERIAL,EL CENTRO,-115.5511703,32.79282761
8733685,2018,11/27/2018,1304,10/22/2018,700,325,EWEST,1,5,4,1304,0,0,0,,0,WEST,OCOTILLO,OCOTILLO 2000,0,,-,A,-,N,,,,,,,,,,N,4,0,1,2,A,-,9,21804,A,N,D,C,A,A,H,-,A,A,0,,,,,Y,,I,11,0,0,1,0,0,0,0,0,0,- ,- ,32.77730179,-115.5796967,IMPERIAL,EL CENTRO,-115.579709,32.777346
8780384,2018,3/14/2019,1304,12/3/2018,1121,E0031,E1,1,5,4,1304,0,0,0,,0,EAST,5TH ST,ADAMS,7,N,N,A,-,N,,,,,,,,,,N,3,0,1,2,A,-,9,21802,A,N,B,B,E,A,H,-,A,A,0,Y,,,,Y,,J,48,0,1,0,0,1,0,0,0,0,- ,- ,,,IMPERIAL,EL CENTRO,-115.5549774,32.79655838
8787248,2018,2/15/2019,1304,12/13/2018,1913,325,ELCE,4,5,4,1304,0,0,0,,0,EAST,4TH ST,COUNTRYSIDE DR,66,S,N,A,-,Y,IMP,11,86,-,-,5.12,H,-,N,Y,4,0,1,1,A,-,1,23152,A,N,E,I,A,A,H,-,C,A,0,,,,,Y,Y,A,1,0,0,1,0,0,0,0,0,0,- ,- ,,,IMPERIAL,EL CENTRO,-115.5519867,32.76086426
8789487,2019,2/5/2019,1304,1/10/2019,1002,351,EEAS,4,5,4,1304,0,0,0,,0,EAST,7TH,COMMERCIAL AV,0,,Y,A,-,N,,,,,,,,,,Y,4,0,1,2,A,-,9,21804,A,N,D,C,A,B,H,-,A,D,0,,,,,Y,,A,1,0,0,1,0,0,0,0,0,0,- ,- ,32.79494095,-115.5591583,IMPERIAL,EL CENTRO,-115.5591202,32.79487991
8801503,2019,3/4/2019,1304,2/8/2019,1402,326,EWES,5,5,4,1304,0,0,0,,0,WEST,AURORA,11TH,0,,Y,A,-,N,,,,,,,,,,Y,4,0,1,2,A,-,9,21804,A,N,B,C,A,A,H,-,A,D,0,,,,,Y,,A,1,0,0,1,0,0,0,0,0,0,- ,- ,,,IMPERIAL,EL CENTRO,-115.5636368,32.77840042
8829802,2019,4/9/2019,1304,3/17/2019,1139,360,EWES,7,5,4,1304,0,0,0,,0,WEST,MAIN,WATERMAN,437,E,N,A,-,N,,,,,,,,,,N,4,0,1,2,A,-,8,22100,5,N,-,C,A,A,H,-,A,A,0,,,,,Y,,-,,0,0,1,0,0,0,0,0,0,- ,- ,32.79278946,-115.572731,IMPERIAL,EL CENTRO,-115.5727844,32.7928009
8867811,2019,5/28/2019,1304,5/13/2019,523,335,EAST,1,5,4,1304,0,0,0,,0,EAST,3RD,ROSS,0,,Y,A,-,N,,,,,,,,,,N,4,0,1,2,A,-,12,22450,,F,D,G,A,A,H,-,B,A,0,,Y,,,Y,,-,,0,0,1,0,0,0,1,0,0,- ,- ,,,IMPERIAL,EL CENTRO,-115.5503082,32.78145981
8873377,2019,6/20/2019,1304,5/15/2019,1522,326,EWES,3,5,4,1304,0,0,0,,0,,8TH,BROADWAY,0,,Y,A,-,N,,,,,,,,,,Y,4,0,2,2,A,-,12,21453,A,N,D,C,A,A,H,-,A,A,0,,,,,Y,,-,- ,0,0,2,0,0,0,0,0,0,- ,- ,,,IMPERIAL,EL CENTRO,-115.5614471,32.79386139