CASE_ID,ACCIDENT_YEAR,PROC_DATE,JURIS,COLLISION_DATE,COLLISION_TIME,OFFICER_ID,REPORTING_DISTRICT,DAY_OF_WEEK,CHP_SHIFT,POPULATION,CNTY_CITY_LOC,SPECIAL_COND,BEAT_TYPE,CHP_BEAT_TYPE,CITY_DIVISION_LAPD,CHP_BEAT_CLASS,BEAT_NUMBER,PRIMARY_RD,SECONDARY_RD,DISTANCE,DIRECTION,INTERSECTION,WEATHER_1,WEATHER_2,STATE_HWY_IND,CALTRANS_COUNTY,CALTRANS_DISTRICT,STATE_ROUTE,ROUTE_SUFFIX,POSTMILE_PREFIX,POSTMILE,LOCATION_TYPE,RAMP_INTERSECTION,SIDE_OF_HWY,TOW_AWAY,COLLISION_SEVERITY,NUMBER_KILLED,NUMBER_INJURED,PARTY_COUNT,PRIMARY_COLL_FACTOR,PCF_CODE_OF_VIOL,PCF_VIOL_CATEGORY,PCF_VIOLATION,PCF_VIOL_SUBSECTION,HIT_AND_RUN,TYPE_OF_COLLISION,MVIW,PED_ACTION,ROAD_SURFACE,ROAD_COND_1,ROAD_COND_2,LIGHTING,CONTROL_DEVICE,CHP_ROAD_TYPE,PEDESTRIAN_ACCIDENT,BICYCLE_ACCIDENT,MOTORCYCLE_ACCIDENT,TRUCK_ACCIDENT,NOT_PRIVATE_PROPERTY,ALCOHOL_INVOLVED,STWD_VEHTYPE_AT_FAULT,CHP_VEHTYPE_AT_FAULT,COUNT_SEVERE_INJ,COUNT_VISIBLE_INJ,COUNT_COMPLAINT_PAIN,COUNT_PED_KILLED,COUNT_PED_INJURED,COUNT_BICYCLIST_KILLED,COUNT_BICYCLIST_INJURED,COUNT_MC_KILLED,COUNT_MC_INJURED,PRIMARY_RAMP,SECONDARY_RAMP,LATITUDE,LONGITUDE,COUNTY,CITY,POINT_X,POINT_Y
90399022,2017,2/23/2017,9620,2/13/2017,1845,13020,,1,2,9,1300,0,1,3,,1,62,SR-186 (N/B),ENTRY,1056,N,N,A,-,Y,,,186,,,,,,,Y,1,1,0,2,A,-,11,21954,A,N,G,B,D,A,H,-,D,D,0,Y,,,,Y,Y,N,60,0,0,0,1,0,0,0,0,0,- ,- ,32.72488,-114.72268,IMPERIAL,UNINCORPORATED,-114.7227015,32.72489705
90407237,2017,3/7/2017,9625,2/28/2017,1115,17432,,2,1,9,1300,0,1,3,,1,44,SR-86 (N/B),CAREY ROAD,171,S,N,A,-,Y,,,,,,,,,,Y,4,0,2,2,A,-,3,22350,,N,C,C,A,A,H,-,A,D,0,,,,,Y,,A,1,0,0,2,0,0,0,0,0,0,- ,- ,32.5537,-115.3411,IMPERIAL,UNINCORPORATED,-115.57014,32.92664264
90407479,2017,3/7/2017,9625,3/3/2017,1123,19668,,5,1,9,1300,0,3,5,,2,20,FRINK ROAD,SR-111,7068,E,N,A,-,N,,,,,,,,,,Y,3,0,1,1,A,-,8,22107,,N,F,A,A,A,H,-,A,D,0,,,,,Y,,A,7,0,1,0,0,0,0,0,0,0,- ,- ,33.37609,-115.64655,IMPERIAL,UNINCORPORATED,-115.6466046,33.37589701
90410118,2017,4/11/2017,9620,3/7/2017,1508,17466,,2,2,9,1300,0,1,1,,2,82,I-8 E/B,SR-186,2112,W,N,A,-,Y,,,8,,,,,,E,Y,2,0,2,4,A,-,3,22350,,N,C,C,A,A,D,-,A,A,0,,,,Y,Y,,G,25,2,0,0,0,0,0,0,0,0,- ,- ,32.7443,-114.72817,IMPERIAL,UNINCORPORATED,-114.728172,32.74428416
90410329,2017,3/10/2017,9625,3/7/2017,1520,18279,,2,2,9,1300,0,1,3,,2,43,STATE ROUTE 86,W. HEBER RD,1352,N,N,A,-,Y,,,86,,,,,,,Y,4,0,1,1,A,-,8,22107,,N,F,A,A,A,H,-,A,D,0,,,,,Y,,A,1,0,0,1,0,0,0,0,0,0,- ,- ,32.73408,-115.55143,IMPERIAL,UNINCORPORATED,-115.5515166,32.73407796
90417516,2017,3/22/2017,9620,3/19/2017,1430,18290,,7,2,9,1300,0,1,1,,2,82,INTERSTATE 8 EASTBOUND,WINTERHAVEN DR.,1056,W,N,A,-,Y,,,8,,,,,,E,Y,4,0,1,3,A,-,3,22350,,N,C,C,A,A,D,-,A,D,0,,,,,Y,,A,1,0,0,1,0,0,0,0,0,0,- ,- ,32.73709,-114.65315,IMPERIAL,UNINCORPORATED,-114.6531501,32.73713911
90448620,2017,5/3/2017,9625,5/2/2017,1427,18468,,2,2,9,1300,0,1,3,,1,44,STATE ROUTE 86 (N/B),KEYSTONE ROAD,2112,S,N,A,-,Y,,,86,,,,,,,Y,4,0,1,1,A,-,8,22107,,N,F,A,A,A,H,-,A,D,0,,,,,Y,,A,1,0,0,1,0,0,0,0,0,0,- ,- ,32.90661,-115.56987,IMPERIAL,UNINCORPORATED,-115.5700681,32.90661029
90462582,2017,5/24/2017,9620,5/24/2017,525,14803,,3,3,9,1300,0,1,1,,2,82,INTERSTATE 8 E/B,OGILBY RD (S34),9504,E,N,A,-,Y,,,8,,,,,,E,Y,4,0,1,2,A,-,3,22350,,N,C,C,A,A,H,-,B,D,0,,,,Y,Y,,A,1,0,0,1,0,0,0,0,0,0,- ,- ,32.755,-114.8051,IMPERIAL,UNINCORPORATED,-114.8050836,32.75509901
90462997,2017,5/24/2017,9625,5/13/2017,1645,18792,,6,2,9,1300,0,1,3,,1,11,SR-86 N/B,SR-78,3691,S,N,A,-,Y,,,86,,,,,,N,Y,3,0,2,1,A,-,8,22107,,N,F,A,A,A,H,-,A,D,0,,,,,Y,,D,22,0,1,1,0,0,0,0,0,0,- ,- ,32.99087,-115.58234,IMPERIAL,UNINCORPORATED,-115.5823982,32.99082532
90469293,2017,6/1/2017,9620,5/30/2017,2140,20555,,2,2,9,1300,0,1,3,,1,63,(S-34) OGIBLY ROAD,WALKER WAY,528,N,N,A,-,N,,,,,,,,,,Y,4,0,1,1,A,-,8,22107,,N,F,A,A,A,H,-,D,D,0,,,,,Y,,D,22,0,0,1,0,0,0,0,0,0,- ,- ,32.94722,-114.89099,IMPERIAL,UNINCORPORATED,-114.8906913,32.94706752
90473106,2017,6/7/2017,9625,4/16/2017,1602,18617,,7,2,9,1300,0,1,3,,1,44,STATE ROUTE 86 NORTHBOUND,KEYSTONE ROAD,0,,Y,A,-,Y,,,86,,,,,,N,Y,1,1,0,2,A,-,12,21453,A,N,D,C,A,A,H,-,A,A,0,,,,,Y,,A,1,0,0,0,0,0,0,0,0,0,- ,- ,32.91259,-115.56998,IMPERIAL,UNINCORPORATED,-115.5700617,32.91258274
90483474,2017,6/22/2017,9625,6/12/2017,2346,19582,,1,3,9,1300,0,1,1,,2,1,I-8 E/B,IN KO PAH PARK ROAD,5960,E,N,A,-,Y,,,8,,,,,,E,Y,3,0,1,1,A,-,3,22350,,N,F,A,A,A,H,-,D,D,0,,,,Y,Y,,G,25,0,1,0,0,0,0,0,0,0,- ,- ,32.65805,-116.09708,IMPERIAL,UNINCORPORATED,-116.0970653,32.65805345
90499841,2017,7/13/2017,9625,7/6/2017,1240,18773,,4,1,9,1300,0,1,3,,1,54,SR-111 N/B,WORTHINGTON ROAD,0,,Y,A,-,Y,,,111,,,,,,N,Y,4,0,2,2,A,-,12,21453,A,N,D,C,A,A,H,-,A,A,0,,,,,Y,,A,7,0,0,2,0,0,0,0,0,0,- ,- ,32.84735,-115.50746,IMPERIAL,UNINCORPORATED,-115.507598,32.84729221
90504210,2017,7/19/2017,9625,7/7/2017,645,17055,,5,1,9,1300,0,1,3,,1,44,SR-86 (S/B),SCHARTZ ROAD,200,N,N,A,-,Y,,,86,,,,,,,Y,3,0,1,2,A,-,3,22350,,N,C,C,A,A,H,-,A,A,0,,,,,Y,,A,1,0,1,0,0,0,0,0,0,0,- ,- ,32.94239,-115.57026,IMPERIAL,UNINCORPORATED,-115.5701002,32.94238955
90506914,2017,8/8/2017,9620,7/7/2017,2130,17837,,5,2,9,1300,0,1,1,,2,82,I-8 E/B,SR-186,1811,E,N,A,-,Y,,,8,,,,,,E,N,1,1,0,2,A,-,0,21960,,N,G,B,E,A,D,-,D,A,0,Y,,,Y,Y,Y,N,60,0,0,0,1,0,0,0,0,0,- ,- ,32.7428,-114.7142,IMPERIAL,UNINCORPORATED,-114.7142031,32.7428508
90510177,2017,7/27/2017,9625,7/25/2017,1920,18933,,2,2,9,1300,0,1,1,,2,5,I-8 (E/B),TOWLAND ROAD,4259,E,N,A,-,Y,,,8,,,,,,,Y,3,0,2,1,A,-,8,22107,,N,F,J,A,A,H,-,A,D,0,,,,,Y,,A,7,0,2,0,0,0,0,0,0,0,- ,- ,32.7732,-115.3531,IMPERIAL,UNINCORPORATED,-115.3531,32.77319717
90510213,2017,7/27/2017,9625,6/17/2017,1140,13781,,6,1,9,1300,0,3,5,,2,40,MCCABE ROAD,LA BRUCHERIE ROAD,660,W,N,A,-,N,,,,,,,,,,N,1,1,0,1,B,-,22,,,N,E,I,A,A,H,-,A,D,0,,,,,Y,,M,46,0,0,0,0,0,0,0,0,0,- ,- ,32.75239,-115.57997,IMPERIAL,UNINCORPORATED,-115.5799037,32.75237711
90514579,2017,8/2/2017,9625,7/28/2017,1550,20704,,5,2,9,1300,0,1,1,,2,2,I-8 (W/B),MOUNTAIN SPRINGS ROAD,3168,E,N,A,-,Y,,,8,,,,,,,Y,4,0,1,3,A,-,7,21658,A,N,B,C,A,A,H,-,A,A,0,,,,Y,Y,,F,21,0,0,1,0,0,0,0,0,0,- ,- ,32.68625,-116.09185,IMPERIAL,UNINCORPORATED,-116.0917729,32.68627181
90522135,2017,8/14/2017,9620,8/5/2017,1110,16015,Quech,6,1,9,1300,0,3,5,,2,70,ARNOLD ROAD,COCOPAH RD,319,W,N,A,-,N,,,,,,,,,,Y,3,0,2,2,D,-,0,,,N,B,C,A,A,D,E,A,A,0,,,,,Y,,-,- ,0,1,1,0,0,0,0,0,0,- ,- ,32.75281,-114.5966,IMPERIAL,UNINCORPORATED,-114.5962395,32.75280001
90553741,2017,9/22/2017,9625,9/12/2017,1955,18368,,2,2,4,1304,0,1,1,,2,3,I-8 (E/B),IMPERIAL AVENUE,1150,E,N,A,-,Y,,,8,,,,,,,Y,3,0,4,1,A,-,8,22107,,N,E,I,A,A,H,-,D,D,0,,,,,Y,,A,1,0,4,0,0,0,0,0,0,0,- ,- ,32.77375,-115.57334,IMPERIAL,EL CENTRO,-115.5733399,32.7738076
90557592,2017,9/28/2017,9625,9/17/2017,203,18930,,7,3,9,1300,0,1,1,,2,3,I-8 E/B FROM IMPERIAL AVE. S/B,IMPERIAL AVENUE O/C,110,E,N,A,-,Y,,,,,,,,,,Y,2,0,1,1,A,-,8,22107,,N,E,I,A,A,H,-,D,D,0,,,,,Y,,A,1,1,0,0,0,0,0,0,0,0,- ,- ,32.77286,-115.56675,IMPERIAL,UNINCORPORATED,-115.5690041,32.773799
90576862,2017,10/24/2017,9625,10/14/2017,1525,20111,,6,2,9,1300,0,1,3,,2,52,SR-98 W/B,MENVIELLE ROAD,1584,W,N,A,-,Y,,,98,,,,,,W,Y,3,0,3,2,A,-,8,22107,A,N,A,C,A,A,H,-,A,A,0,,,,,Y,,A,7,0,1,2,0,0,0,0,0,0,- ,- ,32.69378,-115.39327,IMPERIAL,UNINCORPORATED,-115.39327,32.69372485
90576896,2017,10/24/2017,9625,10/15/2017,1940,17727,,7,2,9,1300,0,1,3,,1,11,SR-86 (N/B),LACK ROAD,1660,N,N,A,-,Y,,,86,,,,,,,N,3,0,2,3,A,-,3,22350,,N,C,C,A,A,H,-,C,D,0,,,,,Y,,A,8,0,2,0,0,0,0,0,0,0,- ,- ,33.0374,-115.6528,IMPERIAL,UNINCORPORATED,-115.6528,33.03740086
90594853,2017,11/15/2017,9625,11/11/2017,2250,18773,,6,3,9,1300,0,3,5,,2,40,ALLEY BETWEEN RIO VISTA ST. & ALAMO RD.,SAN DIEGO AVENUE,34,W,N,A,-,N,,,,,,,,,,Y,2,0,1,1,A,-,1,23152,A,N,F,A,A,A,A,-,D,D,0,,,Y,,Y,Y,C,6,1,0,0,0,0,0,0,0,1,- ,- ,32.79497,-115.69287,IMPERIAL,UNINCORPORATED,,
90598850,2017,5/21/2018,9625,11/13/2017,1800,18464,,1,2,9,1300,0,1,1,,2,4,I-8 W/B,IMPERIAL AVENUE,160,W,N,A,-,Y,,,,,,,,,,N,2,0,2,3,A,-,8,22107,,F,G,B,E,A,H,-,C,D,0,Y,,,,Y,,D,22,2,0,0,0,2,0,0,0,0,- ,- ,32.77409,-115.57088,IMPERIAL,UNINCORPORATED,-115.5699776,32.774
90601260,2017,11/22/2017,9625,11/14/2017,2010,17809,,2,2,9,1300,0,1,3,,1,12,STATE ROUTE 86,SOUTH MARINA DRIVE,0,,Y,A,-,Y,,,86,,,,,,,Y,4,0,1,2,A,-,9,21453,C,N,D,C,A,A,H,-,C,A,0,,,,Y,Y,,D,22,0,0,1,0,0,0,0,0,0,- ,- ,33.27885,-115.96436,IMPERIAL,UNINCORPORATED,-115.9642622,33.27892377
90606091,2017,11/30/2017,9625,11/22/2017,455,18773,,3,3,9,1300,0,3,5,,2,50,BOWKER ROAD,MCCABE ROAD,0,,Y,A,-,N,,,,,,,,,,Y,4,0,2,4,A,-,9,21802,A,N,D,C,A,A,H,-,D,A,0,,,,,Y,,D,22,0,0,2,0,0,0,0,0,0,- ,- ,32.75211,-115.465,IMPERIAL,UNINCORPORATED,-115.4650201,32.75211007
90618666,2017,12/15/2017,9625,12/6/2017,1230,16248,,3,1,9,1300,0,1,3,,2,55,SR-115,BRIDENSTINE ROAD,0,,Y,A,-,Y,,,115,,,,,,,Y,4,0,2,3,A,-,9,21802,A,N,D,C,A,A,H,-,A,A,0,,,,,Y,,D,22,0,0,2,0,0,0,0,0,0,- ,- ,32.81122,-115.35444,IMPERIAL,UNINCORPORATED,-115.35444,32.81113186
90628768,2017,12/28/2017,9620,12/21/2017,1115,15647,,4,1,9,1300,0,1,3,,1,63,SR-78,MIDWAY WELL RD,5280,E,N,A,G,Y,,,78,,,,,,,Y,3,0,1,1,A,-,8,22107,,N,E,I,A,A,H,-,A,D,0,,,,,Y,,A,1,0,1,0,0,0,0,0,0,0,- ,- ,33.23091,-114.84555,IMPERIAL,UNINCORPORATED,-114.8456991,33.23105681
90638438,2018,8/31/2018,9625,1/5/2018,1430,19035,,5,2,9,1300,0,3,5,,2,50,MERIDIAN ST.,BLOOMFIELD ST.,287,W,N,A,-,N,,,,,,,,,,Y,4,0,1,2,A,-,8,22107,,N,B,E,A,A,H,-,A,D,0,,,,,Y,,A,7,0,0,1,0,0,0,0,0,0,- ,- ,32.73329926,-115.5225983,IMPERIAL,UNINCORPORATED,-115.5223846,32.73326492
9064109,2020,5/14/2020,1304,2/25/2020,1442,335,ELCE,2,5,4,1304,0,0,0,,0,EAST,7TH,PARK,0,,Y,A,-,N,,,,,,,,,,N,4,0,1,2,A,-,9,21804,A,N,D,G,A,A,H,-,A,A,0,,Y,,,Y,,L,4,0,0,1,0,0,0,1,0,0,- ,- ,,,IMPERIAL,EL CENTRO,-115.5591278,32.79586029
90663360,2017,2/16/2018,9625,10/4/2017,2500,18933,,3,4,9,1300,0,1,1,,2,1,INTERSTATE 8 EASTBOUND,MOUNTAIN SPRINGS ROAD,7155,W,N,A,-,Y,,,8,,,,,,E,Y,1,1,0,1,A,-,8,22107,,N,F,A,A,A,H,-,D,D,0,,,Y,,Y,,C,2,0,0,0,0,0,0,0,1,0,- ,- ,32.66435,-116.10576,IMPERIAL,UNINCORPORATED,-116.1056532,32.66437879
90668548,2018,2/23/2018,9625,2/9/2018,1729,19035,,5,2,9,1300,0,3,5,,2,50,OLD HIGHWAY 111,ATEN ROAD,2523,N,N,A,-,Y,,,,,,,,,,Y,4,0,3,2,A,-,8,22107,,N,A,C,A,A,H,-,B,D,0,,,,,Y,,D,22,0,0,3,0,0,0,0,0,0,- ,- ,32.83269882,-115.5011978,IMPERIAL,UNINCORPORATED,-115.5012512,32.83266449
90672846,2018,3/1/2018,9625,2/17/2018,1245,17432,,6,1,9,1300,0,1,1,,2,4,I-8 (W/B),IMPERIAL HIGHWAY,14256,E,N,A,-,Y,,,8,,,,,,,Y,4,0,2,1,A,-,8,22107,,N,E,J,A,A,H,-,A,D,0,,,,,Y,,A,1,0,0,2,0,0,0,0,0,0,- ,- ,32.74491882,-115.9496078,IMPERIAL,UNINCORPORATED,-115.9496155,32.74494553
90675233,2018,3/5/2018,9625,2/22/2018,1220,18930,,4,1,9,1300,0,1,3,,2,23,SR-115 S/B,SHANK ROAD,108,N,N,A,-,Y,,,115,,,,,,S,N,3,0,1,1,A,-,8,22107,,N,F,A,A,A,H,-,A,D,0,,,Y,,Y,,C,2,0,1,0,0,0,0,0,0,1,- ,- ,33.00090027,-115.4489975,IMPERIAL,UNINCORPORATED,-115.4488297,33.00090027
90685010,2018,3/19/2018,9625,3/13/2018,1305,17432,,2,1,9,1300,0,2,4,,2,46,DOGWOOD ROAD,FAWCETT ROAD,24,N,N,A,-,N,,,,,,,,,,N,4,0,1,2,A,-,5,21752,D,N,H,G,A,A,H,-,A,D,0,,Y,,,Y,,A,8,0,0,1,0,0,0,1,0,0,- ,- ,32.72451019,-115.5334167,IMPERIAL,UNINCORPORATED,-115.5343399,32.72341537
90704947,2017,4/13/2018,9625,12/27/2017,2110,18279,,3,2,9,1300,0,1,3,,1,12,STATE ROUTE 86 (N/B),AIR PARK DRIVE,22704,S,N,A,-,Y,,,86,,,,,,,Y,1,1,1,2,A,-,11,21956,A,N,G,B,E,A,H,-,D,D,0,Y,,,,Y,,N,60,0,0,1,1,0,0,0,0,0,- ,- ,33.19689,-115.9091,IMPERIAL,UNINCORPORATED,-115.9091808,33.19685496
90730321,2018,5/21/2018,9625,5/6/2018,1915,18930,,7,2,9,1300,0,1,3,,1,42,"SR-98, E/B",CORDA ROAD,415,E,N,A,-,Y,,,98,,,,,,E,Y,4,0,1,1,A,-,8,22107,,N,F,A,A,A,H,-,B,D,0,,,,,Y,,A,1,0,0,1,0,0,0,0,0,0,- ,- ,32.67959976,-115.5940018,IMPERIAL,UNINCORPORATED,-115.5939941,32.67964935
90730745,2018,5/21/2018,9625,5/16/2018,1514,18792,,3,2,9,1300,0,2,4,,2,46,DOGWOOD ROAD,WORTHINGTON ROAD,13,N,N,A,-,N,,,,,,,,,,N,4,0,2,2,A,-,3,22350,,N,C,C,A,A,H,-,A,A,0,,,,,Y,,A,1,0,0,2,0,0,0,0,0,0,- ,- ,32.84743881,-115.5356674,IMPERIAL,UNINCORPORATED,-115.5356827,32.84740448
90731702,2018,5/22/2018,9625,5/20/2018,2355,20263,,7,3,9,1300,0,1,3,,2,53,SR-111 N/B,SR-86,1000,S,N,A,-,Y,,,111,,,,,,N,N,3,0,1,2,A,-,1,23152,A,N,B,C,A,A,H,-,D,D,0,,,,,Y,Y,A,1,0,1,0,0,0,0,0,0,0,- ,- ,32.72655869,-115.5002518,IMPERIAL,UNINCORPORATED,-115.5003433,32.72655869
90733446,2018,5/24/2018,9625,5/16/2018,2350,19667,,3,3,9,1300,0,1,1,,2,4,I-8 W/B OFFRAMP,FORRESTER ROAD,290,E,N,A,-,Y,,,8,,,,,,W,Y,3,0,1,2,A,-,1,23152,A,M,C,C,A,A,H,-,D,D,0,,,,,Y,Y,A,1,0,1,0,0,0,0,0,0,0,- ,- ,32.77466965,-115.6191635,IMPERIAL,UNINCORPORATED,-115.6191559,32.7740097
90737158,2018,5/30/2018,9625,5/25/2018,1640,19668,,5,2,9,1300,0,2,4,,2,46,DOGWOOD ROAD,RALPH ROAD,276,N,N,A,-,N,,,,,,,,,,Y,3,0,1,1,A,-,8,22107,,N,F,A,A,A,H,-,A,D,0,,,,,Y,,A,1,0,1,0,0,0,0,0,0,0,- ,- ,32.86949921,-115.5354538,IMPERIAL,UNINCORPORATED,-115.5355682,32.86990356
90742050,2018,6/6/2018,9625,5/24/2018,440,19667,,4,3,9,1300,0,3,5,,2,40,DREW ROAD,LYONS ROAD,250,S,N,A,-,N,,,,,,,,,,Y,4,0,1,1,A,-,3,22350,,N,E,I,A,A,H,-,C,D,0,,,,,Y,,A,1,0,0,1,0,0,0,0,0,0,- ,- ,32.71611023,-115.6791,IMPERIAL,UNINCORPORATED,-115.6789398,32.71530914
90742740,2018,6/6/2018,9620,5/30/2018,1325,18535,,3,1,9,1300,0,2,4,,1,72,4TH AVENUE,INTERSTATE 8,528,S,N,A,-,N,,,,,,,,,,N,4,0,2,2,A,-,3,22350,,N,C,C,A,A,H,-,A,D,0,,,,,Y,,A,7,0,0,2,0,0,0,0,0,0,- ,- ,32.73069,-114.6247864,IMPERIAL,UNINCORPORATED,-115.5523224,32.77370071
90770697,2018,7/17/2018,9625,7/4/2018,1455,17432,,3,2,9,1300,0,1,3,,1,51,STATE ROUTE 7,STATE ROUTE 7 EXPRESSWAY,0,,Y,A,-,Y,,,7,,,,,,,Y,2,0,1,2,A,-,9,21802,A,N,D,C,A,A,H,-,A,A,0,,,Y,,Y,,A,1,1,0,0,0,0,0,0,0,1,- ,- ,32.68312836,-115.3862228,IMPERIAL,UNINCORPORATED,-115.3862228,32.68312454
90797946,2018,8/27/2018,9620,8/22/2018,643,18535,,3,1,9,1300,0,2,4,,1,75,PICACHO ROAD (S-24),INDIAN ROCK RD,0,,Y,A,-,N,,,,,,,,,,Y,4,0,2,2,A,-,9,21802,A,N,D,C,A,A,H,-,A,A,0,,,,,Y,,A,1,0,0,2,0,0,0,0,0,0,- ,- ,32.76004028,-114.6161194,IMPERIAL,UNINCORPORATED,-114.616127,32.76005936
90798647,2018,8/27/2018,9625,8/19/2018,305,20704,,7,3,9,1300,0,3,5,,2,50,CHICK ROAD,PITZER ROAD,0,,Y,A,-,N,,,,,,,,,,Y,3,0,2,1,A,-,1,23152,A,N,E,I,A,A,H,-,D,A,0,,,,,Y,Y,D,22,0,2,0,0,0,0,0,0,0,- ,- ,32.7669487,-115.5177689,IMPERIAL,UNINCORPORATED,-115.5180206,32.76691818
90807752,2018,9/7/2018,9625,8/27/2018,625,13627,,1,1,9,1300,0,2,4,,2,57,EVAN HEWES HIGHWAY,MELOLAND ROAD,561,W,N,A,-,N,,,,,,,,,,Y,3,0,3,3,A,-,3,22350,,N,C,C,A,A,H,-,B,D,0,,,,,Y,,A,7,0,3,0,0,0,0,0,0,0,- ,- ,32.80332184,-115.4498672,IMPERIAL,UNINCORPORATED,-115.4498062,32.80333328
90811350,2018,9/12/2018,9625,3/20/2018,600,17432,,2,1,9,1300,0,3,5,,2,40,KEYSTONE ROAD,AUSTIN ROAD,522,W,N,A,-,N,,,,,,,,,,Y,1,2,3,1,A,-,8,22107,,N,F,A,A,A,H,-,D,D,0,,,,,Y,,A,7,0,0,3,0,0,0,0,0,0,- ,- ,32.91292953,-115.5970078,IMPERIAL,UNINCORPORATED,-115.5965958,32.91268921
9081394,2020,6/23/2020,1304,3/14/2020,1155,341,EEAST,6,5,4,1304,0,0,0,,0,EAST,WAKE,THOMAS DR,77,E,N,A,-,N,,,,,,,,,,N,4,0,1,1,A,-,8,22107,,N,E,I,A,A,H,-,A,D,0,,,Y,,Y,,C,2,0,0,1,0,0,0,0,0,1,- ,- ,,,IMPERIAL,EL CENTRO,-115.5574417,32.77100372
90827463,2018,10/3/2018,9625,9/24/2018,825,18279,,1,1,9,1300,0,2,4,,2,46,DOGWOOD ROAD,HARRIS ROAD,0,,Y,A,-,N,,,,,,,,,,Y,3,0,1,2,A,-,9,21802,A,N,D,C,A,A,H,-,A,A,0,,,,Y,Y,,G,27,0,1,0,0,0,0,0,0,0,- ,- ,32.88671875,-115.5354996,IMPERIAL,UNINCORPORATED,-115.5354996,32.88365173
90836049,2018,10/15/2018,9625,10/12/2018,1550,19225,,5,2,9,1300,0,1,1,,2,1,INTERSTATE 8 EASTBOUND,SR-98,5280,W,N,A,-,Y,,,8,,,,,,E,Y,3,0,1,1,A,-,8,22107,,N,E,I,A,A,H,-,A,D,0,,,,,Y,,A,1,0,1,0,0,0,0,0,0,0,- ,- ,32.72463989,-116.0374374,IMPERIAL,UNINCORPORATED,-116.0374222,32.72459412
9084788,2020,6/26/2020,1301,3/4/2020,741,915,BRAWL,3,5,3,1301,0,0,0,,0,0B1,N 1ST,E ST,0,,Y,A,-,N,,,,,,,,,,N,3,0,1,2,A,-,10,21950,A,N,G,B,B,A,H,-,A,A,0,Y,,,,Y,,D,22,0,1,0,0,1,0,0,0,0,- ,- ,,,IMPERIAL,BRAWLEY,-115.5416489,32.97977066
90849919,2018,10/31/2018,9625,10/23/2018,747,16248,,2,1,9,1300,0,2,4,,2,46,DOGWOOD ROAD,SR-86,331,N,N,A,-,N,,,,,,,,,,N,3,0,1,2,A,-,11,21954,A,N,G,B,D,A,H,-,A,D,0,Y,,,,Y,,N,60,0,1,0,0,1,0,0,0,0,- ,- ,32.73159027,-115.5344467,IMPERIAL,UNINCORPORATED,-115.5344467,32.73159027
90858247,2018,11/12/2018,9625,11/1/2018,1532,18464,,4,2,9,1300,0,3,5,,2,20,BLAIR ROAD,PETERSON RD,445,N,N,A,-,N,,,,,,,,,,N,4,0,1,2,A,-,9,21804,A,N,D,C,A,A,H,-,A,A,0,,,,,Y,,A,1,0,0,1,0,0,0,0,0,0,- ,- ,33.16324997,-115.4931793,IMPERIAL,UNINCORPORATED,-115.4931717,33.16326523
90859879,2018,11/14/2018,9625,11/4/2018,5,18773,,7,3,9,1300,0,3,5,,2,40,MAPLE AVENUE,CHERRY LANE,200,E,N,A,-,N,,,,,,,,,,Y,3,0,1,2,A,-,1,23152,A,N,B,E,A,A,H,-,C,D,0,,,,,Y,Y,A,7,0,1,0,0,0,0,0,0,0,- ,- ,32.74081039,-115.5408936,IMPERIAL,UNINCORPORATED,-115.541214,32.7408638
90860746,2018,11/15/2018,9625,11/2/2018,745,17055,,5,1,9,1300,0,3,5,,2,10,SEA PALM AVENUE,SEA FAIR AVENUE,25,E,N,A,-,N,,,,,,,,,,N,3,0,1,2,A,-,3,22350,,N,B,C,A,A,H,-,A,A,0,,,,,Y,,A,7,0,1,0,0,0,0,0,0,0,- ,- ,33.30873871,-115.9594574,IMPERIAL,UNINCORPORATED,-115.959465,33.30869293
90862747,2018,11/19/2018,9625,11/14/2018,540,20263,,3,3,9,1300,0,2,4,,2,57,EVAN HEWES HIGHWAY,COUNTRY CLUB DRIVE,0,,Y,A,-,N,,,,,,,,,,Y,4,0,2,3,A,-,12,22450,A,N,D,C,A,A,H,-,B,A,0,,,,,Y,,A,1,0,0,2,0,0,0,0,0,0,- ,- ,32.80432129,-115.4220123,IMPERIAL,UNINCORPORATED,-115.4219666,32.80443192
90875901,2018,12/5/2018,9625,11/23/2018,750,17432,,5,1,9,1300,0,1,1,,2,4,I-8 (W/B),IMPERIAL HIGHWAY,13200,E,N,A,-,Y,,,8,,,,,,,Y,4,0,4,2,A,-,7,21658,A,N,C,C,A,A,H,-,A,D,0,,,,,Y,,A,1,0,0,4,0,0,0,0,0,0,- ,- ,32.74459839,-115.9525299,IMPERIAL,UNINCORPORATED,-115.9525223,32.74455261