CASE_ID,ACCIDENT_YEAR,PROC_DATE,JURIS,COLLISION_DATE,COLLISION_TIME,OFFICER_ID,REPORTING_DISTRICT,DAY_OF_WEEK,CHP_SHIFT,POPULATION,CNTY_CITY_LOC,SPECIAL_COND,BEAT_TYPE,CHP_BEAT_TYPE,CITY_DIVISION_LAPD,CHP_BEAT_CLASS,BEAT_NUMBER,PRIMARY_RD,SECONDARY_RD,DISTANCE,DIRECTION,INTERSECTION,WEATHER_1,WEATHER_2,STATE_HWY_IND,CALTRANS_COUNTY,CALTRANS_DISTRICT,STATE_ROUTE,ROUTE_SUFFIX,POSTMILE_PREFIX,POSTMILE,LOCATION_TYPE,RAMP_INTERSECTION,SIDE_OF_HWY,TOW_AWAY,COLLISION_SEVERITY,NUMBER_KILLED,NUMBER_INJURED,PARTY_COUNT,PRIMARY_COLL_FACTOR,PCF_CODE_OF_VIOL,PCF_VIOL_CATEGORY,PCF_VIOLATION,PCF_VIOL_SUBSECTION,HIT_AND_RUN,TYPE_OF_COLLISION,MVIW,PED_ACTION,ROAD_SURFACE,ROAD_COND_1,ROAD_COND_2,LIGHTING,CONTROL_DEVICE,CHP_ROAD_TYPE,PEDESTRIAN_ACCIDENT,BICYCLE_ACCIDENT,MOTORCYCLE_ACCIDENT,TRUCK_ACCIDENT,NOT_PRIVATE_PROPERTY,ALCOHOL_INVOLVED,STWD_VEHTYPE_AT_FAULT,CHP_VEHTYPE_AT_FAULT,COUNT_SEVERE_INJ,COUNT_VISIBLE_INJ,COUNT_COMPLAINT_PAIN,COUNT_PED_KILLED,COUNT_PED_INJURED,COUNT_BICYCLIST_KILLED,COUNT_BICYCLIST_INJURED,COUNT_MC_KILLED,COUNT_MC_INJURED,PRIMARY_RAMP,SECONDARY_RAMP,LATITUDE,LONGITUDE,COUNTY,CITY,POINT_X,POINT_Y
90876021,2018,12/5/2018,9625,11/28/2018,525,20111,,3,3,3,1301,0,1,3,,1,11,"WALKER ROAD, W/B",FORRESTER ROAD,1901,E,N,A,-,N,,,,,,,,,,Y,3,0,5,2,A,-,8,22107,,N,A,A,A,A,H,-,C,A,0,,,,,Y,,D,22,0,1,4,0,0,0,0,0,0,- ,- ,33.07498169,-115.6149521,IMPERIAL,BRAWLEY,-115.614502,33.07534409
90884335,2018,12/17/2018,9625,12/5/2018,925,13627,,3,1,9,1300,0,3,5,,2,50,BOWKER ROAD,JASPER ROAD,0,,Y,B,-,N,,,,,,,,,,Y,4,0,1,2,A,-,5,21752,D,N,D,C,A,A,H,-,A,D,0,,,,,Y,,D,22,0,0,1,0,0,0,0,0,0,- ,- ,32.70853043,-115.4649963,IMPERIAL,UNINCORPORATED,-115.4651031,32.70856094
90886125,2018,1/7/2019,9625,12/12/2018,538,19668,,3,3,9,1300,0,3,5,,2,50,ROSS ROAD,BASS COVE ROAD,3590,W,N,A,-,N,,,,,,,,,,Y,2,0,1,1,A,-,1,23152,A,N,E,I,A,A,H,-,D,D,0,,,,,Y,Y,A,1,1,0,0,0,0,0,0,0,0,- ,- ,32.78150177,-115.523613,IMPERIAL,UNINCORPORATED,-115.5265808,32.78150177
90894205,2018,12/31/2018,9620,12/22/2018,1805,18734,,6,2,9,1300,0,1,1,,2,81,I-8 E/B,BROCK RESEARCH CENTER RD,2112,W,N,A,-,Y,,,8,,,,,,E,Y,3,0,1,1,A,-,1,23152,A,N,F,A,A,A,H,-,E,D,0,,,,,Y,Y,A,7,0,1,0,0,0,0,0,0,0,- ,- ,32.70772171,-115.0427017,IMPERIAL,UNINCORPORATED,-115.0427017,32.70775604
90896683,2018,1/3/2019,9625,12/27/2018,1740,19225,,4,2,9,1300,0,1,3,,2,53,STATE ROUTE 111 S/B,MCCABE ROAD,1214,S,N,A,-,Y,,,111,,,,,,S,Y,4,0,1,2,A,-,3,22350,,N,C,C,A,A,H,-,D,D,0,,,,,Y,,A,1,0,0,1,0,0,0,0,0,0,- ,- ,32.74879837,-115.5008011,IMPERIAL,UNINCORPORATED,-115.5007095,32.74880219
90899931,2018,1/8/2019,9625,12/28/2018,1023,18464,,5,1,9,1300,0,1,1,,2,1,I-8 (E/B),SR-98,8976,W,N,A,-,Y,,,8,,,,,,,Y,4,0,1,1,A,-,8,22107,,N,E,J,A,A,H,-,A,D,0,,,,,Y,,D,22,0,0,1,0,0,0,0,0,0,- ,- ,32.71968079,-116.0479507,IMPERIAL,UNINCORPORATED,-116.0479279,32.71965408
90915935,2019,1/30/2019,9620,1/25/2019,901,19582,,5,1,9,1300,0,2,4,,1,61,OGILBY RD,HYDUKE MINE RD.,1584,S,N,A,-,N,,,,,,,,,,Y,4,0,1,1,A,-,3,22350,,N,F,A,A,A,H,-,A,D,0,,,,,Y,,D,22,0,0,1,0,0,0,0,0,0,- ,- ,32.9282608,-114.8424988,IMPERIAL,UNINCORPORATED,-114.8425598,32.92822266
90920858,2019,2/6/2019,9625,1/28/2019,1255,19225,,1,1,9,1300,0,1,1,,2,4,INTERSTATE 8 (WESTBOUND),WESTSIDE ROAD,397,E,N,A,-,Y,,,8,,,,,,,Y,4,0,2,1,A,-,8,22107,,N,F,A,A,A,H,-,A,D,0,,,,,Y,,A,1,0,0,2,0,0,0,0,0,0,- ,- ,32.77410889,-115.7318726,IMPERIAL,UNINCORPORATED,-115.7318726,32.77415085
90921691,2019,2/7/2019,9625,1/31/2019,1753,17809,,4,2,9,1300,0,1,3,,1,44,STATE ROUTE 86 N/B,WEAVER ROAD,2124,N,N,C,-,Y,,,86,,,,,,N,N,4,0,1,2,A,-,3,22350,,N,D,C,A,B,H,-,D,A,0,,,,,Y,,D,22,0,0,1,0,0,0,0,0,0,- ,- ,32.94174957,-115.5699768,IMPERIAL,UNINCORPORATED,-115.5700989,32.94174576
90922099,2019,2/8/2019,9625,2/1/2019,1522,19035,,5,2,9,1300,0,2,4,,2,45,EVAN HEWES HIGHWAY,HIGGINS LANE,15,E,N,A,-,N,,,,,,,,,,N,3,0,1,2,A,-,3,22350,,N,C,C,A,A,H,-,A,D,0,,,,,Y,,A,1,0,1,0,0,0,0,0,0,0,- ,- ,32.7961998,-115.601799,IMPERIAL,UNINCORPORATED,-115.6020813,32.79658127
90922524,2019,2/8/2019,9625,1/30/2019,1500,18930,,3,2,9,1300,0,1,3,,2,52,"SR-98, W/B",SR-7,300,E,N,A,-,Y,,,98,,,,,,W,Y,4,0,1,2,A,-,3,22350,,N,C,C,A,A,H,-,A,A,0,,,,,Y,,A,1,0,0,1,0,0,0,0,0,0,- ,- ,32.69390106,-115.3776016,IMPERIAL,UNINCORPORATED,-115.3776016,32.69377899
90939496,2019,3/5/2019,9620,2/25/2019,1657,17051,,1,2,9,1300,0,1,1,,2,81,I-8 W/B,S-34 (OGILBY RD),5280,W,N,A,-,Y,,,8,,,,,,W,Y,2,0,1,1,A,-,8,22107,,N,E,I,A,A,H,-,A,D,0,,,,,Y,,A,1,1,0,0,0,0,0,0,0,0,- ,- ,32.75730133,-114.8547287,IMPERIAL,UNINCORPORATED,-114.8546982,32.75721741
90940251,2019,3/18/2019,9625,2/22/2019,850,17055,,5,1,9,1300,0,2,4,,2,46,DOGWOOD ROAD,MCCABE ROAD,175,S,N,A,-,N,,,,,,,,,,N,4,0,1,2,A,-,3,22350,,N,C,C,A,A,H,-,A,D,0,,,,,Y,,A,1,0,0,1,0,0,0,0,0,0,- ,- ,32.75178909,-115.5349579,IMPERIAL,UNINCORPORATED,-115.5348969,32.75189209
90941712,2019,3/7/2019,9625,3/6/2019,1545,18279,,3,2,9,1300,0,1,3,,2,53,"SR-111, S/B",MCCABE ROAD,1200,N,N,A,-,Y,,,,,,,,,,Y,4,0,1,2,A,-,3,22350,,N,C,C,A,A,H,-,A,A,0,,,,,Y,,A,1,0,0,1,0,0,0,0,0,0,- ,- ,32.75625992,-115.5508575,IMPERIAL,UNINCORPORATED,,
90945167,2019,3/13/2019,9625,3/3/2019,1157,13627,,7,1,9,1300,0,3,5,,2,50,HEBER ROAD,ANDERHOLT ROAD,761,W,N,B,G,N,,,,,,,,,,Y,4,0,2,1,A,-,8,22107,,N,F,I,A,A,H,-,A,D,0,,,,,Y,,A,7,0,0,2,0,0,0,0,0,0,- ,- ,32.73022079,-115.4162674,IMPERIAL,UNINCORPORATED,-115.4162064,32.73016357
90953991,2019,3/26/2019,9625,3/16/2019,640,13627,,6,1,9,1300,0,1,3,,2,53,STATE ROUTE 111 (N/B),CHICK ROAD,101,N,N,A,-,Y,,,111,,,,,,,Y,4,0,1,1,A,-,1,23152,F,N,E,I,A,A,H,-,C,D,0,,,,,Y,,A,1,0,0,1,0,0,0,0,0,0,- ,- ,32.76808167,-115.5007629,IMPERIAL,UNINCORPORATED,-115.5009995,32.76807022
90963617,2019,4/8/2019,9625,3/31/2019,750,16248,,7,1,9,1300,0,3,5,,2,40,DREW ROAD,LYONS ROAD,2239,S,N,A,-,N,,,,,,,,,,Y,3,0,1,1,A,-,8,22107,,N,F,A,A,A,H,-,A,D,0,,,,,Y,,A,7,0,1,0,0,0,0,0,0,0,- ,- ,32.70930099,-115.6752014,IMPERIAL,UNINCORPORATED,-115.675972,32.710495
90968218,2019,5/15/2019,9625,4/11/2019,1518,19035,,4,2,9,1300,0,3,5,,2,50,ROSS ROAD,CITRUS LANE,402,E,N,A,-,N,,,,,,,,,,Y,4,0,1,2,A,-,8,22107,,N,D,C,A,A,H,-,A,D,0,,,,,Y,,A,1,0,0,1,0,0,0,0,0,0,- ,- ,32.78150177,-115.5149994,IMPERIAL,UNINCORPORATED,-115.5179825,32.78149033
90973623,2019,4/23/2019,9620,4/18/2019,1212,16015,,4,1,9,1300,0,2,4,,1,61,OGILBY RD,RT 78,14520,S,N,A,-,N,,,,,,,,,,N,3,0,1,2,A,-,17,23114,A,N,E,J,A,A,H,-,A,D,0,,,Y,,Y,,A,7,0,1,0,0,0,0,0,0,1,- ,- ,33.07344055,-114.9124908,IMPERIAL,UNINCORPORATED,-114.9156189,33.04619598
91003657,2019,6/5/2019,9625,5/25/2019,2359,20516,,6,3,9,1300,0,3,5,,2,20,NOFFSINGER ROAD,ROSANBALM ROAD,2773,E,N,A,-,N,,,,,,,,,,Y,3,0,1,1,A,-,1,23152,A,N,E,J,A,A,H,-,D,D,0,,,,,Y,Y,A,7,0,1,0,0,0,0,0,0,0,- ,- ,33.23389816,-115.4928207,IMPERIAL,UNINCORPORATED,-115.4928589,33.23388672
91012738,2019,6/18/2019,9625,6/6/2019,730,17727,,4,1,2,1306,0,1,3,,1,22,SR-111,DAVIS ROAD,465,N,N,A,-,Y,,,,,,,,,,Y,3,0,1,1,A,-,8,22107,,N,B,I,A,A,H,-,A,D,0,,,,Y,Y,,G,26,0,1,0,0,0,0,0,0,0,- ,- ,33.28620148,-115.5798035,IMPERIAL,IMPERIAL,-115.5798111,33.2862854
91017769,2019,7/26/2019,9625,6/18/2019,630,18279,,2,1,9,1300,0,1,1,,2,3,"I-8, E/B",DOGWOOD ROAD,2376,W,N,A,-,Y,,,,,,,,,,Y,1,1,0,1,A,-,8,22107,,N,F,A,A,A,H,-,A,D,0,,,,,Y,,A,1,0,0,0,0,0,0,0,0,0,- ,- ,32.77360916,-115.5422592,IMPERIAL,UNINCORPORATED,-115.5429001,32.77368927
91081077,2019,9/23/2019,9625,9/14/2019,1400,17727,,6,2,9,1300,0,3,5,,2,20,BRANDT ROAD,YOUNG ROAD,1375,N,N,A,-,N,,,,,,,,,,N,4,0,1,1,A,-,8,22107,,N,E,I,A,A,H,-,A,D,0,,,,,Y,,A,1,0,0,1,0,0,0,0,0,0,- ,- ,33.13679886,-115.5625992,IMPERIAL,UNINCORPORATED,-115.5625992,33.1367569
91086785,2019,9/30/2019,9625,9/22/2019,1656,18279,,7,2,9,1300,0,1,3,,1,21,SR-111,POUND RD,50,S,N,A,-,Y,,,111,,,,,,,Y,4,0,7,2,A,-,3,22350,,N,C,C,A,A,H,-,A,D,0,,,,,Y,,A,7,0,0,7,0,0,0,0,0,0,- ,- ,33.22005081,-115.5189896,IMPERIAL,UNINCORPORATED,-115.519043,33.22005081
91094737,2019,10/10/2019,9625,9/30/2019,625,17432,,1,1,9,1300,0,2,4,,2,45,EVAN HEWES HIGHWAY,WESTMORLAND ROAD,108,W,N,A,-,N,,,,,,,,,,Y,3,0,2,2,A,-,6,21751,,N,A,C,A,A,H,-,A,D,0,,,,,Y,,A,1,0,2,0,0,0,0,0,0,0,- ,- ,32.7910614,-115.7445908,IMPERIAL,UNINCORPORATED,-115.7446518,32.79106903
91098791,2019,10/16/2019,9625,10/5/2019,1527,18464,,6,2,9,1300,0,1,3,,2,52,SR-98,HOLDRIDGE ROAD,4224,W,N,A,-,Y,,,98,,,,,,,Y,2,0,5,1,A,-,8,22107,,N,F,A,A,A,H,-,A,D,0,,,,,Y,,D,22,2,1,2,0,0,0,0,0,0,- ,- ,32.69493103,-115.2889099,IMPERIAL,UNINCORPORATED,-115.2888718,32.69486618
91103548,2019,10/23/2019,9625,10/13/2019,418,20516,,7,3,9,1300,0,1,3,,1,11,S/B SR-86,ALLEN RD.,134,N,N,A,-,Y,,,86,,,,,,,Y,2,0,3,1,A,-,8,22107,,N,E,J,A,A,H,-,D,D,0,,,,,Y,,A,7,1,1,1,0,0,0,0,0,0,- ,- ,33.10351181,-115.8007736,IMPERIAL,UNINCORPORATED,-115.8007813,33.10347366
91118504,2019,11/12/2019,9625,11/10/2019,1822,20054,,7,2,9,1300,0,2,4,,2,46,WORTHINGTON ROAD,DOGWOOD ROAD,0,,Y,A,-,N,,,,,,,,,,N,4,0,1,2,A,-,12,22450,A,N,D,C,A,A,H,-,C,D,0,,,,,Y,,A,7,0,0,1,0,0,0,0,0,0,- ,- ,32.84741974,-115.5359802,IMPERIAL,UNINCORPORATED,-115.5356903,32.84737015
91141516,2019,12/11/2019,9625,12/6/2019,1018,18464,,5,1,9,1300,0,2,4,,2,45,EVAN HEWES HIGHWAY,HOLT AVENUE,500,E,N,A,-,N,,,,,,,,,,Y,4,0,2,1,A,-,8,22107,,N,F,A,A,A,H,-,A,D,0,,,,,Y,,A,1,0,0,2,0,0,0,0,0,0,- ,- ,32.79286957,-115.6856918,IMPERIAL,UNINCORPORATED,-115.6845474,32.79338837
91165498,2020,2/6/2020,9625,1/2/2020,830,17432,,4,1,9,1300,0,1,3,,1,42,STATE ROUTE 98,COYOTE #2 ROAD,11616,E,N,A,-,Y,,,98,,,,,,,Y,4,0,2,1,A,-,8,22107,,N,E,I,A,A,H,-,A,D,0,,,,,Y,,D,22,0,0,2,0,0,0,0,0,0,- ,- ,32.67155838,-115.8490982,IMPERIAL,UNINCORPORATED,-115.8490982,32.67153168
91180474,2020,2/5/2020,9625,1/25/2020,840,17432,,6,1,9,1300,0,2,4,,2,46,DOGWOOD ROAD,HAWK ROAD,160,S,N,A,-,N,,,,,,,,,,Y,4,0,2,1,A,-,3,22350,,N,E,I,A,A,H,-,A,D,0,,,,,Y,,A,1,0,0,2,0,0,0,0,0,0,- ,- ,32.73442841,-115.5346375,IMPERIAL,UNINCORPORATED,-115.5345001,32.73438263
91184565,2020,2/11/2020,9625,2/1/2020,753,20516,,6,1,9,1300,0,3,5,,2,50,HEBER ROAD,MELOLAND ROAD,860,E,N,A,-,N,,,,,,,,,,N,3,0,1,1,A,-,8,22107,,N,E,I,A,A,H,-,A,D,0,,,Y,,Y,,C,2,0,1,0,0,0,0,0,0,1,- ,- ,32.73025894,-115.4450302,IMPERIAL,UNINCORPORATED,,
91191086,2020,2/21/2020,9620,2/18/2020,1835,18535,,2,2,9,1300,0,1,1,,2,81,INTERSTATE 8 E/B,GRAYS WELL ROAD,5280,W,N,A,-,Y,,,8,,,,,,E,N,4,0,1,2,A,-,7,21658,A,N,B,C,A,A,H,-,D,D,0,,,,,Y,,D,22,0,0,1,0,0,0,0,0,0,- ,- ,32.73212814,-114.9019775,IMPERIAL,UNINCORPORATED,-114.9020157,32.73220825
91205109,2020,3/10/2020,9620,3/8/2020,2200,18468,,7,3,9,1300,0,1,3,,1,62,SR-186,ALL AMERICAN CANAL,1933,S,N,A,-,Y,,,186,,,,,,,Y,3,0,1,1,A,-,1,23152,A,N,E,I,A,A,H,-,D,D,0,,,,,Y,Y,A,1,0,1,0,0,0,0,0,0,0,- ,- ,32.73186111,-114.7169113,IMPERIAL,UNINCORPORATED,-114.7168503,32.73184204
91212088,2020,3/19/2020,9625,3/10/2020,800,17432,,2,1,9,1300,0,1,3,,1,54,STATE ROUTE 111 N/B,ATEN ROAD,1584,S,N,B,C,Y,,,111,,,,,,N,Y,4,0,5,3,A,-,3,22350,,N,C,C,A,B,H,-,A,D,0,,,,,Y,,A,1,0,0,5,0,0,0,0,0,0,- ,- ,32.82197952,-115.5001526,IMPERIAL,UNINCORPORATED,-115.5002594,32.82198334
91214904,2020,3/24/2020,9620,3/19/2020,1020,17837,,4,1,9,1300,0,2,4,,2,76,SENATOR WASH RD,IID CANAL ACCESS RD,0,,Y,A,-,N,,,,,,,,,,Y,2,0,2,2,A,-,9,21804,A,N,D,C,A,A,H,-,A,D,0,,,,,Y,,D,22,1,1,0,0,0,0,0,0,0,- ,- ,32.87250137,-114.4748001,IMPERIAL,UNINCORPORATED,,
91235577,2020,5/11/2020,9620,5/9/2020,746,19333,,6,1,9,1300,0,1,1,,2,82,INTERSTATE 8 E/B,WINTERHAVEN DRIVE,2640,W,N,A,-,Y,,,8,,,,,,E,Y,3,0,1,1,A,-,8,22107,,N,E,I,A,A,H,-,A,D,0,,,,,Y,,D,22,0,1,0,0,0,0,0,0,0,- ,- ,32.7370491,-114.6594391,IMPERIAL,UNINCORPORATED,-114.6594391,32.7371254
91239043,2020,5/18/2020,9625,5/9/2020,1630,17809,,6,2,9,1300,0,3,5,,2,20,TITSWORTH ROAD,BUTTERS ROAD,5,W,N,A,-,N,,,,,,,,,,Y,3,0,2,1,A,-,1,23152,A,N,F,J,A,A,H,-,A,A,0,,,,,Y,Y,D,22,0,2,0,0,0,0,0,0,0,- ,- ,33.07464981,-115.3716125,IMPERIAL,UNINCORPORATED,-115.37146,33.07477188
91243876,2020,5/28/2020,9620,5/19/2020,608,19953,,2,1,9,1300,0,2,4,,1,75,S24 (ROSS ROAD),PEREZ ROAD,0,,Y,A,-,N,,,,,,,,,,Y,2,0,6,2,A,-,1,23152,A,N,C,C,A,A,H,-,B,D,0,,,,,Y,Y,A,7,2,1,3,0,0,0,0,0,0,- ,- ,32.78173828,-114.5904922,IMPERIAL,UNINCORPORATED,,
91251435,2020,6/12/2020,9625,6/2/2020,2105,19667,,2,2,9,1300,0,3,5,,2,40,CLARK ROAD,ATEN ROAD,2111,S,N,A,-,N,,,,,,,,,,Y,4,0,1,2,A,-,3,22350,,N,C,C,A,A,H,-,D,A,0,,,,,Y,,A,1,0,0,1,0,0,0,0,0,0,- ,- ,32.81951904,-115.5616074,IMPERIAL,UNINCORPORATED,-115.5615234,32.81966019
91251863,2020,6/15/2020,9625,6/4/2020,2235,19667,,4,3,9,1300,0,1,1,,2,2,INTERSTATE 8 W/B,MOUNTAIN SPRINGS ROAD,1382,W,N,G,-,Y,,,8,,,,,,W,Y,2,0,1,1,A,-,8,22107,,N,F,A,A,A,H,-,D,D,0,,,,,Y,,A,1,1,0,0,0,0,0,0,0,0,- ,- ,32.67871857,-116.1003113,IMPERIAL,UNINCORPORATED,-116.1003113,32.67850876
91251922,2020,6/15/2020,9625,6/7/2020,525,19667,,7,3,9,1300,0,2,4,,2,57,EVAN HEWES HIGHWAY E/B,JAMES ROAD,255,E,N,A,-,N,,,,,,,,,,Y,3,0,1,1,A,-,8,22107,,N,F,A,A,A,H,-,A,D,0,,,,,Y,,D,22,0,1,0,0,0,0,0,0,0,- ,- ,32.80303955,-115.4625626,IMPERIAL,UNINCORPORATED,-115.4645386,32.80335999
91253683,2020,6/18/2020,9625,6/14/2020,643,20054,,7,1,9,1300,0,1,3,,1,42,SR-98,MOLITAR ROAD,10771,E,N,A,-,Y,,,98,,,,,,,Y,3,0,1,1,A,-,8,22107,,N,F,A,A,A,H,-,A,D,0,,,,,Y,Y,A,1,0,1,0,0,0,0,0,0,0,- ,- ,32.70539093,-115.9342728,IMPERIAL,UNINCORPORATED,-115.9343033,32.70536041
91260256,2020,6/29/2020,9625,6/28/2020,825,19225,,7,1,9,1300,0,1,3,,1,54,STATE ROUTE 111 (NORTHBOUND),ATEN ROAD,5280,N,N,A,-,Y,,,111,,,,,,,N,4,0,1,2,A,-,3,22350,,N,C,C,A,A,H,-,A,D,0,,,,,Y,,D,22,0,0,1,0,0,0,0,0,0,- ,- ,32.84072876,-115.5039825,IMPERIAL,UNINCORPORATED,-115.5038071,32.84083939
91286592,2020,8/14/2020,9625,8/13/2020,8,22010,,4,3,9,1300,0,1,3,,2,53,SR-111 S/B,HEBER ROAD,200,S,N,A,-,Y,,,111,,,,,,S,Y,4,0,3,2,A,-,3,22350,,N,C,C,A,A,H,-,C,D,0,,,,,Y,,A,1,0,0,3,0,0,0,0,0,0,- ,- ,32.72924042,-115.5004578,IMPERIAL,UNINCORPORATED,-115.5003891,32.72924042
91287636,2020,8/19/2020,9625,8/7/2020,1000,18930,,5,1,9,1300,0,1,3,,1,54,SR-111 N/B,WORTHINGTON ROAD,0,,Y,A,-,Y,,,111,,,,,,N,Y,4,0,1,2,A,-,12,21453,A,N,D,C,A,A,H,-,A,A,0,,,,,Y,,A,1,0,0,1,0,0,0,0,0,0,- ,- ,32.84730148,-115.5074997,IMPERIAL,UNINCORPORATED,-115.5075836,32.84726334
91293849,2020,8/27/2020,9625,8/24/2020,1410,19668,,1,2,9,1300,0,1,3,,2,56,SR-111 S/B,ATEN ROAD,0,,Y,A,-,Y,,,111,,,,,,S,Y,3,0,3,2,A,-,12,21453,A,N,D,C,A,A,H,-,A,A,0,,,,,Y,,A,1,0,3,0,0,0,0,0,0,0,- ,- ,32.82564926,-115.5004196,IMPERIAL,UNINCORPORATED,-115.500206,32.82564545
91301154,2020,9/9/2020,9625,8/29/2020,1934,20738,,6,2,9,1300,0,2,4,,2,46,DOGWOOD ROAD,HARRIS ROAD,200,S,N,A,-,N,,,,,,,,,,Y,4,0,3,4,A,-,1,23152,F,F,C,C,F,A,H,-,B,D,0,Y,,,,Y,,A,1,0,0,3,0,2,0,0,0,0,- ,- ,32.88336182,-115.5355911,IMPERIAL,UNINCORPORATED,-115.5355072,32.88310242
91305728,2020,9/16/2020,9625,9/6/2020,1415,18792,,7,2,9,1300,0,2,4,,2,45,EVAN HEWES HIGHWAY,LOTUS AVENUE,580,W,N,A,-,N,,,,,,,,,,N,4,0,1,2,A,-,5,21651,A,N,B,C,A,A,H,-,A,D,0,,,,,Y,,A,1,0,0,1,0,0,0,0,0,0,- ,- ,32.79655075,-115.5867233,IMPERIAL,UNINCORPORATED,,
91332557,2020,10/27/2020,9625,10/17/2020,1835,19225,,6,2,9,1300,0,1,3,,2,53,SR-111 S/B,HEBER ROAD,15,S,N,A,-,Y,,,111,,,,,,S,N,4,0,2,2,A,-,3,22350,,N,C,C,A,A,H,-,C,A,0,,,,,Y,,A,1,0,0,2,0,0,0,0,0,0,- ,- ,32.73073959,-115.5005112,IMPERIAL,UNINCORPORATED,-115.500412,32.73074341
91332591,2020,10/27/2020,9625,10/17/2020,303,18468,,6,3,9,1300,0,1,1,,2,1,INTERSTATE 8 (E/B),STATE ROUTE 98,4659,W,N,A,-,Y,,,8,,,,,,,Y,4,0,1,1,A,-,1,23152,A,N,E,I,A,A,H,-,D,D,0,,,,,Y,Y,A,1,0,0,1,0,0,0,0,0,0,- ,- ,32.72504044,-116.0357666,IMPERIAL,UNINCORPORATED,-116.035759,32.72498703
91357196,2020,12/2/2020,9625,11/22/2020,1100,16248,,7,1,9,1300,0,3,5,,2,20,ROSENBALM ROAD,NOFFSINGER ROAD,33,S,N,A,-,N,,,,,,,,,,Y,4,0,1,1,A,-,3,22350,,N,F,A,A,A,H,-,A,D,0,,,,,Y,,A,7,0,0,1,0,0,0,0,0,0,- ,- ,33.23448181,-115.5018616,IMPERIAL,UNINCORPORATED,,
91358601,2020,12/3/2020,9625,11/20/2020,1936,19582,,5,2,9,1300,0,1,3,,1,11,SR-86,NORM NIVER,1240,S,N,A,-,Y,,,86,,,,,,,Y,4,0,1,3,A,-,3,22350,,N,C,C,E,A,H,-,D,D,0,Y,,,,Y,,A,1,0,0,1,0,1,0,0,0,0,- ,- ,33.3532486,-116.0171738,IMPERIAL,UNINCORPORATED,-116.0171967,33.35324097
91372565,2020,1/11/2021,9625,12/12/2020,1212,18933,,6,1,9,1300,0,1,3,,1,12,S/B SR-86,NORM NIVER ROAD,0,,Y,A,-,Y,,,86,,,,,,,Y,4,0,1,3,A,-,9,21802,A,N,D,C,A,A,H,-,A,A,0,,,,,Y,,A,1,0,0,1,0,0,0,0,0,0,- ,- ,33.35734177,-116.0187378,IMPERIAL,UNINCORPORATED,-116.0188141,33.35731888
91386590,2021,1/13/2021,9625,1/8/2021,650,16248,,5,1,9,1300,0,1,3,,1,54,SR-111 N/B,WORTHINGTON ROAD,15,S,N,A,-,Y,,,111,,,,,,N,N,4,0,1,2,A,-,3,22350,,N,C,C,A,A,H,-,A,A,0,,,,,Y,,D,22,0,0,1,0,0,0,0,0,0,- ,- ,32.84727097,-115.5074921,IMPERIAL,UNINCORPORATED,-115.507576,32.84723663
91392092,2020,1/21/2021,9625,11/28/2020,1345,18368,,6,1,9,1300,0,1,1,,2,1,I-8 E/B,MOUNTAIN SPRINGS ROAD,3861,W,N,A,-,Y,,,8,,,,,,E,Y,1,1,1,1,A,-,8,22107,,N,E,I,A,A,H,-,A,D,0,,,,,Y,,A,1,1,0,0,0,0,0,0,0,0,- ,- ,32.66893005,-116.1057205,IMPERIAL,UNINCORPORATED,-116.1055984,32.66890717
91412987,2021,2/22/2021,9625,2/12/2021,958,18617,,5,1,9,1300,0,2,4,,2,47,FORRESTER ROAD,KEYSTONE ROAD,2640,N,N,B,-,N,,,,,,,,,,Y,3,0,1,1,A,-,8,22107,,N,E,J,A,A,H,-,A,D,0,,,,,Y,,A,1,0,1,0,0,0,0,0,0,0,- ,- ,32.92155075,-115.6210709,IMPERIAL,UNINCORPORATED,-115.6211166,32.9209404
9141941,2020,12/9/2020,1304,8/10/2020,215,325,ELCE,1,5,4,1304,0,0,0,,0,WEST,S 4TH ST,AURORA DR,0,,N,A,-,Y,IMP,11,86,-,-,6.35,H,-,N,Y,3,0,1,2,A,-,9,21801,A,N,A,C,A,A,-,-,C,A,0,,,,,Y,,A,1,0,1,0,0,0,0,0,0,0,- ,- ,,,IMPERIAL,EL CENTRO,-115.5523682,32.77881622
91420500,2021,3/4/2021,9625,2/24/2021,520,20111,,3,3,9,1300,0,3,5,,2,40,CADY ROAD,PELLETT ROAD,0,,Y,A,-,N,,,,,,,,,,Y,3,0,1,1,A,-,3,22350,,N,E,I,A,A,H,-,D,D,0,,,,,Y,,A,1,0,1,0,0,0,0,0,0,0,- ,- ,32.97737122,-115.6755219,IMPERIAL,UNINCORPORATED,-115.6753769,32.97745895