CASE_ID,ACCIDENT_YEAR,PROC_DATE,JURIS,COLLISION_DATE,COLLISION_TIME,OFFICER_ID,REPORTING_DISTRICT,DAY_OF_WEEK,CHP_SHIFT,POPULATION,CNTY_CITY_LOC,SPECIAL_COND,BEAT_TYPE,CHP_BEAT_TYPE,CITY_DIVISION_LAPD,CHP_BEAT_CLASS,BEAT_NUMBER,PRIMARY_RD,SECONDARY_RD,DISTANCE,DIRECTION,INTERSECTION,WEATHER_1,WEATHER_2,STATE_HWY_IND,CALTRANS_COUNTY,CALTRANS_DISTRICT,STATE_ROUTE,ROUTE_SUFFIX,POSTMILE_PREFIX,POSTMILE,LOCATION_TYPE,RAMP_INTERSECTION,SIDE_OF_HWY,TOW_AWAY,COLLISION_SEVERITY,NUMBER_KILLED,NUMBER_INJURED,PARTY_COUNT,PRIMARY_COLL_FACTOR,PCF_CODE_OF_VIOL,PCF_VIOL_CATEGORY,PCF_VIOLATION,PCF_VIOL_SUBSECTION,HIT_AND_RUN,TYPE_OF_COLLISION,MVIW,PED_ACTION,ROAD_SURFACE,ROAD_COND_1,ROAD_COND_2,LIGHTING,CONTROL_DEVICE,CHP_ROAD_TYPE,PEDESTRIAN_ACCIDENT,BICYCLE_ACCIDENT,MOTORCYCLE_ACCIDENT,TRUCK_ACCIDENT,NOT_PRIVATE_PROPERTY,ALCOHOL_INVOLVED,STWD_VEHTYPE_AT_FAULT,CHP_VEHTYPE_AT_FAULT,COUNT_SEVERE_INJ,COUNT_VISIBLE_INJ,COUNT_COMPLAINT_PAIN,COUNT_PED_KILLED,COUNT_PED_INJURED,COUNT_BICYCLIST_KILLED,COUNT_BICYCLIST_INJURED,COUNT_MC_KILLED,COUNT_MC_INJURED,PRIMARY_RAMP,SECONDARY_RAMP,LATITUDE,LONGITUDE,COUNTY,CITY,POINT_X,POINT_Y
91423695,2021,3/9/2021,9625,3/3/2021,1445,19667,,3,2,9,1300,0,1,1,,2,1,I-8 E/B,MOUNTAIN SPRINGS ROAD,13253,E,N,C,G,Y,,,8,,,,,,E,Y,3,0,1,2,A,-,3,22350,,N,C,C,A,B,H,-,A,D,0,,,,Y,Y,,A,7,0,1,0,0,0,0,0,0,0,- ,- ,32.68587875,-116.0656128,IMPERIAL,UNINCORPORATED,-116.065506,32.68584442
91428999,2021,3/17/2021,9625,3/5/2021,2151,20738,,5,2,9,1300,0,1,3,,2,13,SR-78,COUNTY LINE ROAD,2295,E,N,A,-,Y,,,78,,,,,,,Y,2,0,3,2,A,-,8,22107,,N,D,C,A,A,H,-,D,D,0,,,,,Y,Y,D,22,1,1,1,0,0,0,0,0,0,- ,- ,33.1302681,-116.073761,IMPERIAL,UNINCORPORATED,-116.0737686,33.13024521
91431842,2021,3/22/2021,9625,3/14/2021,505,20738,,7,3,9,1300,0,3,5,,2,20,KERSHAW ROAD,YOCUM ROAD,0,,Y,A,-,N,,,,,,,,,,Y,3,0,1,1,A,-,3,22350,,N,E,I,A,A,H,-,D,D,0,,,,,Y,,A,1,0,1,0,0,0,0,0,0,0,- ,- ,33.11120987,-115.5619125,IMPERIAL,UNINCORPORATED,-115.5084991,33.11119843
91433149,2021,3/23/2021,9620,3/16/2021,2225,18703,,2,3,9,1300,0,3,5,,2,70,FLOOD RD,STALNACKER RD,28,N,N,A,-,N,,,,,,,,,,N,3,0,1,1,A,-,8,22107,,N,F,A,A,A,H,-,D,D,0,,,,,Y,,A,1,0,1,0,0,0,0,0,0,0,- ,- ,32.80447006,-114.5651093,IMPERIAL,UNINCORPORATED,-114.5648956,32.80435562
91447008,2021,4/9/2021,9625,3/30/2021,833,18368,,2,1,9,1300,0,1,3,,1,42,SR-98,BROCKMAN ROAD,0,,Y,A,-,Y,,,98,,,,,,,Y,4,0,1,2,A,-,9,21802,B,N,D,C,A,A,H,-,A,D,0,,,,Y,Y,,G,25,0,0,1,0,0,0,0,0,0,- ,- ,32.67922974,-115.6378403,IMPERIAL,UNINCORPORATED,-115.6378403,32.67923355
91454596,2021,4/20/2021,9625,2/12/2021,2028,18930,,5,2,9,1300,0,3,5,,2,40,CLARK ROAD,SR-98,225,N,N,A,-,N,,,,,,,,,,N,2,0,1,2,A,-,11,21954,A,F,G,B,E,A,H,-,D,D,0,Y,,,,Y,,N,60,1,0,0,0,1,0,0,0,0,- ,- ,32.68069839,-115.5597992,IMPERIAL,UNINCORPORATED,-115.5597305,32.67994308
91467033,2021,5/6/2021,9625,2/27/2021,1107,16248,,6,1,9,1300,0,1,1,,2,4,I-8 W/B,DUNAWAY ROAD,10296,W,N,A,-,Y,,,8,,,,,,W,Y,1,1,0,2,A,-,3,22350,,N,C,C,A,A,H,-,A,D,0,,,Y,,Y,,C,2,0,0,0,0,0,0,0,1,0,- ,- ,32.76234055,-115.8336868,IMPERIAL,UNINCORPORATED,-115.8336945,32.76236725
91473551,2021,5/14/2021,9625,5/7/2021,1151,18468,,5,1,9,1300,0,2,4,,2,46,DOGWOOD ROAD,HARRIS ROAD,0,,Y,A,-,N,,,,,,,,,,Y,3,0,1,2,A,-,5,21752,D,N,B,C,A,A,H,-,A,D,0,,,,,Y,,A,1,0,1,0,0,0,0,0,0,0,- ,- ,32.88365936,-115.5355835,IMPERIAL,UNINCORPORATED,-115.5354996,32.88365173
91495338,2021,6/11/2021,9625,6/7/2021,700,16248,,1,1,9,1300,0,2,4,,2,57,EVAN HEWES HIGHWAY,BARBARAWORTH ROAD,1605,W,N,A,-,N,,,,,,,,,,Y,3,0,1,1,A,-,8,22107,,N,F,I,A,A,H,-,A,D,0,,,,,Y,,A,1,0,1,0,0,0,0,0,0,0,- ,- ,32.80344009,-115.4359589,IMPERIAL,UNINCORPORATED,-115.4356613,32.80338669
91501465,2021,6/21/2021,9625,6/9/2021,1415,19667,,3,2,9,1300,0,1,3,,1,42,STATE ROUTE 98,HAMMERS ROAD,6,E,N,A,-,Y,,,98,,,,,,,Y,3,0,2,2,A,-,8,22107,,N,D,E,A,A,H,-,A,D,0,,,,,Y,,A,7,0,2,0,0,0,0,0,0,0,- ,- ,32.67940903,-115.5508499,IMPERIAL,UNINCORPORATED,-115.5508499,32.67931366
91506957,2021,6/25/2021,9625,6/15/2021,2104,18978,,2,2,9,1300,0,1,3,,1,12,STATE ROUTE 86 (SOUTHBOUND,STATE ROUTE 78,1.23,N,N,A,-,Y,,,86,,,,,,,Y,2,0,1,1,A,-,8,22107,,N,F,I,A,A,H,-,D,D,0,,,,Y,Y,,G,27,1,0,0,0,0,0,0,0,0,- ,- ,33.1428299,-115.8620377,IMPERIAL,UNINCORPORATED,-115.8624191,33.14267349
91516086,2021,7/8/2021,9625,6/26/2021,1747,21107,,6,2,9,1300,0,1,1,,2,3,INTERSTATE 8 EASTBOUND,SILSBEE ROAD,2045,W,N,A,-,Y,,,8,,,,,,E,Y,4,0,2,2,A,-,3,22350,,N,C,C,A,A,H,-,A,D,0,,,,,Y,,A,1,0,0,2,0,0,0,0,0,0,- ,- ,32.77373886,-115.6531219,IMPERIAL,UNINCORPORATED,-115.6531219,32.77377701
91519339,2021,7/13/2021,9625,7/3/2021,325,20738,,6,3,9,1300,0,1,1,,2,6,I-8 EASTBOUND,HOLDRIDGE ROAD,5491,E,N,A,-,Y,,,8,,,,,,E,N,2,0,1,2,A,-,11,21956,A,N,G,B,E,A,H,-,D,D,0,Y,,,,Y,,N,60,1,0,0,0,1,0,0,0,0,- ,- ,32.76190186,-115.2537689,IMPERIAL,UNINCORPORATED,-115.25383,32.76161957
91525810,2021,7/21/2021,9625,7/13/2021,1415,19225,,2,2,9,1300,0,3,5,,2,50,OLD HIGHWAY 111,KEYSTONE ROAD,5280,S,N,A,-,N,,,,,,,,,,Y,4,0,1,1,A,-,8,22107,,N,F,I,A,A,H,-,A,D,0,,,,,Y,,A,1,0,0,1,0,0,0,0,0,0,- ,- ,32.89762878,-115.5097809,IMPERIAL,UNINCORPORATED,-115.5098495,32.89826202
91532118,2021,7/29/2021,9625,7/18/2021,326,21107,,7,3,9,1300,0,3,5,,2,40,FORRESTER ROAD,EVAN HEWES HIGHWAY,325,S,N,A,-,N,,,,,,,,,,Y,3,0,1,1,A,-,1,23152,A,N,F,A,A,A,H,-,C,D,0,,,,,Y,Y,A,1,0,1,0,0,0,0,0,0,0,- ,- ,32.79555893,-115.6205826,IMPERIAL,UNINCORPORATED,-115.6206818,32.79567719
91536140,2021,8/3/2021,9625,7/28/2021,918,18468,,3,1,9,1300,0,1,3,,2,53,STATE ROUTE 111 (S/B),STATE ROUTE 86,0,,Y,A,-,Y,,,111,,,,,,,N,3,0,2,2,A,-,12,21453,A,N,D,C,A,A,H,-,A,A,0,,,,,Y,,A,1,0,2,0,0,0,0,0,0,0,- ,- ,32.73067093,-115.5005493,IMPERIAL,UNINCORPORATED,-115.5004044,32.73067093
91539081,2021,8/6/2021,9625,7/26/2021,1701,18978,,1,2,9,1300,0,1,3,,1,12,SR- 86 S/B,S. MARINA DR.,1200,N,N,A,-,Y,,,86,,,,,,S,N,3,0,1,2,A,-,3,22350,,N,C,C,A,D,H,-,A,D,0,,,,,Y,,A,8,0,1,0,0,0,0,0,0,0,- ,- ,33.28192902,-115.966507,IMPERIAL,UNINCORPORATED,-115.9665375,33.28190994
91548271,2021,8/18/2021,9625,8/10/2021,2040,19667,,2,2,9,1300,0,1,3,,2,43,SR-86,MCCABE ROAD,0,,Y,A,-,Y,,,86,,,,,,,Y,3,0,1,2,A,-,9,21802,B,N,D,C,A,A,H,-,C,A,0,,,,,Y,,D,22,0,1,0,0,0,0,0,0,0,- ,- ,32.75223923,-115.5520477,IMPERIAL,UNINCORPORATED,-115.5518646,32.75224686
91549541,2021,8/19/2021,9625,8/15/2021,1630,21107,,7,2,9,1300,0,1,1,,2,1,INTERSTATE 8 EASTBOUND,MOUNTAIN SPRINGS ROAD,15734,E,N,A,-,Y,,,8,,,,,,E,Y,3,0,1,1,A,-,8,22107,,N,E,8,A,A,H,-,A,D,0,,,,,Y,,A,1,0,1,0,0,0,0,0,0,0,- ,- ,32.69260025,-116.0639038,IMPERIAL,UNINCORPORATED,-116.0638504,32.69260788
91570819,2021,9/15/2021,9625,9/12/2021,140,21107,,7,3,9,1300,0,1,3,,1,12,STATE ROUTE 86 N/B,MONTEREY AVENUE,2850,S,N,A,-,Y,,,86,,,,,,N,Y,4,0,1,2,A,-,3,22350,,N,C,2,A,A,H,-,D,D,0,,,,,Y,Y,D,22,0,0,1,0,0,0,0,0,0,- ,- ,33.39762878,-116.0440598,IMPERIAL,UNINCORPORATED,-116.0439987,33.39765167
91574357,2021,9/20/2021,9625,9/13/2021,517,21107,,1,3,9,1300,0,1,3,,1,54,STATE ROUTE 111 N/B,WORTHINGTON ROAD,1720,S,N,A,-,Y,,,111,,,,,,N,Y,4,0,1,3,A,-,3,22350,,N,C,C,A,A,H,-,C,D,0,,,,,Y,,A,1,0,0,1,0,0,0,0,0,0,- ,- ,32.84289169,-115.504921,IMPERIAL,UNINCORPORATED,-115.5050354,32.84281921
91604185,2021,11/17/2021,9625,10/12/2021,1843,18792,,2,2,9,1300,0,1,1,,2,1,SR-86,NORM NIVER ROAD,0,,Y,A,-,Y,,,86,,,,,,,Y,3,0,2,2,A,-,9,21803,A,N,D,C,A,A,H,-,D,A,0,,,,,Y,,A,1,0,2,0,0,0,0,0,0,0,- ,- ,33.35741043,-116.0188217,IMPERIAL,UNINCORPORATED,-116.018837,33.3574028
91616505,2021,11/4/2021,9625,10/26/2021,1045,17727,,2,1,9,1300,0,1,1,,2,6,I-8 W/B,BOWKER ROAD,1140,E,N,A,-,Y,,,8,,,,,,W,Y,4,0,1,2,A,-,3,22350,,N,B,C,A,A,H,-,A,D,0,,,,,Y,,A,1,0,0,1,0,0,0,0,0,0,- ,- ,32.77370071,-115.4703979,IMPERIAL,UNINCORPORATED,-115.4703979,32.77373123
91616550,2021,11/4/2021,9625,11/1/2021,1625,18468,,1,2,9,1300,0,1,1,,2,6,INTERSTATE 8 (E/B),DUNAWAY ROAD,4056,E,N,A,-,Y,,,8,,,,,,,Y,3,0,2,1,A,-,8,22107,,N,E,8,A,A,H,-,A,D,0,,,,,Y,,A,1,0,2,0,0,0,0,0,0,0,- ,- ,32.77127838,-115.7876587,IMPERIAL,UNINCORPORATED,-115.787674,32.77135086
91638661,2021,11/30/2021,9625,11/22/2021,1745,18792,,1,2,9,1300,0,2,4,,2,47,CARTER ROAD,FORRESTER ROAD,0,,Y,A,-,N,,,,,,,,,,Y,3,0,2,2,A,-,9,21802,A,N,D,C,A,A,H,-,C,A,0,,,,,Y,,A,1,0,2,0,0,0,0,0,0,0,- ,- ,32.93556976,-115.6216431,IMPERIAL,UNINCORPORATED,-115.6216431,32.93558121
91644992,2021,12/7/2021,9625,11/27/2021,1635,18792,,6,2,9,1300,0,1,3,,2,13,SR-78,COUNTY LINE ROAD,4097,E,N,A,-,Y,,,78,,,,,,,Y,2,0,3,1,A,-,8,22107,,N,F,A,A,A,H,-,B,D,0,,,,,Y,Y,A,7,1,2,0,0,0,0,0,0,0,- ,- ,33.12868881,-116.0682602,IMPERIAL,UNINCORPORATED,-116.0682449,33.12874985
91655996,2021,12/20/2021,9620,12/13/2021,1535,18703,Quech,1,2,9,1300,0,2,4,,1,72,WINTERHAVEN DRIVE,INTERSTATE 8 W/B OFFRAMP,15,S,N,A,-,Y,,,,,,,,,,N,4,0,1,2,A,-,8,22107,,N,A,C,A,A,H,-,A,A,0,,,,,Y,,A,7,0,0,1,0,0,0,0,0,0,- ,- ,32.73231125,-114.624588,IMPERIAL,UNINCORPORATED,,
91670911,2021,1/5/2022,9625,12/30/2021,1723,19668,,4,2,9,1300,0,1,3,,2,53,SR-111 S/B,HEBER ROAD,1278,N,N,A,-,Y,,,111,,,,,,S,N,4,0,1,2,A,-,3,22350,,N,C,C,A,A,H,-,D,D,0,,,,,Y,,A,1,0,0,1,0,0,0,0,0,0,- ,- ,32.73426056,-115.5007095,IMPERIAL,UNINCORPORATED,-115.5004883,32.73426437
91682430,2021,1/21/2022,9625,10/29/2021,2154,21107,,5,2,9,1300,0,1,3,,2,24,STATE ROUTE 78,WHITLOCK ROAD,3590,E,N,A,-,Y,,,78,,,,,,,Y,1,1,4,2,A,-,5,21650,,N,A,C,A,A,H,-,D,D,0,,,,,Y,,A,8,4,0,0,0,0,0,0,0,0,- ,- ,32.97109985,-115.2857132,IMPERIAL,UNINCORPORATED,-115.2857208,32.97106934
91701450,2021,2/15/2022,9620,11/26/2021,1955,18247,,5,2,9,1300,0,1,1,,2,82,I-8 W/B,OGILBY RD,11616,E,N,A,-,Y,,,8,,,,,,W,N,1,1,0,2,A,-,11,21954,A,F,G,B,D,A,H,-,D,D,0,Y,,,,Y,,N,60,0,0,0,1,0,0,0,0,0,- ,- ,32.75460052,-114.7998734,IMPERIAL,UNINCORPORATED,-114.7998734,32.75458145
91718202,2021,3/8/2022,9625,9/12/2021,233,20738,,7,3,9,1300,0,1,1,,2,6,I-8 W/B,SR-111 N/B,1795,E,N,A,-,Y,,,8,,,,,,W,Y,1,1,1,2,A,-,1,23152,A,N,C,C,A,A,H,-,C,D,0,,,,,Y,Y,D,22,0,1,0,0,0,0,0,0,0,- ,- ,32.77391815,-115.4951477,IMPERIAL,UNINCORPORATED,-115.4951477,32.77389908
9192270,2020,1/7/2021,1304,11/13/2020,1734,346,ESCO,5,5,4,1304,0,0,0,,0,WEST,ADAMS,7TH ST,0,,Y,A,-,Y,IMP,11,86,-,L,7.896,I,5,N,N,3,0,2,2,A,-,9,21802,A,N,D,C,A,A,H,-,A,D,0,,,,,Y,,-,,0,2,0,0,0,0,0,0,0,- ,- ,32.79663086,-115.565712,IMPERIAL,EL CENTRO,-115.5592728,32.79655457
9212341,2020,2/19/2021,1301,11/17/2020,841,912,,2,5,3,1301,0,0,0,,0,4,MALAN,STANLEY PL,137,E,N,A,-,N,,,,,,,,,,Y,4,0,3,2,A,-,9,21804,A,N,F,C,A,A,H,-,A,D,0,,,,,Y,,-,- ,0,0,3,0,0,0,0,0,0,- ,- ,,,IMPERIAL,BRAWLEY,-115.5282745,32.97076035
9240437,2021,4/27/2021,1301,1/25/2021,1117,903,BRAWL,1,5,3,1301,0,0,0,,0,4,RT 111,RT 78,0,,Y,A,G,Y,IMP,11,78,-,-,15.499,I,5,W,Y,4,0,1,2,A,-,12,21453,,N,D,C,A,A,-,-,A,A,0,,,,Y,Y,,G,25,0,0,1,0,0,0,0,0,0,- ,- ,,,IMPERIAL,BRAWLEY,-115.5013428,32.97864151
9273989,2021,7/1/2021,1304,6/1/2021,811,S EID,EPTRL,2,5,4,1304,0,0,0,,0,EAST,ORANGE,HOPE,0,,N,A,-,N,,,,,,,,,,N,3,0,1,2,A,-,12,22450,,N,D,C,A,A,H,-,A,A,0,,,,,Y,Y,-,,0,1,0,0,0,0,0,0,0,- ,- ,32.78873825,-115.5397797,IMPERIAL,EL CENTRO,-115.5397186,32.78876114
9312380,2021,9/16/2021,1304,7/28/2021,1920,368,E1,3,5,4,1304,0,0,0,,0,WEST,IMPERIAL AV,EUCLID AV,0,,Y,A,-,Y,IMP,11,86,-,-,7.43,I,5,N,Y,2,0,1,2,A,-,12,21453,A,N,D,C,A,A,H,-,A,A,0,,,,,Y,,-,,1,0,0,0,0,0,0,0,0,- ,- ,32.79840851,-115.5698471,IMPERIAL,EL CENTRO,-115.5699615,32.79839706
9316352,2021,9/23/2021,1304,8/24/2021,915,346,E1,2,5,4,1304,0,0,0,,0,EAST,ROSS,ROSS 400,0,,N,A,-,N,,,,,,,,,,N,3,0,1,2,A,-,3,22350,,N,C,C,A,A,H,-,A,A,0,,,,,Y,,-,,0,1,0,0,0,0,0,0,0,- ,- ,,,IMPERIAL,EL CENTRO,,
9323583,2021,10/15/2021,1304,9/4/2021,1122,SEID,EWEST,6,5,4,1304,0,0,0,,0,WEST,CYPRESS,PEPPER,0,,-,A,-,N,,,,,,,,,,Y,3,0,1,2,A,-,8,22107,,N,C,C,A,A,H,-,A,D,0,,,,,Y,,A,1,0,1,0,0,0,0,0,0,0,- ,- ,32.77967834,-115.5648193,IMPERIAL,EL CENTRO,-115.5648193,32.77941132
9364418,2021,12/2/2021,1304,10/27/2021,1720,325,ELCE,3,5,4,1304,0,0,0,,0,EAST,DOGWOOD,ROSS,0,,Y,A,-,N,,,,,,,,,,Y,4,0,1,4,A,-,3,22350,,N,A,C,A,A,H,-,B,D,0,,,,,Y,,-,,0,0,1,0,0,0,0,0,0,- ,- ,32.78028107,-115.535347,IMPERIAL,EL CENTRO,-115.5353775,32.78149033
9370417,2021,7/20/2022,1301,10/28/2021,453,911,BRAWL,4,5,3,1301,0,0,0,,0,4,RT 111,RT 78,50,S,N,A,-,Y,IMP,11,111,-,-,21.99,H,-,N,Y,4,0,2,2,A,-,3,22350,,N,C,C,A,A,H,-,C,A,0,,,,,Y,,D,22,0,0,2,0,0,0,0,0,0,- ,- ,,,IMPERIAL,BRAWLEY,-115.5084076,32.9600029
9384641,2021,12/28/2021,1301,10/28/2021,726,904,BRAWL,4,5,3,1301,0,0,0,,0,1,NORTH WESTERN AV,A ST,0,,Y,A,-,N,,,,,,,,,,N,2,0,1,2,A,-,10,21950,A,N,G,B,B,A,H,-,A,A,0,Y,,,,Y,,A,7,1,0,0,0,1,0,0,0,0,- ,- ,,,IMPERIAL,BRAWLEY,-115.5436401,32.98414993
6293000,2016,12/8/2017,1307,3/16/2016,7,853,WEST,3,5,1,1307,0,0,0,,0,4,RT 85,H ST,0,,Y,A,-,Y,IMP,11,86,-,-,27.79,H,-,S,Y,1,1,0,2,A,-,11,21954,A,N,G,B,D,A,H,-,C,D,0,Y,,,,Y,,N,60,0,0,0,1,0,0,0,0,0,- ,- ,,,IMPERIAL,WESTMORLAND,-115.6264287,33.03735888
7166661,2016,1/26/2016,1304,1/1/2016,1750,343,,5,5,4,1304,0,0,0,,0,WEST,10TH ST,WENSLEY AV,0,,Y,A,-,N,,,,,,,,,,N,4,0,1,2,A,-,11,21954,A,N,G,B,E,A,H,-,C,D,0,Y,,,,Y,,N,60,0,0,1,0,1,0,0,0,0,- ,- ,,,IMPERIAL,EL CENTRO,-115.56344,32.78398006
7174170,2016,2/14/2017,1304,1/15/2016,744,326,1304,5,5,4,1304,0,0,0,,0,WEST,IMPERIAL,SCOTT,0,,Y,A,-,Y,IMP,11,86,-,-,7.643,I,5,N,Y,4,0,1,2,A,-,12,21453,A,N,D,C,A,A,H,-,A,A,0,,,,,Y,,A,1,0,0,1,0,0,0,0,0,0,- ,- ,32.8014,-115.56976,IMPERIAL,EL CENTRO,-115.5699004,32.80141408
7178540,2016,2/11/2016,1301,1/16/2016,1142,846,,6,5,3,1301,0,0,0,,0,4,MALAN,PALM,17,N,N,A,-,N,,,,,,,,,,Y,4,0,2,2,A,-,1,23152,A,N,A,C,A,A,H,-,A,A,0,,,,,Y,Y,-,,0,0,2,0,0,0,0,0,0,- ,- ,,,IMPERIAL,BRAWLEY,-115.52206,32.97076
7183623,2016,2/18/2016,1304,1/25/2016,1602,360,,1,5,4,1304,0,0,0,,0,,BROADWAY,12TH,0,,Y,A,-,N,,,,,,,,,,N,3,0,1,2,A,-,12,22450,A,N,G,G,A,A,H,-,A,A,0,,Y,,,Y,,-,,0,1,0,0,0,0,1,0,0,- ,- ,,,IMPERIAL,EL CENTRO,-115.5655401,32.79384011
7198342,2016,2/15/2017,1304,2/22/2016,1342,336,1304,1,5,4,1304,0,0,0,,0,EAST,4TH AV,RT 8,0,,Y,A,-,Y,IMP,11,86,-,-,5.96,I,5,S,Y,4,0,3,2,A,-,12,21453,A,N,D,C,A,A,H,-,A,A,0,,,,Y,Y,,A,1,0,0,3,0,0,0,0,0,0,- ,- ,32.77323,-115.5523,IMPERIAL,EL CENTRO,-115.5522296,32.77309387
7198491,2016,2/10/2017,1304,2/24/2016,1200,333,,3,5,4,1304,0,0,0,,0,,4TH ST,DRIFTWOOD,154,,N,A,-,Y,IMP,11,86,-,-,6.19,H,-,N,Y,4,0,2,2,A,-,9,21804,A,N,A,C,A,A,H,-,A,D,0,,,,,Y,,A,1,0,0,2,0,0,0,0,0,0,- ,- ,,,IMPERIAL,EL CENTRO,-115.5523124,32.77648842
8013893,2016,4/6/2016,1304,3/7/2016,1619,336,4,1,5,4,1304,0,0,0,,0,WEST,LENREY,18TH,0,,Y,A,-,N,,,,,,,,,,Y,4,0,1,1,A,-,3,22350,,N,E,I,A,A,H,-,A,D,0,,,,,Y,,A,1,0,0,1,0,0,0,0,0,0,- ,- ,,,IMPERIAL,EL CENTRO,-115.5761401,32.78321006
8018384,2016,4/26/2016,1304,4/5/2016,1249,CX101,,2,5,4,1304,0,0,0,,0,EAST,6TH,ORANGE AV,0,,Y,A,-,N,,,,,,,,,,N,4,0,1,2,A,-,9,21802,A,N,D,C,A,A,H,-,A,A,0,,,,,Y,,D,22,0,0,1,0,0,0,0,0,0,- ,- ,,,IMPERIAL,EL CENTRO,-115.55693,32.78879008
8018388,2016,6/9/2016,1304,4/11/2016,1310,336,,1,5,4,1304,0,0,0,,0,EAST,DOGWOOD RD,MAIN ST,103,S,N,A,-,N,,,,,,,,,,Y,4,0,2,3,A,-,8,22107,,N,C,C,A,A,H,-,A,A,0,,,,,Y,,D,22,0,0,2,0,0,0,0,0,0,- ,- ,,,IMPERIAL,EL CENTRO,-115.53565,32.79282
8018432,2016,2/14/2017,1304,3/22/2016,1559,358,EAST,2,5,4,1304,0,0,0,,0,EAST,ADAMS,6TH,0,,Y,A,-,Y,IMP,11,86,-,L,7.77,I,5,N,Y,4,0,1,2,A,-,0,22352,,N,D,C,A,A,H,-,A,A,0,,,,,Y,,A,1,0,0,1,0,0,0,0,0,0,- ,- ,32.79663,-115.5571,IMPERIAL,EL CENTRO,-115.5570968,32.79655704
8038520,2016,5/13/2016,1301,4/12/2016,1729,9A3,,2,5,3,1301,0,0,0,,0,4,S BEST RD,MALAN ST,0,,Y,A,-,N,,,,,,,,,,Y,4,0,1,2,A,-,9,21800,A,N,D,C,A,A,H,-,A,A,0,,,,,Y,,D,22,0,0,1,0,0,0,0,0,0,- ,- ,,,IMPERIAL,BRAWLEY,-115.509353,32.970796
8045623,2016,5/26/2016,1304,4/15/2016,1504,341,ECPD,5,5,4,1304,0,0,0,,0,,8TH,HAMILTON,1,N,N,A,-,N,,,,,,,,,,N,3,0,2,3,A,-,11,21954,A,N,G,B,D,A,H,-,A,D,0,Y,,,,Y,,N,60,0,2,0,0,2,0,0,0,0,- ,- ,,,IMPERIAL,EL CENTRO,-115.56134,32.78589273
8049043,2016,2/18/2017,1304,5/6/2016,1206,333,,5,5,4,1304,0,0,0,,0,WEST,IMPERIAL AV,CRUICKSHANK AV,347,N,N,A,-,Y,IMP,11,86,-,-,8.62,H,-,S,N,4,0,1,2,A,-,4,21703,,N,C,C,A,A,H,-,A,A,0,,,,,Y,,A,1,0,0,1,0,0,0,0,0,0,- ,- ,,,IMPERIAL,EL CENTRO,-115.5699108,32.81578211
8051578,2016,2/18/2017,1301,5/6/2016,1226,9A2,BRAWL,5,5,3,1301,0,0,0,,0,2,RT 86,WESTERN,0,,Y,A,-,Y,IMP,11,86,-,-,20.749,I,5,S,Y,4,0,2,3,A,-,12,21453,A,N,D,D,A,A,H,-,A,A,0,,,,,Y,,D,22,0,0,2,0,0,0,0,0,0,- ,- ,32.5842,-115.3237,IMPERIAL,BRAWLEY,-115.5436528,32.97865488
8081517,2016,8/10/2016,1305,7/17/2016,2040,614,HOLTV,7,5,2,1305,0,0,0,,0,HOLTVI,5TH ST,WALNUT AV,0,,-,A,-,N,,,,,,,,,,N,2,0,1,2,A,-,3,22350,,N,G,B,D,A,H,-,C,-,0,Y,,,,Y,,A,1,1,0,0,0,1,0,0,0,0,- ,- ,,,IMPERIAL,HOLTVILLE,-115.3764301,32.81094006
8085876,2016,7/22/2016,1304,7/8/2016,1422,E0025,EAST,5,5,4,1304,0,0,0,,0,EAST,8TH ST,STATE ST,0,,Y,A,-,N,,,,,,,,,,Y,4,0,1,2,A,-,12,21453,A,N,C,A,A,A,H,-,A,A,0,,,,,Y,,-,,0,0,1,0,0,0,0,0,0,- ,- ,,,IMPERIAL,EL CENTRO,-115.5614201,32.79179006
8124339,2016,9/20/2016,1304,8/29/2016,1314,327,EWEST,1,5,4,1304,0,0,0,,0,WEST,ROSS,CYPRESS,68,E,N,A,-,N,,,,,,,,,,N,4,0,1,2,A,-,12,22450,A,N,C,G,A,A,H,-,A,A,0,,Y,,,Y,,L,4,0,0,1,0,0,0,1,0,0,- ,- ,,,IMPERIAL,EL CENTRO,-115.56516,32.78149
8142290,2016,10/26/2016,1304,10/5/2016,920,332,E1,3,5,4,1304,0,0,0,,0,WEST,IMPERIAL AV,BARBARA WORTH,0,,Y,A,-,N,,,,,,,,,,N,4,0,1,2,A,-,10,21950,A,N,G,B,D,A,H,-,A,D,0,Y,,,,Y,,A,1,0,0,1,0,1,0,0,0,0,- ,- ,32.7946,-115.57005,IMPERIAL,EL CENTRO,-115.5699501,32.79463004
8146816,2016,10/24/2016,1304,9/23/2016,1500,326,EEAS,5,5,4,1304,0,0,0,,0,EAST,8TH,PICO,10,N,N,A,-,N,,,,,,,,,,N,4,0,2,2,A,-,3,22350,,N,C,C,A,A,H,-,A,A,0,,,,,Y,Y,D,22,0,0,2,0,0,0,0,0,0,- ,- ,32.8059,-115.5614,IMPERIAL,EL CENTRO,-115.56141,32.80567733
8157930,2016,11/3/2016,1301,9/24/2016,1204,9A5,BRAW,6,5,3,1301,0,0,0,,0,1,A ST,1ST ST,0,,Y,A,-,N,,,,,,,,,,N,3,0,1,2,A,-,9,21802,A,N,D,C,A,A,D,-,A,A,0,,,,,Y,,A,1,0,1,0,0,0,0,0,0,0,- ,- ,,,IMPERIAL,BRAWLEY,-115.5654201,32.95911001