CASE_ID,ACCIDENT_YEAR,PROC_DATE,JURIS,COLLISION_DATE,COLLISION_TIME,OFFICER_ID,REPORTING_DISTRICT,DAY_OF_WEEK,CHP_SHIFT,POPULATION,CNTY_CITY_LOC,SPECIAL_COND,BEAT_TYPE,CHP_BEAT_TYPE,CITY_DIVISION_LAPD,CHP_BEAT_CLASS,BEAT_NUMBER,PRIMARY_RD,SECONDARY_RD,DISTANCE,DIRECTION,INTERSECTION,WEATHER_1,WEATHER_2,STATE_HWY_IND,CALTRANS_COUNTY,CALTRANS_DISTRICT,STATE_ROUTE,ROUTE_SUFFIX,POSTMILE_PREFIX,POSTMILE,LOCATION_TYPE,RAMP_INTERSECTION,SIDE_OF_HWY,TOW_AWAY,COLLISION_SEVERITY,NUMBER_KILLED,NUMBER_INJURED,PARTY_COUNT,PRIMARY_COLL_FACTOR,PCF_CODE_OF_VIOL,PCF_VIOL_CATEGORY,PCF_VIOLATION,PCF_VIOL_SUBSECTION,HIT_AND_RUN,TYPE_OF_COLLISION,MVIW,PED_ACTION,ROAD_SURFACE,ROAD_COND_1,ROAD_COND_2,LIGHTING,CONTROL_DEVICE,CHP_ROAD_TYPE,PEDESTRIAN_ACCIDENT,BICYCLE_ACCIDENT,MOTORCYCLE_ACCIDENT,TRUCK_ACCIDENT,NOT_PRIVATE_PROPERTY,ALCOHOL_INVOLVED,STWD_VEHTYPE_AT_FAULT,CHP_VEHTYPE_AT_FAULT,COUNT_SEVERE_INJ,COUNT_VISIBLE_INJ,COUNT_COMPLAINT_PAIN,COUNT_PED_KILLED,COUNT_PED_INJURED,COUNT_BICYCLIST_KILLED,COUNT_BICYCLIST_INJURED,COUNT_MC_KILLED,COUNT_MC_INJURED,PRIMARY_RAMP,SECONDARY_RAMP,LATITUDE,LONGITUDE,COUNTY,CITY,POINT_X,POINT_Y
8160105,2016,2/11/2017,1306,6/3/2016,2152,415,EL CE,5,5,2,1306,0,0,0,,0,PATROL,2ND ST,RT 86,10,E,N,A,-,Y,IMP,11,86,-,-,10.39,I,5,S,Y,2,0,4,2,A,-,9,21801,A,N,D,C,A,A,H,-,C,D,0,,,,,Y,Y,D,22,1,3,0,0,0,0,0,0,0,- ,- ,,,IMPERIAL,IMPERIAL,-115.5691816,32.84127286
8161106,2016,11/18/2016,1306,9/1/2016,1850,408,IMPER,4,5,2,1306,0,0,0,,0,PATROL,BARIONI BL,P ST,0,,Y,A,-,N,,,,,,,,,,Y,3,0,1,2,A,-,9,21802,A,N,D,C,A,A,H,-,B,A,0,,,,,Y,,-,,0,1,0,0,0,0,0,0,0,- ,- ,,,IMPERIAL,IMPERIAL,-115.5614519,32.84746893
8164959,2016,11/9/2016,1304,10/20/2016,1404,E0075,,4,5,4,1304,0,0,0,,0,,8TH,WENSLEY,0,S,N,A,-,N,,,,,,,,,,N,4,0,1,2,A,-,21,22106,,N,B,G,A,A,H,-,A,A,0,,Y,,,Y,,A,7,0,0,1,0,0,0,1,0,0,- ,- ,32.7837,-115.5612,IMPERIAL,EL CENTRO,-115.56131,32.78402009
8167981,2018,11/23/2019,1302,3/8/2018,1019,CX118,1302,4,5,4,1302,0,0,0,,0,2,BEACH AV,E 3RD ST,26,S,N,A,-,N,,,,,,,,,,N,3,0,1,3,A,-,21,22106,,N,G,B,E,A,H,-,A,D,0,Y,,,Y,Y,,F,21,0,1,0,0,1,0,0,0,0,- ,- ,,,IMPERIAL,CALEXICO,-115.4840088,32.66767883
8167985,2018,11/23/2019,1302,3/16/2018,1404,CX118,1302,5,5,4,1302,0,0,0,,0,2,EMERSON AV,WEST SHERMAN ST,5,S,N,A,-,N,,,,,,,,,,N,3,0,2,3,A,-,10,21950,A,N,G,B,B,A,H,-,A,A,0,Y,,,,Y,,A,1,0,2,0,0,2,0,0,0,0,- ,- ,,,IMPERIAL,CALEXICO,-115.4999237,32.672966
8167989,2018,11/23/2019,1302,3/30/2018,1049,CX118,1302,5,5,4,1302,0,0,0,,0,2,IMPERIAL AV,7TH ST,93,N,N,A,-,N,,,,,,,,,,N,3,0,1,2,A,-,9,21804,A,N,G,B,E,A,H,-,A,D,0,Y,,,,Y,,A,1,0,1,0,0,1,0,0,0,0,- ,- ,,,IMPERIAL,CALEXICO,-115.5699539,32.84671402
8167993,2019,11/23/2019,1302,5/4/2019,1208,CX156,1302,6,5,4,1302,0,0,0,,0,4,EAST COLE BL,RT 111,127,W,N,A,-,N,,,,,,,,,,,4,0,1,2,A,-,21,22106,,N,C,C,A,A,H,-,A,D,0,,,,,Y,,D,22,0,0,1,0,0,0,0,0,0,- ,- ,,,IMPERIAL,CALEXICO,-115.4991608,32.69398117
8168537,2016,3/4/2017,1301,10/3/2016,911,911,BRAWL,1,5,3,1301,0,0,0,,0,2,RT 86,LEGION,19,N,N,A,-,Y,IMP,11,86,-,-,19.2,H,-,S,N,4,0,1,2,A,-,3,22350,,N,C,C,A,A,H,-,A,A,0,,,,,Y,,A,1,0,0,1,0,0,0,0,0,0,- ,- ,,,IMPERIAL,BRAWLEY,-115.550514,32.9600706
8169566,2016,11/16/2016,1301,10/4/2016,1711,9A5,BRAWL,2,5,3,1301,0,0,0,,0,2,2ND ST,I ST,0,,Y,A,-,N,,,,,,,,,,Y,4,0,2,2,A,-,9,21802,A,N,D,C,A,A,H,-,A,A,0,,,,,Y,,D,22,0,0,2,0,0,0,0,0,0,- ,- ,,,IMPERIAL,BRAWLEY,-115.5394501,32.97531011
8171466,2016,11/22/2016,1304,11/5/2016,900,357,EWEST,6,5,4,1304,0,0,0,,0,WEST,BARBARA WORTH,IMPERIAL,0,,Y,A,-,N,,,,,,,,,,N,4,0,1,2,A,-,5,21650,1,N,D,G,A,A,H,-,A,D,0,,Y,,,Y,,L,4,0,0,1,0,0,0,1,0,0,- ,- ,32.7946,-115.5701,IMPERIAL,EL CENTRO,-115.5699501,32.79463004
8188488,2016,12/13/2016,1301,11/20/2016,1919,904,BRAWL,7,5,3,1301,0,0,0,,0,1,N LAS FLORES,W E ST,21,S,N,A,-,N,,,,,,,,,,Y,2,0,1,1,A,-,1,23152,A,N,E,I,A,A,H,-,C,D,0,,,,Y,Y,Y,F,26,1,0,0,0,0,0,0,0,0,- ,- ,32.58477,-115.33086,IMPERIAL,BRAWLEY,-115.55228,32.97996261
8199949,2016,2/28/2017,1304,12/12/2016,1650,342,4,1,5,4,1304,0,0,0,,0,WEST,IMPERIAL,BARBARA WORTH,155,S,N,A,-,N,,,,,,,,,,Y,4,0,1,3,A,-,3,22350,,N,C,C,A,A,H,-,C,A,0,,,,,Y,,-,,0,0,1,0,0,0,0,0,0,- ,- ,,,IMPERIAL,EL CENTRO,-115.5699347,32.79420656
8199962,2016,1/4/2017,1304,12/9/2016,808,343,ELCE,5,5,4,1304,0,0,0,,0,EAST,8TH ST,BROADWAY AV,24,S,N,A,-,N,,,,,,,,,,Y,4,0,1,2,A,-,3,22350,,N,C,C,A,A,H,-,A,A,0,,,,,Y,,A,1,0,0,1,0,0,0,0,0,0,- ,- ,,,IMPERIAL,EL CENTRO,-115.5614487,32.79379441
8306737,2017,12/28/2017,1305,1/21/2017,1423,667,,6,5,2,1305,0,0,0,,0,HOLTV,MAPLE AV,8TH ST,0,,Y,G,-,N,,,,,,,,,,N,3,0,2,2,A,-,8,22103,,N,D,C,A,A,H,-,A,D,0,,,,,Y,,A,1,0,2,0,0,0,0,0,0,0,- ,- ,,,IMPERIAL,HOLTVILLE,-115.37524,32.81661001
8311670,2017,3/6/2017,1304,1/24/2017,1507,341,4,2,5,4,1304,0,0,0,,0,WEST,8TH,ORANGE,0,,Y,A,-,N,,,,,,,,,,N,3,0,1,2,A,-,10,21950,A,N,G,B,B,A,H,-,A,D,0,Y,,,,Y,,A,1,0,1,0,0,1,0,0,0,0,- ,- ,32.7887,-115.5614,IMPERIAL,EL CENTRO,-115.56138,32.78878009
8312529,2017,3/6/2017,1305,1/29/2017,1404,682,HOLT,7,5,2,1305,0,0,0,,0,HOLT,HOLT AV,8TH ST,150,,N,A,-,N,,,,,,,,,,Y,3,0,1,3,A,-,9,21803,A,N,B,C,A,A,H,-,A,D,0,,,,,Y,,D,22,0,1,0,0,0,0,0,0,0,- ,- ,,,IMPERIAL,HOLTVILLE,-115.3801801,32.81657002
8357030,2017,5/4/2017,1304,4/1/2017,605,342,4,6,5,4,1304,0,0,0,,0,WEST,EUCLID,12TH ST,407,W,N,A,-,N,,,,,,,,,,Y,4,0,1,2,A,-,8,22107,,N,E,E,A,A,H,-,B,D,0,,,,,Y,,A,1,0,0,1,0,0,0,0,0,0,- ,- ,,,IMPERIAL,EL CENTRO,-115.5669471,32.79837305
8371335,2017,6/19/2017,1305,3/29/2017,1905,671,,3,5,2,1305,0,0,0,,0,,HOLT AV,6TH ST,200,N,N,A,-,N,,,,,,,,,,N,4,0,1,2,C,-,18,,,N,G,B,D,A,H,-,B,D,0,Y,,,,Y,,-,- ,0,0,1,0,1,0,0,0,0,- ,- ,,,IMPERIAL,HOLTVILLE,-115.3802009,32.8133564
8466750,2017,10/12/2017,1301,4/1/2017,2041,913,1301,6,5,3,1301,0,0,0,,0,3,B ST,9TH,98,E,N,A,-,N,,,,,,,,,,N,2,0,1,2,A,-,21,22106,,N,G,B,E,A,H,-,D,D,0,Y,,,,Y,Y,A,1,1,0,0,0,1,0,0,0,0,- ,- ,,,IMPERIAL,BRAWLEY,-115.5271122,32.98305
8469534,2018,7/30/2018,1304,1/7/2018,1325,327,EWEST,7,5,4,1304,0,0,0,,0,WEST,ADAMS,10TH,0,,-,A,-,Y,IMP,11,86,-,L,8.13,H,-,N,Y,3,0,1,2,A,-,9,21804,A,N,D,C,A,A,H,-,A,D,0,,,Y,,Y,,A,1,0,1,0,0,0,0,0,0,1,- ,- ,32.79650116,-115.5633011,IMPERIAL,EL CENTRO,-115.5632858,32.79655075
8475643,2017,1/8/2018,1302,2/22/2017,1910,CX155,1302,3,5,4,1302,0,0,0,,0,2,RT 98,ENCINAS AV,27,W,N,A,-,Y,IMP,11,98,-,-,32.91,H,-,E,N,4,0,1,2,A,-,3,22350,,N,C,C,A,A,H,-,C,A,0,,,,,Y,,A,1,0,0,1,0,0,0,0,0,0,- ,- ,,,IMPERIAL,CALEXICO,-115.4884845,32.67926652
8481928,2017,11/14/2017,1304,10/6/2017,1253,365,,5,5,4,1304,0,0,0,,0,WEST,IMPERIAL AV,COMMERCIAL,11,S,N,A,-,N,,,,,,,,,,N,4,0,1,3,A,-,3,22350,,N,C,C,A,A,H,-,A,D,0,,,,,Y,,A,1,0,0,1,0,0,0,0,0,0,- ,- ,,,IMPERIAL,EL CENTRO,-115.5699594,32.79509994
8492136,2017,1/8/2018,1302,2/3/2017,1302,CX088,1302,5,5,4,1302,0,0,0,,0,4,RT 111,JASPER RD,0,,Y,A,-,Y,IMP,11,111,-,R,3.22,H,-,N,Y,4,0,2,2,A,-,3,22350,,N,C,C,A,A,H,-,A,A,0,,,,,Y,,A,1,0,0,2,0,0,0,0,0,0,- ,- ,,,IMPERIAL,CALEXICO,-115.4994211,32.708745
8518411,2017,12/22/2017,1304,11/28/2017,1403,365,,2,5,4,1304,0,0,0,,0,EAST,4TH ST,BROADWAY,0,,Y,A,-,N,,,86,,,,,,,N,4,0,1,2,A,-,11,21954,A,N,G,B,D,A,H,-,A,A,0,Y,,,,Y,,N,60,0,0,1,0,1,0,0,0,0,- ,- ,32.7936,-115.5525,IMPERIAL,EL CENTRO,-115.5525245,32.79359996
8538600,2017,6/28/2018,1304,12/30/2017,1116,327,EWEST,6,5,4,1304,0,0,0,,0,WEST,IMPERIAL,BRADSHAW,0,,Y,A,-,Y,IMP,11,86,-,-,8.302,I,5,N,Y,4,0,3,4,A,-,12,21453,A,N,D,C,A,A,H,-,A,A,0,,,,,Y,,A,1,0,0,3,0,0,0,0,0,0,- ,- ,32.811,-115.5697,IMPERIAL,EL CENTRO,-115.5699199,32.81112602
8542289,2018,3/13/2018,1304,1/9/2018,912,327,EEAST,2,5,4,1304,0,0,0,,0,EAST,ORANGE,EAST ORANGE,0,,Y,A,-,N,,,,,,,,,,Y,3,0,1,2,A,-,8,22107,A,N,C,E,A,A,H,-,A,D,0,,,,,Y,,A,1,0,1,0,0,0,0,0,0,0,- ,- ,32.7887001,-115.5426025,IMPERIAL,EL CENTRO,-115.5440216,32.78876114
8554188,2018,7/30/2018,1304,2/2/2018,1225,335,4,5,5,4,1304,0,0,0,,0,EAST,IMPERIAL AVE,BRADSHAW AVE,0,,N,A,-,Y,IMP,11,86,-,-,8.45,H,-,S,Y,4,0,2,3,A,-,3,22350,,N,C,C,A,A,H,-,A,A,0,,,,,Y,,A,1,0,0,2,0,0,0,0,0,0,- ,- ,32.8132019,-115.5699997,IMPERIAL,EL CENTRO,-115.5699234,32.81331635
8564341,2018,3/12/2018,1304,2/17/2018,558,361,E1,6,5,4,1304,0,0,0,,0,EAST,300 WEST ORANGE,WEST ORANGE,0,,Y,A,-,N,,,,,,,,,,N,3,0,1,2,A,-,8,22107,,F,C,G,A,A,H,-,C,A,0,,Y,,,Y,,-,,0,1,0,0,0,0,1,0,0,- ,- ,32.7887001,-115.5511017,IMPERIAL,EL CENTRO,-115.551093,32.788763
8564349,2018,3/12/2018,1304,2/20/2018,852,341,6,2,5,4,1304,0,0,0,,0,EAST,4TH,SMOKETREE,0,,Y,A,-,N,,,,,,,,,,Y,3,0,2,3,A,-,9,21802,A,N,D,C,A,A,H,-,A,D,0,,,,,Y,,A,1,0,1,1,0,0,0,0,0,0,- ,- ,,,IMPERIAL,EL CENTRO,-115.5522614,32.77534866
8588327,2018,3/29/2018,1304,1/10/2018,1402,351,E1,3,5,4,1304,0,0,0,,0,WEST,8TH,CENTINELA,0,,Y,A,-,N,,,,,,,,,,Y,4,0,2,3,A,-,3,22350,,N,C,C,A,A,H,-,A,A,0,,,,,Y,,A,1,0,0,2,0,0,0,0,0,0,- ,- ,32.77700043,-115.5610962,IMPERIAL,EL CENTRO,-115.5611725,32.77698135
8588359,2018,3/29/2018,1304,2/28/2018,1644,352,EAST,3,5,4,1304,0,0,0,,0,EAST,BROADWAY,BROADWAY 600 W,0,,Y,A,-,N,,,,,,,,,,N,4,0,2,2,A,-,8,22107,,N,D,C,A,A,H,-,A,A,0,,,,,Y,,A,1,0,0,2,0,0,0,0,0,0,- ,- ,,,IMPERIAL,EL CENTRO,-115.557127,32.793868
8589130,2018,4/10/2018,1304,3/22/2018,220,327,EWEST,4,5,4,1304,0,0,0,,0,WEST,OCOTILLO,14TH,127,W,N,A,-,N,,,,,,,,,,Y,3,0,1,1,A,-,1,23152,A,N,E,I,A,A,H,-,C,D,0,,,,,Y,Y,A,1,0,1,0,0,0,0,0,0,0,- ,- ,,,IMPERIAL,EL CENTRO,-115.5681229,32.77667618
8589134,2018,4/10/2018,1304,3/20/2018,1628,337,ELCE,2,5,4,1304,0,0,0,,0,EAST,MAIN,DOGWOOD,618,E,N,A,-,N,,,,,,,,,,Y,4,0,1,4,A,-,3,22350,,N,C,C,A,A,H,-,A,A,0,,,,,Y,Y,A,1,0,0,1,0,0,0,0,0,0,- ,- ,37.77840042,-115.5610962,IMPERIAL,EL CENTRO,-115.5336533,32.79283142
8597469,2018,4/25/2018,1304,2/16/2018,257,361,E1,5,5,4,1304,0,0,0,,0,WEST,8TH,PALMVIEW,130,S,N,A,-,N,,,,,,,,,,Y,2,0,1,1,A,-,1,23152,A,N,E,I,A,A,H,-,C,D,0,,,,,Y,Y,A,1,1,0,0,0,0,0,0,0,0,- ,- ,32.7560997,-115.5606995,IMPERIAL,EL CENTRO,-115.5606918,32.75650406
8597483,2018,4/24/2018,1304,3/26/2018,824,360,4,1,5,4,1304,0,0,0,,0,WEST,WATERMAN,OCOTILLO,0,,Y,A,-,N,,,,,,,,,,N,3,0,1,2,A,-,10,21950,A,N,A,B,B,A,H,-,A,A,0,Y,,,,Y,,A,1,0,1,0,0,1,0,0,0,0,- ,- ,32.77759933,-115.5737991,IMPERIAL,EL CENTRO,-115.5738297,32.77737045
8613881,2018,5/3/2018,1301,1/29/2018,1842,916,BRAWL,1,5,3,1301,0,0,0,,0,2,DOGWOOD RD,MONTEREY,127,S,N,A,-,N,,,,,,,,,,N,4,0,1,2,A,-,11,21954,A,N,B,B,E,A,H,-,D,D,0,Y,,,,Y,Y,N,60,0,0,1,0,1,0,0,0,0,- ,- ,,,IMPERIAL,BRAWLEY,-115.5351105,32.96252441
8615708,2018,4/23/2018,1301,3/21/2018,1558,905,BRAWL,3,5,3,1301,0,0,0,,0,1,K ST,RT 86,275,E,N,A,B,N,,,,,,,,,,N,4,0,1,2,A,-,4,21703,,N,C,C,A,A,H,-,A,A,0,,,,,Y,,D,22,0,0,1,0,0,0,0,0,0,- ,- ,,,IMPERIAL,BRAWLEY,-115.5408249,32.97309875
8649737,2018,8/29/2018,1304,6/17/2018,2251,333,EAST,7,5,4,1304,0,0,0,,0,EAST,4TH ST,DRIFTWOOD,0,N,N,A,-,N,,,,,,,,,,N,4,0,1,2,A,-,4,21703,,F,G,B,A,A,H,-,C,D,0,,Y,,,Y,,A,1,0,0,1,0,0,0,1,0,0,- ,- ,,,IMPERIAL,EL CENTRO,-115.552269,32.77608109
8661990,2018,8/17/2018,1304,7/19/2018,1619,329,,4,5,4,1304,0,0,0,,0,,8TH,EUCLID,0,,Y,A,-,N,,,,,,,,,,Y,4,0,2,2,A,-,8,22107,,N,D,I,A,A,H,-,A,D,0,,,,,Y,,A,1,0,0,2,0,0,0,0,0,0,- ,- ,,,IMPERIAL,EL CENTRO,-115.5614624,32.79838181
8685251,2018,10/24/2018,1301,7/14/2018,456,902,BRAWL,6,5,3,1301,0,0,0,,0,0B1,OLD HWY 111,SHANK DR,185,S,N,A,-,N,,,,,,,,,,Y,3,0,1,2,A,-,3,22350,,N,E,J,A,A,H,-,B,D,0,,,,,Y,,A,1,0,1,0,0,0,0,0,0,0,- ,- ,,,IMPERIAL,BRAWLEY,-115.5264206,32.99871063
8692649,2018,9/27/2018,1301,8/10/2018,1201,916,BRAWL,5,5,3,1301,0,0,0,,0,2,3RD,MAIN,171,S,N,A,-,N,,,,,,,,,,N,3,0,1,2,A,-,4,21703,,N,C,C,A,A,H,-,A,D,0,,,,,Y,,A,7,0,1,0,0,0,0,0,0,0,- ,- ,,,IMPERIAL,BRAWLEY,-115.5372162,32.97816086
8713097,2018,10/24/2018,1304,9/28/2018,2202,325,,5,5,4,1304,0,0,0,,0,WEST,EUCLID,12TH,18,W,N,A,-,N,,,,,,,,,,Y,4,0,1,1,A,-,1,23152,A,N,A,I,A,A,H,-,C,D,0,,,,,Y,Y,A,1,0,0,1,0,0,0,0,0,0,- ,- ,,,IMPERIAL,EL CENTRO,-115.5656891,32.79837036
8717755,2018,10/17/2018,1301,9/6/2018,1205,913,BRAWL,4,5,3,1301,0,0,0,,0,1,WESTERN AV,E ST,0,,Y,A,-,N,,,,,,,,,,Y,4,0,1,2,A,-,8,22107,,N,A,C,A,A,H,-,A,D,0,,,,,Y,,A,8,0,0,1,0,0,0,0,0,0,- ,- ,32.97975159,-115.5436707,IMPERIAL,BRAWLEY,-115.5436478,32.97977066
8718845,2018,12/11/2018,1301,8/23/2018,1620,9A8,BRAWL,4,5,3,1301,0,0,0,,0,,RT 111,RT 78,0,,Y,A,-,Y,IMP,11,78,-,-,15.499,I,5,E,Y,3,0,3,2,D,-,0,,,N,D,C,A,A,H,-,A,A,0,,,,,Y,,-,- ,0,1,2,0,0,0,0,0,0,- ,- ,,,IMPERIAL,BRAWLEY,-115.5013428,32.97864151
8748516,2018,1/16/2019,1304,11/3/2018,1137,337,ELCE,6,5,4,1304,0,0,0,,0,EAST,ROSS,5TH,0,,Y,A,-,N,,,,,,,,,,Y,4,0,2,3,A,-,9,21802,A,N,D,C,A,A,H,-,A,A,0,,,,,Y,,A,1,0,0,2,0,0,0,0,0,0,- ,- ,,,IMPERIAL,EL CENTRO,-115.5546188,32.78144836
8771376,2018,2/4/2019,1304,12/6/2018,1705,330,E1,4,5,4,1304,0,0,0,,0,WEST,IMPERIAL,CRUICKSHANK,0,,-,C,-,Y,IMP,11,86,-,-,8.51,H,-,N,Y,4,0,1,2,A,-,3,22350,,N,C,C,A,B,H,-,C,A,0,,,,,Y,,A,1,0,0,1,0,0,0,0,0,0,- ,- ,32.81409836,-115.5697021,IMPERIAL,EL CENTRO,-115.5699234,32.81420517
8781583,2018,1/31/2019,1304,12/18/2018,1921,325,EC101,2,5,4,1304,0,0,0,,0,WEST,IMPERIAL AV FRONTAGE RD,PICO,0,,Y,A,-,N,,,,,,,,,,Y,4,0,2,2,A,-,9,21802,A,N,A,C,A,A,H,-,C,A,0,,,,,Y,,A,1,0,0,2,0,0,0,0,0,0,- ,- ,32.80567932,-115.5701828,IMPERIAL,EL CENTRO,-115.5701904,32.80564117
8795882,2019,5/23/2019,1304,1/30/2019,1307,327,EWEST,3,5,4,1304,0,0,0,,0,WEST,IMPERIAL,VILLA AV,0,,-,A,-,Y,IMP,11,86,-,-,7.79,H,-,N,Y,3,0,1,4,A,-,3,22350,,N,C,C,A,A,H,-,A,D,0,,,,,Y,,A,1,0,1,0,0,0,0,0,0,0,- ,- ,32.8035202,-115.5697708,IMPERIAL,EL CENTRO,-115.5698776,32.80342484
8816315,2019,3/15/2019,1306,2/4/2019,1402,355,ECSO,1,5,2,1306,0,0,0,,0,EAST,8TH,DESERT GARDENS,0,,Y,A,-,N,,,,,,,,,,Y,4,0,1,2,A,-,9,21802,A,N,D,C,A,A,H,-,A,A,0,,,,,Y,,D,22,0,0,1,0,0,0,0,0,0,- ,- ,32.78087997,-115.561203,IMPERIAL,IMPERIAL,-115.5612335,32.78094864
8834214,2019,4/11/2019,1304,3/12/2019,826,343,ELCE,2,5,4,1304,0,0,0,,0,WEST,ROSS,LA BRUCHERIE,81,W,N,A,-,N,,,,,,,,,,Y,4,0,1,2,A,-,7,21658,A,N,B,C,A,A,H,-,A,D,0,,,,,Y,,A,1,0,0,1,0,0,0,0,0,0,- ,- ,,,IMPERIAL,EL CENTRO,-115.578743,32.78147125
8838141,2019,5/31/2019,1304,3/30/2019,910,354,,6,5,4,1304,0,0,0,,0,,ADAMS,6TH,0,,-,A,-,Y,IMP,11,86,-,L,7.86,H,-,S,Y,3,0,1,2,A,-,8,22107,,N,C,E,A,A,H,-,A,D,0,,,,Y,Y,,A,1,0,1,0,0,0,0,0,0,0,- ,- ,32.79650116,-115.5585785,IMPERIAL,EL CENTRO,-115.5586548,32.79655838
8844576,2019,8/28/2019,1304,4/5/2019,1607,326,EWES,5,5,4,1304,0,0,0,,0,901,ADAMS,12TH,0,,Y,A,-,Y,IMP,11,86,-,L,8.286,I,5,N,Y,4,0,2,3,A,-,9,21804,A,N,D,C,A,A,H,-,A,D,0,,,,,Y,,A,1,0,0,2,0,0,0,0,0,0,- ,- ,,,IMPERIAL,EL CENTRO,-115.5659637,32.79655457
8846125,2019,10/10/2019,1301,7/23/2019,1645,917,,2,5,3,1301,0,0,0,,0,,MALAN ST,18TH ST,69,E,N,A,-,N,,,,,,,,,,Y,3,0,1,2,A,-,1,23152,A,N,C,E,A,A,H,-,A,D,0,,,,,Y,Y,A,7,0,1,0,0,0,0,0,0,0,- ,- ,,,IMPERIAL,BRAWLEY,-115.5144196,32.97084045
8846460,2019,8/27/2019,1304,4/15/2019,1210,343,ELCE,1,5,4,1304,0,0,0,,0,WEST,IMPERIAL,EUCLID AV,0,,-,A,-,Y,IMP,11,86,-,-,7.41,H,-,N,Y,3,0,1,2,A,-,7,21658,A,N,B,C,A,A,H,-,A,D,0,,,,,Y,,A,1,0,1,0,0,0,0,0,0,0,- ,- ,32.798069,-115.5699463,IMPERIAL,EL CENTRO,-115.5699692,32.79809189
8846877,2019,8/27/2019,1304,5/2/2019,759,354,,4,5,4,1304,0,0,0,,0,,4TH,STATE,0,,Y,B,-,Y,IMP,11,86,-,-,7.24,I,5,N,N,4,0,2,2,A,-,9,21804,A,N,D,C,A,A,H,-,A,A,0,,,,,Y,,A,1,0,0,2,0,0,0,0,0,0,- ,- ,,,IMPERIAL,EL CENTRO,-115.5525284,32.79185867
8856544,2019,8/27/2019,1301,4/1/2019,1633,912,BRAWL,1,5,3,1301,0,0,0,,0,1,RT 86,N LAS FLORES,50,S,N,A,-,Y,IMP,11,86,-,-,21.25,I,5,N,Y,2,0,2,2,A,-,9,21801,,N,-,C,A,A,H,-,A,A,0,,,,,Y,,D,22,1,0,1,0,0,0,0,0,0,- ,- ,,,IMPERIAL,BRAWLEY,-115.5523529,32.97858429
8874622,2019,6/20/2019,1304,5/31/2019,235,333,E1,5,5,4,1304,0,0,0,,0,WEST,BRIGHTON,14TH ST,192,E,N,A,-,N,,,,,,,,,,Y,3,0,1,2,A,-,1,23152,A,N,D,E,A,A,H,-,C,D,0,,,,,Y,Y,A,1,0,1,0,0,0,0,0,0,0,- ,- ,,,IMPERIAL,EL CENTRO,-115.5670395,32.78974533
8878967,2019,6/20/2019,1301,5/9/2019,549,902,BRAWL,4,5,3,1301,0,0,0,,0,0B4,H ST,PALM AV,40,E,N,A,-,N,,,,,,,,,,Y,3,0,1,3,A,-,8,22107,,N,E,E,A,A,H,-,B,A,0,,,,,Y,,A,1,0,1,0,0,0,0,0,0,0,- ,- ,,,IMPERIAL,BRAWLEY,-115.5219116,32.97640991
8896666,2019,1/21/2020,1304,7/11/2019,1607,354,,4,5,4,1304,0,0,0,,0,,4TH,ROSS,0,,Y,A,-,Y,IMP,11,86,-,-,6.525,I,5,S,N,3,0,1,2,A,-,3,22350,,N,C,C,A,A,H,-,A,A,0,,,,,Y,,A,7,0,1,0,0,0,0,0,0,0,- ,- ,,,IMPERIAL,EL CENTRO,-115.5524216,32.78144836
8905409,2018,9/6/2019,1302,3/23/2018,1846,I0005,1302,5,5,4,1302,0,0,0,,0,4,ANDRADE AV,COLE RD,0,,Y,A,-,N,,,,,,,,,,Y,4,0,1,3,A,-,12,21453,A,N,D,C,A,A,H,-,A,A,0,,,,,Y,,A,7,0,0,1,0,0,0,0,0,0,- ,- ,,,IMPERIAL,CALEXICO,-115.4825592,32.69393158
8921336,2018,9/10/2019,1302,2/27/2018,1451,542,1302,2,5,4,1302,0,0,0,,0,2,HEBER AV,ROSEMONT ST,0,,Y,A,-,N,,,,,,,,,,N,4,0,2,2,A,-,9,21802,A,N,D,C,A,A,H,-,A,A,0,,,,,Y,,A,1,0,0,2,0,0,0,0,0,0,- ,- ,,,IMPERIAL,CALEXICO,-115.4935226,32.67496109
8921344,2018,9/6/2019,1302,1/9/2018,806,I0005,1302,2,5,4,1302,0,0,0,,0,2,5TH ST,BLAIR AV,35,E,N,A,-,N,,,,,,,,,,N,3,0,1,2,A,-,10,21950,A,N,G,B,B,-,H,-,A,A,0,Y,,,,Y,,A,7,0,1,0,0,1,0,0,0,0,- ,- ,,,IMPERIAL,CALEXICO,-115.4906158,32.66981888
8921359,2018,9/10/2019,1302,12/17/2018,1055,561,1302,1,5,4,1302,0,0,0,,0,CX2,HAROLD AV,RT 98 FROM MCKINLEY ST,0,,N,A,-,N,,,,,,,,,,Y,4,0,1,2,A,-,12,22450,,N,D,C,A,A,H,-,A,A,0,,,,,Y,,A,1,0,0,1,0,0,0,0,0,0,- ,FR,,,IMPERIAL,CALEXICO,-115.50114,32.67911
8922342,2019,8/30/2019,1302,5/10/2019,1454,562,1302,5,5,4,1302,0,0,0,,0,1,W 2ND ST,E GRAND PLAZA WY,816,E,N,A,-,N,,,,,,,,,,N,4,0,1,2,A,-,8,22100,B,N,B,C,A,A,H,-,A,A,0,,,,,Y,,A,1,0,0,1,0,0,0,0,0,0,- ,- ,,,IMPERIAL,CALEXICO,-115.5045242,32.66582108
8924012,2018,9/13/2019,1302,10/12/2018,1728,562,1302,5,5,4,1302,0,0,0,,0,4,RT 111,RT 98,2404,N,N,A,-,Y,IMP,11,111,-,R,1.63,H,-,S,Y,4,0,1,3,A,-,3,22350,,N,C,D,A,A,H,-,A,A,0,,,,,Y,,A,7,0,0,1,0,0,0,0,0,0,- ,- ,,,IMPERIAL,CALEXICO,-115.4991684,32.68556976
8924024,2018,9/12/2019,1302,10/22/2018,1509,561,1302,1,5,4,1302,0,0,0,,0,CX1,E BIRCH ST,E BIRCH ST 800,0,,Y,A,-,N,,,,,,,,,,Y,4,0,4,3,A,-,3,22350,,N,C,C,A,A,H,-,A,A,0,,,,,Y,,A,1,0,0,4,0,0,0,0,0,0,- ,- ,,,IMPERIAL,CALEXICO,-115.489311,32.678928