CASE_ID,ACCIDENT_YEAR,PROC_DATE,JURIS,COLLISION_DATE,COLLISION_TIME,OFFICER_ID,REPORTING_DISTRICT,DAY_OF_WEEK,CHP_SHIFT,POPULATION,CNTY_CITY_LOC,SPECIAL_COND,BEAT_TYPE,CHP_BEAT_TYPE,CITY_DIVISION_LAPD,CHP_BEAT_CLASS,BEAT_NUMBER,PRIMARY_RD,SECONDARY_RD,DISTANCE,DIRECTION,INTERSECTION,WEATHER_1,WEATHER_2,STATE_HWY_IND,CALTRANS_COUNTY,CALTRANS_DISTRICT,STATE_ROUTE,ROUTE_SUFFIX,POSTMILE_PREFIX,POSTMILE,LOCATION_TYPE,RAMP_INTERSECTION,SIDE_OF_HWY,TOW_AWAY,COLLISION_SEVERITY,NUMBER_KILLED,NUMBER_INJURED,PARTY_COUNT,PRIMARY_COLL_FACTOR,PCF_CODE_OF_VIOL,PCF_VIOL_CATEGORY,PCF_VIOLATION,PCF_VIOL_SUBSECTION,HIT_AND_RUN,TYPE_OF_COLLISION,MVIW,PED_ACTION,ROAD_SURFACE,ROAD_COND_1,ROAD_COND_2,LIGHTING,CONTROL_DEVICE,CHP_ROAD_TYPE,PEDESTRIAN_ACCIDENT,BICYCLE_ACCIDENT,MOTORCYCLE_ACCIDENT,TRUCK_ACCIDENT,NOT_PRIVATE_PROPERTY,ALCOHOL_INVOLVED,STWD_VEHTYPE_AT_FAULT,CHP_VEHTYPE_AT_FAULT,COUNT_SEVERE_INJ,COUNT_VISIBLE_INJ,COUNT_COMPLAINT_PAIN,COUNT_PED_KILLED,COUNT_PED_INJURED,COUNT_BICYCLIST_KILLED,COUNT_BICYCLIST_INJURED,COUNT_MC_KILLED,COUNT_MC_INJURED,PRIMARY_RAMP,SECONDARY_RAMP,LATITUDE,LONGITUDE,COUNTY,CITY,POINT_X,POINT_Y
8924043,2018,9/13/2019,1302,1/30/2018,1649,542,1302,2,5,4,1302,0,0,0,,0,4,COLE RD,RT 111,44,E,N,A,-,Y,IMP,11,111,-,R,2.211,I,6,N,N,4,0,1,2,A,-,3,22350,,N,C,C,A,A,H,-,A,A,0,,,,,Y,,A,1,0,0,1,0,0,0,0,0,0,- ,- ,,,IMPERIAL,CALEXICO,-115.4992752,32.69402313
8924048,2018,9/13/2019,1302,11/3/2018,1059,CX164,1302,6,5,4,1302,0,0,0,,0,3,IMPERIAL AV,W 4TH ST,78,N,N,A,-,Y,IMP,11,111,-,-,0.49,H,-,S,N,4,0,1,2,A,-,3,22350,,N,C,C,A,A,H,-,A,A,0,,,,,Y,,A,7,0,0,1,0,0,0,0,0,0,- ,- ,,,IMPERIAL,CALEXICO,-115.4986801,32.66895676
8924051,2018,9/13/2019,1302,3/20/2018,2030,CX084,1302,2,5,4,1302,0,0,0,,0,4,RT 98,CESAR CHAVEZ BL,0,,Y,A,-,Y,IMP,11,98,-,-,31.95,H,-,W,N,4,0,1,2,A,-,11,21954,A,N,G,B,D,A,H,-,C,A,0,Y,,,,Y,Y,-,- ,0,0,1,0,1,0,0,0,0,- ,- ,,,IMPERIAL,CALEXICO,-115.5050812,32.679142
8924059,2018,9/17/2019,1302,3/21/2018,1316,I0005,1302,3,5,4,1302,0,0,0,,0,4,RT 111,JASPER RD,0,S,N,A,-,Y,IMP,11,111,-,R,3.1,H,-,N,Y,4,0,3,3,A,-,3,22350,,N,B,C,A,A,H,-,A,A,0,,,,,Y,,A,1,0,0,3,0,0,0,0,0,0,- ,- ,,,IMPERIAL,CALEXICO,-115.4994049,32.70700836
8924063,2018,9/13/2019,1302,5/9/2018,729,565,1302,3,5,4,1302,0,0,0,,0,2,RT 98,ENCINAS AV,0,,Y,A,-,Y,IMP,11,98,-,-,32.92,I,5,W,Y,4,0,1,3,A,-,12,21453,A,N,C,C,A,A,H,-,A,A,0,,,,,Y,,A,1,0,0,1,0,0,0,0,0,0,- ,- ,,,IMPERIAL,CALEXICO,-115.4883118,32.6792717
8924247,2019,5/27/2020,1302,1/6/2019,1208,561,1302,7,5,4,1302,0,0,0,,0,CX2,IMPERIAL AV,IMPERIAL AV 700 BLK,0,,-,A,-,Y,IMP,11,111,-,-,0.72,H,-,N,N,4,0,1,2,A,-,3,22350,,N,C,C,A,A,H,-,A,A,0,,,,,Y,,D,22,0,0,1,0,0,0,0,0,0,- ,- ,,,IMPERIAL,CALEXICO,-115.4986801,32.67233276
8924251,2019,6/16/2020,1302,1/18/2019,1553,CX014,1302,5,5,4,1302,0,0,0,,0,2,RT 98,HAROLD AV,0,,Y,A,-,Y,IMP,11,98,-,-,32.172,I,5,E,Y,3,0,1,2,A,-,6,21754,,N,D,C,A,A,H,-,A,A,0,,,Y,,Y,,C,3,0,1,0,0,0,0,0,0,1,- ,- ,,,IMPERIAL,CALEXICO,-115.5011673,32.67911148
8924255,2019,5/27/2020,1302,1/22/2019,1628,CX527,1302,2,5,4,1302,0,0,0,,0,2,RT 111,7TH ST,0,,Y,A,-,Y,IMP,11,111,-,-,0.693,I,5,S,N,3,0,1,2,A,-,9,21801,A,N,D,G,A,A,H,-,A,A,0,,Y,,,Y,,D,22,0,1,0,0,0,0,1,0,0,- ,- ,,,IMPERIAL,CALEXICO,-115.4986801,32.67193604
8924259,2019,3/20/2020,1302,2/5/2019,1431,CX527,1302,2,5,4,1302,0,0,0,,0,1,RT 98,KLOKE RD,0,,N,A,-,Y,IMP,11,98,-,-,31.29,H,-,E,N,4,0,1,2,A,-,3,22350,,N,C,C,A,A,H,-,A,A,0,,,,,Y,,A,1,0,0,1,0,0,0,0,0,0,- ,- ,32.6791687,-115.5136108,IMPERIAL,CALEXICO,-115.5162964,32.67918015
8924311,2019,9/18/2020,1302,5/8/2019,1844,564,1302,3,5,4,1302,0,0,0,,0,1,RT 98,DAVID NAVARRO AV,297,E,N,A,-,Y,IMP,11,98,-,-,31.2,H,-,E,N,4,0,1,2,A,-,3,22350,,N,C,C,A,A,H,-,A,A,0,,,,,Y,,A,1,0,0,1,0,0,0,0,0,0,- ,- ,,,IMPERIAL,CALEXICO,-115.5178757,32.67918777
8924754,2018,9/30/2019,1302,7/11/2018,2342,CX088,1302,3,5,4,1302,0,0,0,,0,2,RT 111,7TH ST,102,N,N,A,-,Y,IMP,11,111,-,-,0.71,H,-,N,N,4,0,1,2,A,-,3,22350,,N,C,C,A,A,-,-,C,D,0,,,,Y,Y,,A,7,0,0,1,0,0,0,0,0,0,- ,- ,,,IMPERIAL,CALEXICO,-115.4986801,32.67218399
8925283,2018,8/29/2019,1302,7/6/2018,1655,CX172,1302,5,5,4,1302,0,0,0,,0,CX4,W COLE RD,ENTERPRISE BL,0,,Y,A,-,N,,,,,,,,,,N,4,0,1,2,A,-,3,22350,,N,C,C,A,A,H,-,A,A,0,,,,,Y,,A,1,0,0,1,0,0,0,0,0,0,- ,- ,,,IMPERIAL,CALEXICO,-115.5061264,32.69398117
8926199,2019,9/4/2019,1304,7/23/2019,1037,331,EWEST,2,5,4,1304,0,0,0,,0,WEST,IMPERIAL,AURORA,0,,Y,A,-,N,,,,,,,,,,N,3,0,1,2,A,-,11,21950,B,N,B,B,D,A,H,-,A,A,0,Y,,,,Y,,N,60,0,1,0,0,1,0,0,0,0,- ,- ,,,IMPERIAL,EL CENTRO,-115.5696716,32.77838135
8926207,2019,9/4/2019,1304,7/11/2019,2029,351,EAST,4,5,4,1304,0,0,0,,0,EAST,EUCLID AV,5TH ST,27,W,N,A,-,N,,,,,,,,,,N,4,0,1,2,A,-,8,22107,,M,G,B,E,A,H,-,C,D,0,Y,,,,Y,Y,-,,0,0,1,0,1,0,0,0,0,- ,- ,,,IMPERIAL,EL CENTRO,-115.5550385,32.79837036
8927107,2019,9/18/2019,1302,4/13/2019,111,557,1302,6,5,4,1302,0,0,0,,0,4,RT 111,COLE RD,100,S,N,A,-,N,,,,,,,,,,Y,4,0,1,3,A,-,3,22350,,N,C,C,A,A,H,-,D,A,0,,,,,Y,,A,1,0,0,1,0,0,0,0,0,0,- ,- ,,,IMPERIAL,CALEXICO,-115.4993744,32.69370651
8928128,2019,9/5/2019,1302,6/1/2019,1910,CX567,1302,6,5,4,1302,0,0,0,,0,3,HEBER AV,2ND ST,0,,Y,A,-,N,,,,,,,,,,N,4,0,1,2,A,-,8,22107,,N,G,B,B,A,H,-,B,A,0,Y,,,,Y,,A,1,0,0,1,0,1,0,0,0,0,- ,- ,,,IMPERIAL,CALEXICO,-115.4935074,32.66667938
8934733,2018,9/10/2019,1302,5/3/2018,1507,565,1302,4,5,4,1302,0,0,0,,0,2,HAROLD AV,MCKINLEY,113,S,N,A,-,N,,,,,,,,,,N,4,0,2,3,A,-,5,21650,,N,B,C,A,A,H,-,A,A,0,,,,,Y,Y,A,1,0,0,2,0,0,0,0,0,0,- ,- ,,,IMPERIAL,CALEXICO,-115.5011368,32.67580032
8934961,2018,9/30/2019,1302,8/9/2018,1505,542,1302,4,5,4,1302,0,0,0,,0,4,RT 111,JASPER RD,0,,Y,A,-,Y,IMP,11,111,-,R,3.228,I,5,N,N,4,0,1,2,D,-,0,,,N,D,C,A,A,H,-,A,A,0,,,,,Y,,-,- ,0,0,1,0,0,0,0,0,0,- ,- ,,,IMPERIAL,CALEXICO,-115.4994202,32.7088623
8936228,2019,9/18/2020,1302,5/7/2019,1335,CX187,1302,2,5,4,1302,0,0,0,,0,1,RT 98,EADY AV,0,,-,A,-,Y,IMP,11,98,-,-,31.55,I,-,E,N,4,0,1,2,A,-,4,21703,,N,C,C,A,A,H,-,A,A,0,,,,,Y,,A,1,0,0,1,0,0,0,0,0,0,- ,- ,,,IMPERIAL,CALEXICO,-115.5119858,32.67917252
8944722,2019,9/25/2019,1304,8/25/2019,2333,331,,7,5,4,1304,0,0,0,,0,WEST,IMPERIAL AV,STATE ST,0,,Y,A,-,N,,,,,,,,,,Y,2,0,1,2,A,-,1,23152,A,N,D,C,A,A,H,-,C,A,0,,,,,Y,Y,-,,1,0,0,0,0,0,0,0,0,- ,- ,,,IMPERIAL,EL CENTRO,-115.5698776,32.79169846
8945883,2019,10/4/2019,1304,8/7/2019,1139,341,EWES,3,5,4,1304,0,0,0,,0,WEST,LA BRUCHERIE,EUCLID,0,,Y,C,-,N,,,,,,,,,,N,4,0,1,2,A,-,9,21802,A,N,D,C,A,B,H,-,A,D,0,,,,,Y,,A,1,0,0,1,0,0,0,0,0,0,- ,- ,,,IMPERIAL,EL CENTRO,-115.5786819,32.79838181
8961369,2019,11/4/2019,1304,9/11/2019,607,369,EWEST,3,5,4,1304,0,0,0,,0,WEST,BRADSHAW,BRADSHAW 1500,0,,Y,A,-,N,,,,,,,,,,N,4,0,1,2,A,-,9,21804,A,N,D,C,A,A,H,-,A,D,0,,,,,Y,,A,7,0,0,1,0,0,0,0,0,0,- ,- ,32.81100082,-115.5714417,IMPERIAL,EL CENTRO,,
8961373,2019,10/22/2019,1304,9/5/2019,2255,351,EAST,4,5,4,1304,0,0,0,,0,EAST,DANEN BERG,DANEN BERG 45,0,,Y,A,-,N,,,,,,,,,,N,3,0,1,2,A,-,11,21954,A,N,G,B,E,A,A,B,D,D,0,Y,,,,Y,,N,60,0,1,0,0,1,0,0,0,0,- ,- ,32.76692963,-115.5407715,IMPERIAL,EL CENTRO,,
8961451,2019,10/22/2019,1301,9/28/2019,800,9A4,BRAWL,6,5,3,1301,0,0,0,,0,2,1ST ST,K ST,0,,Y,A,-,N,,,,,,,,,,Y,3,0,1,2,A,-,0,33153,,N,B,C,A,A,H,-,A,A,0,,,,,Y,Y,A,1,0,1,0,0,0,0,0,0,0,- ,- ,,,IMPERIAL,BRAWLEY,-115.5417328,32.9731102
8983243,2019,1/8/2020,1302,2/7/2019,1838,84,1302,4,5,4,1302,0,0,0,,0,1,GRANT ST,LINHOLM AV,0,,-,A,-,N,,,,,,,,,,Y,4,0,1,3,A,-,8,22107,,N,A,C,A,A,H,-,A,D,0,,,,,Y,,-,,0,0,1,0,0,0,0,0,0,- ,- ,,,IMPERIAL,CALEXICO,-115.5202408,32.67443848
8991845,2019,1/9/2020,1304,10/31/2019,1237,361,ELCE,4,5,4,1304,0,0,0,,0,WEST,IMPERIAL,EUCLID,45,S,N,A,-,N,,,,,,,,,,Y,4,0,1,4,A,-,3,22350,,N,C,C,A,A,H,-,A,A,0,,,,,Y,,D,22,0,0,1,0,0,0,0,0,0,- ,- ,,,IMPERIAL,EL CENTRO,-115.5699768,32.79825211
8996773,2019,1/14/2020,1304,11/6/2019,1731,E0194,ELCE,3,5,4,1304,0,0,0,,0,EAST,E MAIN,DOGWOOD,0,,-,A,-,N,,,,,,,,,,Y,4,0,1,2,A,-,9,21801,A,N,D,C,A,A,H,-,C,D,0,,,,,Y,,A,1,0,0,1,0,0,0,0,0,0,- ,- ,32.79275894,-115.5361099,IMPERIAL,EL CENTRO,-115.5356522,32.79281998
9009522,2019,1/6/2020,1304,11/16/2019,1044,E0194,ELCE,6,5,4,1304,0,0,0,,0,EAST,6TH,MAIN,0,,Y,A,-,N,,,,,,,,,,Y,4,0,2,3,A,-,9,21801,B,N,D,C,A,A,H,-,A,A,0,,,,,Y,,A,1,0,0,2,0,0,0,0,0,0,- ,- ,,,IMPERIAL,EL CENTRO,-115.5569611,32.79281998
90095405,2016,1/14/2016,9625,1/10/2016,1620,18464,,7,2,9,1300,0,2,4,,2,46,DOGWOOD ROAD,HAWK ROAD,0,,Y,B,-,N,,,,,,,,,,Y,4,0,4,2,A,-,1,23152,A,N,D,C,A,A,H,-,A,D,0,,,,,Y,Y,A,1,0,0,4,0,0,0,0,0,0,- ,- ,32.73485,-115.53455,IMPERIAL,UNINCORPORATED,-115.5345101,32.73482006
90095577,2016,1/14/2016,9625,1/5/2016,1812,18773,,2,2,9,1300,0,2,4,,2,46,DOGWOOD ROAD,E. MCCABE ROAD,33,S,N,C,-,N,,,,,,,,,,N,4,0,1,2,A,-,3,22350,,N,C,C,A,B,H,-,C,A,0,,,,,Y,,D,22,0,0,1,0,0,0,0,0,0,- ,- ,32.75304,-115.53484,IMPERIAL,UNINCORPORATED,-115.5348306,32.75324025
90095772,2016,1/14/2016,9625,1/9/2016,1610,18468,,6,2,9,1300,0,3,5,,2,50,ALAMO ROAD,MELON ROAD,2148,W,N,A,-,N,,,,,,,,,,N,2,0,1,1,A,-,1,23152,A,N,E,J,A,A,H,-,A,D,0,,,,,Y,Y,A,1,1,0,0,0,0,0,0,0,0,- ,- ,32.81836,-115.39604,IMPERIAL,UNINCORPORATED,-115.395947,32.81839769
90096092,2016,1/15/2016,9625,1/5/2016,230,18930,,2,3,9,1300,0,1,3,,1,12,SR-86 (S/B),TREADWELL BLVD,6336,N,N,A,-,Y,,,86,,,,,,,Y,3,0,1,1,A,-,1,23152,A,N,E,I,A,A,H,-,D,D,0,,,,,Y,Y,D,22,0,1,0,0,0,0,0,0,0,- ,- ,33.34241,-116.01158,IMPERIAL,UNINCORPORATED,-116.0115218,33.3424523
90098682,2016,1/20/2016,9620,1/13/2016,1520,13020,620,3,2,9,1300,0,1,1,,2,82,INTERSTATE 8 (W/B),WINTERHAVEN DRIVE,5280,W,N,A,-,Y,,,8,,,,,,,Y,4,0,1,1,A,-,8,22107,,N,F,A,A,A,H,-,A,D,0,,,,,Y,,A,1,0,0,1,0,0,0,0,0,0,- ,- ,32.74194,-114.68585,IMPERIAL,UNINCORPORATED,-114.6858802,32.74185595
90100546,2016,1/22/2016,9625,1/18/2016,1431,18468,,1,2,9,1300,0,2,4,,2,47,FORRESTER ROAD,ROSS ROAD,14,S,N,A,-,N,,,,,,,,,,Y,3,0,3,2,A,-,12,22450,A,N,D,C,A,A,H,-,A,A,0,,,,,Y,,A,7,0,2,1,0,0,0,0,0,0,- ,- ,32.78135,-115.62061,IMPERIAL,UNINCORPORATED,-115.6206399,32.78138173
90102555,2016,1/26/2016,9625,1/24/2016,1440,18468,,7,2,9,1300,0,1,1,,2,4,INTERSTATE 8 (W/B) TO FORRESTER ROAD,FORRESTER ROAD,17,E,N,A,-,Y,,,8,,,,R,,,N,4,0,2,2,A,-,3,22350,,N,C,C,A,A,H,-,A,A,0,,,,,Y,,A,7,0,0,2,0,0,0,0,0,0,- ,- ,32.775,-115.62056,IMPERIAL,UNINCORPORATED,-115.62056,32.775
90103401,2016,1/27/2016,9625,1/16/2016,1340,18464,,6,1,9,1300,0,1,3,,1,44,SR-86 (S/B),SCHARTZ ROAD,285,N,N,A,-,Y,,,86,,,,,,,Y,3,0,3,1,A,-,8,22107,,N,F,A,A,A,H,-,A,D,0,,,,,Y,,A,1,0,3,0,0,0,0,0,0,0,- ,- ,32.94269,-115.57012,IMPERIAL,UNINCORPORATED,-115.5700996,32.94268996
90109125,2016,2/4/2016,9625,2/1/2016,1748,16248,,1,2,9,1300,0,1,3,,2,53,SR-111 S/B,HEBER ROAD,2045,N,N,A,-,Y,,,111,,,,,,S,Y,3,0,1,2,A,-,3,22350,,N,C,C,A,A,H,-,D,D,0,,,,,Y,,A,1,0,1,0,0,0,0,0,0,0,- ,- ,32.73768,-115.5006,IMPERIAL,UNINCORPORATED,-115.5005495,32.73768098
90121634,2016,2/23/2016,9620,2/13/2016,2210,18734,,6,3,9,1300,0,1,1,,2,81,I-8 W/B,GORDONS WELL RD,10560,W,N,A,-,Y,,,8,,,,,,W,Y,3,0,3,1,A,-,8,22107,,N,E,I,A,A,H,-,D,D,0,,,,,Y,,A,1,0,1,2,0,0,0,0,0,0,- ,- ,32.70804,-114.97575,IMPERIAL,UNINCORPORATED,-114.9757576,32.7084116
90125518,2016,2/29/2016,9625,2/17/2016,1718,16248,,3,2,9,1300,0,3,5,,2,50,WILLOUGHBY ROAD,KLOKE ROAD,210,W,N,A,-,N,,,,,,,,,,Y,4,0,1,1,A,-,8,22107,,N,E,I,A,A,H,-,D,D,0,,,,,Y,,A,1,0,0,1,0,0,0,0,0,0,- ,- ,32.70859,-115.51809,IMPERIAL,UNINCORPORATED,-115.5185988,32.70851
90125977,2016,2/29/2016,9625,2/13/2016,440,19225,,6,3,9,1300,0,1,3,,1,54,SR-111 (NORTHBOUND),KEYSTONE ROAD,2376,S,N,A,-,Y,,,111,,,,,,,Y,4,0,3,2,A,-,1,23152,A,N,C,C,A,A,H,-,D,D,0,,,,,Y,Y,A,1,0,0,3,0,0,0,0,0,0,- ,- ,32.90626,-115.50907,IMPERIAL,UNINCORPORATED,-115.5091336,32.90625965
90133111,2016,3/9/2016,9625,3/1/2016,1450,19886,,2,2,9,1300,0,3,5,,2,50,WILLOUGHBY ROAD,KLOKE ROAD,225,W,N,A,-,N,,,,,,,,,,Y,4,0,1,1,A,-,8,22107,,N,F,I,A,A,H,-,A,D,0,,,,,Y,,A,7,0,0,1,0,0,0,0,0,0,- ,- ,32.70842,-115.51799,IMPERIAL,UNINCORPORATED,-115.5186473,32.70851
90136897,2016,3/15/2016,9625,3/4/2016,1545,18617,,5,2,9,1300,0,1,3,,1,42,STATE ROUTE 98,BROCKMAN ROAD,2429,W,N,A,-,Y,,,98,,,,,,,Y,4,0,1,2,A,-,5,21650,,N,B,C,A,A,H,-,A,D,0,,,,,Y,,A,1,0,0,1,0,0,0,0,0,0,- ,- ,32.67929,-115.64668,IMPERIAL,UNINCORPORATED,-115.6466798,32.67931443
90137125,2016,3/15/2016,9625,3/4/2016,740,17727,,5,1,9,1300,0,3,5,,2,40,AUSTIN ROAD,KEYSTONE ROAD,0,,Y,A,-,N,,,,,,,,,,Y,4,0,1,2,A,-,9,21802,A,N,D,C,A,A,H,-,A,A,0,,,,,Y,,A,1,0,0,1,0,0,0,0,0,0,- ,- ,32.91255,-115.5949,IMPERIAL,UNINCORPORATED,-115.5949101,32.91255008
90143381,2016,3/24/2016,9625,3/22/2016,708,13627,,2,1,4,1304,0,1,1,,2,3,INTERSTATE 8 (E/B),4TH STREET,38,W,N,B,G,Y,,,8,,,,,,,Y,4,0,1,1,A,-,8,22107,,N,E,I,A,A,H,-,A,D,0,,,,,Y,,A,7,0,0,1,0,0,0,0,0,0,- ,- ,32.77373,-115.55245,IMPERIAL,EL CENTRO,-115.5524502,32.77369933
90149978,2016,4/4/2016,9625,3/21/2016,930,18368,,1,1,9,1300,0,1,3,,1,44,SR-86 (S/B),SCHARTZ ROAD,71,S,N,A,-,Y,,,86,,,,,,,Y,4,0,1,2,A,-,3,22350,A,N,C,C,A,A,H,-,A,D,0,,,,,Y,,A,7,0,0,1,0,0,0,0,0,0,- ,- ,32.94164,-115.57012,IMPERIAL,UNINCORPORATED,-115.5701008,32.94164016
90153953,2016,4/8/2016,9625,4/2/2016,1120,18368,,6,1,4,1304,0,3,5,,2,40,HUFF ROAD,HETZEL ROAD,2112,N,N,A,-,N,,,,,,,,,,Y,4,0,1,1,A,-,8,22107,,N,E,I,A,A,H,-,A,A,0,,,,,Y,,A,1,0,0,1,0,0,0,0,0,0,- ,- ,32.82603,-115.71904,IMPERIAL,EL CENTRO,-115.7185212,32.82700523
90158775,2016,4/15/2016,9620,3/23/2016,1947,17466,,3,2,9,1300,0,1,1,,2,82,I-8 W/B,SR-186,497,W,N,A,-,Y,,,8,,,,,,W,Y,1,2,4,2,A,-,8,22107,,N,D,D,A,A,H,-,D,A,0,,,,Y,Y,,A,7,3,1,0,0,0,0,0,0,0,- ,- ,32.74361,-114.72195,IMPERIAL,UNINCORPORATED,-114.7219246,32.74382929
90159418,2016,4/18/2016,9625,4/15/2016,1455,13781,,5,2,9,1300,0,1,3,,1,42,SR-98,MOLITAR ROAD,212,W,N,A,-,Y,,,98,,,,,,,Y,4,0,1,1,A,-,8,22107,,N,F,A,A,A,H,-,A,D,0,,,,,Y,,A,1,0,0,1,0,0,0,0,0,0,- ,- ,32.72151,-115.96275,IMPERIAL,UNINCORPORATED,-115.9627546,32.72148738
90167670,2016,4/28/2016,9625,4/16/2016,1514,16248,,6,2,9,1300,0,1,3,,1,54,SR-111 S/B,WORTHINGTON ROAD,671,S,N,A,-,Y,,,111,,,,,,S,Y,3,0,2,4,A,-,3,22350,,N,C,C,E,A,H,-,A,D,0,Y,,,,Y,,A,1,0,1,1,0,1,0,0,0,0,- ,- ,32.8456,-115.50697,IMPERIAL,UNINCORPORATED,-115.5068176,32.8456891
90171908,2016,5/3/2016,9625,4/28/2016,1115,18368,,4,1,9,1300,0,1,1,,2,1,I-8 (E/B),HWY 98,3696,W,N,A,G,Y,,,8,,,,,,,N,3,0,1,1,C,-,18,,,N,F,A,A,A,H,-,A,D,0,,Y,,,Y,,-,- ,0,1,0,0,0,0,1,0,0,- ,- ,32.72531,-116.03347,IMPERIAL,UNINCORPORATED,-116.0334798,32.72536841
90171970,2016,5/3/2016,9625,4/28/2016,2150,19667,,4,2,9,1300,0,1,3,,1,21,SINCLAIR ROAD,SR-111,66,E,N,A,-,Y,,,,,,,,,,Y,4,0,2,1,A,-,1,23152,A,N,E,I,A,A,H,-,D,D,0,,,,,Y,Y,A,1,0,0,2,0,0,0,0,0,0,- ,- ,33.17643,-115.51815,IMPERIAL,UNINCORPORATED,-115.51906,33.17657
90172114,2016,5/3/2016,9625,4/22/2016,1900,19582,,5,2,9,1300,0,1,3,,1,12,SR-86 S/B,NORM NIVER RD.,5280,S,N,G,-,Y,,,86,,,,,,S,N,4,0,2,2,A,-,17,23114,A,N,E,J,A,A,H,-,C,D,0,,,,,Y,,D,22,0,0,2,0,0,0,0,0,0,- ,- ,33.34945,-116.01621,IMPERIAL,UNINCORPORATED,-116.0162524,33.34943101
90173002,2016,5/4/2016,9625,3/26/2016,4,19582,,6,3,9,1300,0,1,3,,1,42,SR-98,FERRELL ROAD,247,W,N,A,-,Y,,,98,,,,,,,Y,1,4,0,2,A,-,8,22107,,N,D,C,A,A,H,-,D,D,0,,,Y,,Y,,A,7,0,0,0,0,0,0,0,1,0,- ,- ,32.67924,-115.58673,IMPERIAL,UNINCORPORATED,-115.5867308,32.67922198
90175305,2016,5/9/2016,9620,5/2/2016,858,18247,,1,1,9,1300,0,1,1,,2,82,I-8 W/B,WINTERHAVEN DR,4752,W,N,A,-,Y,,,,,,,,,,N,4,0,1,2,A,-,4,21703,,N,C,C,A,A,D,-,A,A,0,,,,,Y,,A,1,0,0,1,0,0,0,0,0,0,- ,- ,32.73971,-114.66745,IMPERIAL,UNINCORPORATED,-114.6658509,32.73834608
90179072,2016,5/13/2016,9625,5/4/2016,1125,15990,,3,1,9,1300,0,1,3,,1,12,SR-86 S/B,NORM NIVER ROAD,0,,Y,A,-,Y,,,86,,,,,,S,Y,3,0,1,2,A,-,9,21803,A,N,D,C,A,A,H,-,A,A,0,,,,,Y,,A,1,0,1,0,0,0,0,0,0,0,- ,- ,33.35733,-116.0188,IMPERIAL,UNINCORPORATED,-116.0188146,33.35732552
90181457,2016,5/17/2016,9620,5/9/2016,1815,17837,,1,2,9,1300,0,1,1,,2,81,I-8 E/B,SR-98,528,E,N,A,-,Y,,,8,,,,,,E,Y,4,0,1,2,A,-,3,22350,,N,C,C,A,A,D,E,A,D,0,,,,Y,Y,,A,1,0,0,1,0,0,0,0,0,0,- ,- ,32.70911,-115.08554,IMPERIAL,UNINCORPORATED,-115.0855072,32.70920981
90182542,2016,5/18/2016,9625,5/9/2016,845,18978,,1,1,9,1300,0,3,5,,2,40,HEBER ROAD,CLARK ROAD,0,,Y,A,-,N,,,,,,,,,,Y,4,0,3,2,A,-,12,22450,A,N,D,C,A,A,H,-,A,A,0,,,,,Y,,A,1,0,0,3,0,0,0,0,0,0,- ,- ,32.73077,-115.56031,IMPERIAL,UNINCORPORATED,-115.56032,32.73064009
90186085,2016,5/24/2016,9625,5/9/2016,1643,18933,,1,2,9,1300,0,3,5,,2,40,LARSEN ROAD,FORRESTER ROAD,805,E,N,A,-,N,,,,,,,,,,N,4,0,1,1,A,-,8,22107,,N,E,I,A,A,H,-,A,D,0,,,,,Y,,A,7,0,0,1,0,0,0,0,0,0,- ,- ,32.87669,-115.61841,IMPERIAL,UNINCORPORATED,-115.6184766,32.87661983
90194268,2016,6/3/2016,9625,6/2/2016,2100,18617,,4,2,9,1300,0,1,3,,1,12,STATE ROUTE 86 SOUTHBOUND,NORM NIVER ROAD,0,,Y,A,-,Y,,,86,,,,,,S,Y,4,0,1,2,A,-,9,21802,A,N,D,C,A,A,H,-,A,A,0,,,,Y,Y,,A,1,0,0,1,0,0,0,0,0,0,- ,- ,33.35737,-116.01873,IMPERIAL,UNINCORPORATED,-116.0188198,33.3573424
90196933,2016,6/8/2016,9625,6/2/2016,1224,13627,,4,1,9,1300,0,1,3,,2,52,SR-98 W/B,SR-7,0,,Y,A,-,Y,,,98,,,,,,W,Y,4,0,3,1,A,-,8,22107,,N,E,I,A,A,H,-,A,D,0,,,,,Y,,A,7,0,0,3,0,0,0,0,0,0,- ,- ,32.69347,-115.37918,IMPERIAL,UNINCORPORATED,-115.3791872,32.69377414
90197914,2016,6/9/2016,9625,5/29/2016,1520,18368,,7,2,9,1300,0,1,3,,1,21,STATE ROUTE 111,MCDONALD ROAD,1190,S,N,A,-,Y,,,111,,,,,,,Y,3,0,1,1,C,-,18,,,N,E,I,A,A,H,-,A,D,0,,,,,Y,,-,- ,0,1,0,0,0,0,0,0,0,- ,- ,33.2015,-115.51914,IMPERIAL,UNINCORPORATED,-115.5190558,33.20149994
90201551,2016,6/14/2016,9625,6/2/2016,1216,13781,,4,1,9,1300,0,1,3,,1,51,SR-7 (N/B),MENVIELLE ROAD,125,S,N,A,-,Y,,,7,,,,,,,N,4,0,1,2,A,-,21,22106,,N,C,C,A,A,H,-,A,A,0,,,,,Y,,A,7,0,0,1,0,0,0,0,0,0,- ,- ,32.68258,-115.38946,IMPERIAL,UNINCORPORATED,-115.3894214,32.68252666