CASE_ID,ACCIDENT_YEAR,PROC_DATE,JURIS,COLLISION_DATE,COLLISION_TIME,OFFICER_ID,REPORTING_DISTRICT,DAY_OF_WEEK,CHP_SHIFT,POPULATION,CNTY_CITY_LOC,SPECIAL_COND,BEAT_TYPE,CHP_BEAT_TYPE,CITY_DIVISION_LAPD,CHP_BEAT_CLASS,BEAT_NUMBER,PRIMARY_RD,SECONDARY_RD,DISTANCE,DIRECTION,INTERSECTION,WEATHER_1,WEATHER_2,STATE_HWY_IND,CALTRANS_COUNTY,CALTRANS_DISTRICT,STATE_ROUTE,ROUTE_SUFFIX,POSTMILE_PREFIX,POSTMILE,LOCATION_TYPE,RAMP_INTERSECTION,SIDE_OF_HWY,TOW_AWAY,COLLISION_SEVERITY,NUMBER_KILLED,NUMBER_INJURED,PARTY_COUNT,PRIMARY_COLL_FACTOR,PCF_CODE_OF_VIOL,PCF_VIOL_CATEGORY,PCF_VIOLATION,PCF_VIOL_SUBSECTION,HIT_AND_RUN,TYPE_OF_COLLISION,MVIW,PED_ACTION,ROAD_SURFACE,ROAD_COND_1,ROAD_COND_2,LIGHTING,CONTROL_DEVICE,CHP_ROAD_TYPE,PEDESTRIAN_ACCIDENT,BICYCLE_ACCIDENT,MOTORCYCLE_ACCIDENT,TRUCK_ACCIDENT,NOT_PRIVATE_PROPERTY,ALCOHOL_INVOLVED,STWD_VEHTYPE_AT_FAULT,CHP_VEHTYPE_AT_FAULT,COUNT_SEVERE_INJ,COUNT_VISIBLE_INJ,COUNT_COMPLAINT_PAIN,COUNT_PED_KILLED,COUNT_PED_INJURED,COUNT_BICYCLIST_KILLED,COUNT_BICYCLIST_INJURED,COUNT_MC_KILLED,COUNT_MC_INJURED,PRIMARY_RAMP,SECONDARY_RAMP,LATITUDE,LONGITUDE,COUNTY,CITY,POINT_X,POINT_Y
90212861,2016,6/30/2016,9625,6/18/2016,1640,19582,,6,2,9,1300,0,2,4,,2,46,DOGWOOD ROAD,WILLOUGHBY ROAD,0,,Y,A,-,N,,,,,,,,,,Y,4,0,1,2,A,-,3,22350,,N,C,C,A,A,H,-,A,D,0,,,,,Y,,A,1,0,0,1,0,0,0,0,0,0,- ,- ,32.70851,-115.53422,IMPERIAL,UNINCORPORATED,-115.53408,32.70845003
90213367,2016,6/30/2016,9625,6/26/2016,1620,18368,,7,2,9,1300,0,1,3,,1,11,SR-86 N/B,POE ROAD,3921,N,N,A,-,Y,,,86,,,,,,N,Y,3,0,1,1,A,-,8,22107,,N,E,I,A,A,H,-,A,D,0,,,,,Y,,D,22,0,1,0,0,0,0,0,0,0,- ,- ,33.08633,-115.76382,IMPERIAL,UNINCORPORATED,-115.7638498,33.0862912
90215417,2016,7/4/2016,9625,6/29/2016,2120,18933,,3,2,9,1300,0,2,4,,2,46,DOGWOOD ROAD,WILLOUGHBY ROAD,22,N,N,A,-,N,,,,,,,,,,Y,4,0,2,2,A,-,1,23152,A,N,C,C,A,A,H,-,D,D,0,,,,,Y,Y,D,22,0,0,2,0,0,0,0,0,0,- ,- ,32.70856,-115.53409,IMPERIAL,UNINCORPORATED,-115.5340823,32.70851009
90216853,2016,7/6/2016,9625,7/1/2016,2005,18468,,5,2,9,1300,0,1,1,,2,6,INTERSTATE 8 (W/B),ANDERHOLT ROAD,785,W,N,A,-,Y,,,8,,,,,,,Y,4,0,6,3,A,-,3,22350,,N,C,C,A,A,D,-,B,D,0,,,,,Y,,D,22,0,0,6,0,0,0,0,0,0,- ,- ,32.77355,-115.41603,IMPERIAL,UNINCORPORATED,-115.41603,32.77354095
90219619,2016,7/11/2016,9625,7/5/2016,2249,19668,,2,3,4,1304,0,1,1,,2,6,I-8 W/B,LA BRUCHERIE ROAD,1500,E,N,A,-,Y,,,8,,,,,,W,Y,3,0,1,1,A,-,8,22107,,N,E,I,A,A,H,-,C,D,0,,,,,Y,,A,1,0,1,0,0,0,0,0,0,0,- ,- ,32.77399,-115.57342,IMPERIAL,EL CENTRO,-115.5734198,32.77408192
90222572,2016,7/14/2016,9625,7/4/2016,1355,19582,,1,1,9,1300,0,2,4,,2,46,DOGWOOD ROAD,WILLOUGHBY ROAD,0,,Y,A,-,N,,,,,,,,,,Y,4,0,3,3,A,-,12,22450,A,N,D,C,A,A,H,-,A,A,0,,,,,Y,,A,1,0,0,3,0,0,0,0,0,0,- ,- ,32.70851,-115.53422,IMPERIAL,UNINCORPORATED,-115.53408,32.70845003
90222643,2016,7/14/2016,9625,7/12/2016,343,20111,,2,3,9,1300,0,3,5,,2,50,BARBRA WORTH RD,EVAN HEWES HIGHWAY,2640,S,N,A,-,N,,,,,,,,,,Y,3,0,1,1,A,-,8,22107,,N,E,I,A,A,H,-,D,D,0,,,,,Y,,A,7,0,1,0,0,0,0,0,0,0,- ,- ,32.79725,-115.43055,IMPERIAL,UNINCORPORATED,-115.4306486,32.79654908
90224852,2016,7/18/2016,9620,7/10/2016,1055,19333,,7,1,9,1300,0,1,1,,2,81,I-8 E/B,GORDONS WELL ROAD,12672,E,N,A,-,Y,,,8,,,,,,E,Y,3,0,5,2,A,-,8,22107,,N,D,C,A,A,H,-,A,D,0,,,,,Y,,A,1,0,3,2,0,0,0,0,0,0,- ,- ,32.71638,-114.91898,IMPERIAL,UNINCORPORATED,-114.9190642,32.71644837
90225347,2016,7/19/2016,9625,7/12/2016,1748,20516,,2,2,9,1300,0,3,5,,2,50,BOWKER ROAD,ROSS ROAD,612,N,N,A,-,N,,,,,,,,,,Y,4,0,1,1,A,-,1,23152,A,N,F,I,A,A,H,-,A,D,0,,,,,Y,Y,A,1,0,0,1,0,0,0,0,0,0,- ,- ,32.78301,-115.47388,IMPERIAL,UNINCORPORATED,-115.47383,32.78304242
90236819,2016,8/3/2016,9625,7/24/2016,1850,19582,,7,2,9,1300,0,2,4,,2,57,EVAN HEWES HIGHWAY,HWY 115,10560,E,N,B,-,N,,,,,,,,,,Y,2,0,2,1,A,-,1,23153,A,N,E,I,A,A,H,-,A,D,0,,,,,Y,Y,D,22,1,1,0,0,0,0,0,0,0,- ,- ,32.76038,-115.24667,IMPERIAL,UNINCORPORATED,-115.4060599,32.80555084
90237907,2016,8/4/2016,9625,7/28/2016,700,18978,,4,1,9,1300,0,1,3,,2,14,STATE ROUTE 78 (EB),KALIN ROAD,1584,E,N,A,F,Y,,,78,,,,,,,Y,3,0,2,2,A,-,3,22350,,N,C,C,A,A,D,-,A,A,0,,,,Y,Y,,G,25,0,1,1,0,0,0,0,0,0,- ,- ,33.00008,-115.57355,IMPERIAL,UNINCORPORATED,-115.5735501,33.00003855
90243526,2016,8/12/2016,9625,8/7/2016,2145,18930,,7,2,9,1300,0,3,5,,2,50,BARBARA WORTH ROAD,HEBER ROAD,2640,N,N,A,-,N,,,,,,,,,,Y,4,0,1,1,A,-,8,22107,,N,E,I,A,A,H,-,D,D,0,,,,,Y,,A,1,0,0,1,0,0,0,0,0,0,- ,- ,32.73468,-115.43089,IMPERIAL,UNINCORPORATED,-115.43083,32.73745372
90252061,2016,8/24/2016,9625,8/16/2016,1227,13627,,2,1,9,1300,0,2,4,,2,57,EVAN HEWES HIGHWAY (W/B),MCCONNELL ROAD,0,,N,A,-,N,,,,,,,,,,Y,3,0,1,1,A,-,8,22107,,N,F,A,A,A,H,-,A,D,0,,,,,Y,,D,22,0,1,0,0,0,0,0,0,0,- ,- ,32.77381,-115.50102,IMPERIAL,UNINCORPORATED,-115.4840001,32.80335004
90256596,2016,8/30/2016,9625,8/22/2016,1015,17727,,1,1,9,1300,0,1,3,,1,12,SR-86 (S/B),SR-78,173,N,N,A,-,Y,,,86,,,,,,,Y,3,0,11,4,A,-,8,22107,,N,F,C,A,A,H,-,A,D,0,,,,Y,Y,,G,27,0,1,10,0,0,0,0,0,0,- ,- ,33.12581,-115.85529,IMPERIAL,UNINCORPORATED,-115.8554298,33.12576697
90257112,2016,8/30/2016,9625,8/26/2016,110,19225,,5,3,9,1300,0,1,3,,2,53,SR-111 (SOUTHBOUND),MCCABE ROAD,100,S,N,A,-,Y,,,111,,,,,,,Y,4,0,1,2,A,-,3,22350,,N,C,C,A,A,H,-,D,D,0,,,,,Y,,A,1,0,0,1,0,0,0,0,0,0,- ,- ,32.75211,-115.50085,IMPERIAL,UNINCORPORATED,-115.5007578,32.75211092
90261303,2016,9/6/2016,9625,8/23/2016,840,18978,,2,1,9,1300,0,3,5,,2,50,MAGGIO ROAD,SR-7,30,E,N,A,-,Y,,,,,,,,,,N,4,0,2,2,A,-,3,22350,,M,C,C,A,A,H,-,A,A,0,,,,Y,Y,,F,25,0,0,2,0,0,0,0,0,0,- ,- ,32.6864,-115.3799,IMPERIAL,UNINCORPORATED,-115.380268,32.68654513
90270067,2016,9/19/2016,9625,9/11/2016,2140,19667,,7,2,9,1300,0,1,3,,1,12,STATE ROUTE 86 (SOUTHBOUND),NORTH MARINA DRIVE,0,,Y,A,-,Y,,,86,,,,,,,Y,2,0,2,2,A,-,9,21802,A,N,D,C,A,A,H,-,C,A,0,,,,,Y,,D,22,1,1,0,0,0,0,0,0,0,- ,- ,33.30278,-115.98205,IMPERIAL,UNINCORPORATED,-115.9820244,33.30279908
90271642,2016,9/20/2016,9625,9/8/2016,515,17958,,4,3,9,1300,0,1,3,,1,12,STATE ROUTE 86 (N/B),BRAWLEY AVENUE,636,N,N,A,-,Y,,,86,,,,,,,Y,4,0,1,2,A,-,3,22350,,N,C,C,A,A,H,-,B,D,0,,,,Y,Y,,D,22,0,0,1,0,0,0,0,0,0,- ,- ,33.37597,-116.02658,IMPERIAL,UNINCORPORATED,-116.0265334,33.37599928
90278908,2016,9/29/2016,9625,9/19/2016,2010,18464,,1,2,9,1300,0,1,3,,1,12,SR-86 NORTHBOUND,NORM NIVER ROAD,1260,N,N,B,-,Y,,,86,,,,,,N,Y,3,0,1,1,A,-,8,22107,,M,E,I,A,A,H,-,D,D,0,,,,,Y,,D,22,0,1,0,0,0,0,0,0,0,- ,- ,33.36079,-116.01946,IMPERIAL,UNINCORPORATED,-116.0195319,33.36076699
90281857,2016,10/3/2016,9625,9/24/2016,216,20111,,6,3,9,1300,0,1,3,,2,52,SR 98 E/B,HOLDRIDGE RD,18322,E,N,A,-,Y,,,98,,,,,,E,Y,3,0,1,1,A,-,8,22107,,N,F,A,A,A,H,-,D,D,0,,,,,Y,,A,1,0,1,0,0,0,0,0,0,0,- ,- ,32.71216,-115.21704,IMPERIAL,UNINCORPORATED,-115.2170404,32.71214402
90287097,2016,10/10/2016,9625,10/1/2016,1530,18933,,6,2,9,1300,0,1,1,,2,4,W/B I-8 (KUMEYAAY HWY),JEFFERY ROAD,1714,W,N,A,-,Y,,,8,,,,,,,Y,4,0,1,1,A,-,8,22107,,N,E,I,A,A,H,-,A,D,0,,,,,Y,,A,7,0,0,1,0,0,0,0,0,0,- ,- ,32.77332,-115.77313,IMPERIAL,UNINCORPORATED,-115.77313,32.7733152
90291793,2016,10/14/2016,9625,10/9/2016,2249,19668,,7,3,9,1300,0,3,5,,2,40,CLARK ROAD,HOSPITAL LOOP ROAD,1584,S,N,A,-,N,,,,,,,,,,Y,4,0,1,2,A,-,3,22350,,N,C,C,A,A,H,-,D,D,0,,,,,Y,,D,22,0,0,1,0,0,0,0,0,0,- ,- ,32.7437,-115.56056,IMPERIAL,UNINCORPORATED,-115.5604363,32.74367517
90292664,2016,10/17/2016,9625,10/5/2016,1805,18468,,3,2,9,1300,0,1,3,,1,21,STATE ROUTE 111,RUTHERFORD ROAD,107,N,N,A,-,Y,,,111,,,,,,,Y,4,0,1,2,A,-,9,21802,A,N,E,I,A,A,H,-,A,A,0,,,,,Y,,D,23,0,0,1,0,0,0,0,0,0,- ,- ,33.04487,-115.52738,IMPERIAL,UNINCORPORATED,-115.5272989,33.04486102
90295105,2016,10/18/2016,9625,10/9/2016,2010,18368,,7,2,9,1300,0,1,3,,1,54,SR-111 N/B,HARRIS ROAD,5280,N,N,A,-,Y,,,111,,,,,,N,Y,4,0,2,2,A,-,1,23153,A,N,C,C,A,A,H,-,D,D,0,,,,,Y,Y,A,1,0,0,2,0,0,0,0,0,0,- ,- ,32.89821,-115.51001,IMPERIAL,UNINCORPORATED,-115.5091455,32.89821161
90297638,2016,10/20/2016,9625,10/6/2016,1435,19582,,4,2,9,1300,0,3,5,,2,50,HOLT ROAD,TOWNSEND ROAD,555,S,N,A,-,N,,,,,,,,,,Y,2,0,2,3,A,-,8,22107,,N,E,E,A,A,H,-,A,A,0,,,,,Y,,D,22,2,0,0,0,0,0,0,0,0,- ,- ,32.89412,-115.38048,IMPERIAL,UNINCORPORATED,-115.3803638,32.89330359
90307094,2016,10/31/2016,9625,10/13/2016,2102,19582,,4,2,9,1300,0,3,5,,2,50,WILLOUGHBY ROAD,KLOKE ROAD,0,,Y,A,-,N,,,,,,,,,,Y,2,0,1,1,A,-,1,23152,A,N,E,I,A,A,H,-,D,A,0,,,,,Y,Y,A,1,1,0,0,0,0,0,0,0,0,- ,- ,32.70842,-115.5173,IMPERIAL,UNINCORPORATED,-115.51792,32.70851002
90318385,2016,11/14/2016,9625,10/28/2016,1745,18930,,5,2,9,1300,0,1,3,,2,56,SR-115 N/B,HARRIS ROAD,1384,N,N,A,-,Y,,,115,,,,,,N,Y,4,0,1,2,A,-,5,21650,,N,B,C,A,A,H,-,A,D,0,,,,,Y,,D,22,0,0,1,0,0,0,0,0,0,- ,- ,32.88892,-115.4063,IMPERIAL,UNINCORPORATED,-115.4062454,32.88892015
90337753,2016,12/6/2016,9625,11/30/2016,1008,13627,,3,1,9,1300,0,1,3,,1,44,STATE ROUTE 86 (N/B),E GRIMES RD,1103,S,N,A,-,Y,,,86,,,,,,,Y,4,0,1,1,A,-,8,22107,,N,F,A,A,A,H,-,A,D,0,,,,,Y,,A,1,0,0,1,0,0,0,0,0,0,- ,- ,32.90073,-115.56991,IMPERIAL,UNINCORPORATED,-115.5700716,32.90073
90341541,2016,12/9/2016,9625,12/2/2016,1815,18933,,5,2,9,1300,0,1,3,,2,52,SR-98,MENVIELLE ROAD,883,W,N,A,-,Y,,,98,,,,,,,N,4,0,3,2,A,-,3,22350,,N,C,C,A,A,H,-,D,D,0,,,,,Y,,A,7,0,0,3,0,0,0,0,0,0,- ,- ,32.69371,-115.38981,IMPERIAL,UNINCORPORATED,-115.3898102,32.69374787
90343827,2016,12/13/2016,9625,12/9/2016,629,13781,,5,1,9,1300,0,1,1,,2,1,I-8 EASTBOUND,SR-98,7181,W,N,A,-,Y,,,8,,,,,,E,Y,3,0,1,1,A,-,8,22107,,N,E,I,A,A,H,-,B,D,0,,,,,Y,,A,1,0,1,0,0,0,0,0,0,0,- ,- ,32.72449,-116.03789,IMPERIAL,UNINCORPORATED,-116.0378632,32.72442192
90355588,2016,12/27/2016,9625,12/19/2016,1735,19582,,1,2,9,1300,0,1,3,,2,53,SR-111 S/B,MCCABE ROAD,200,N,N,A,-,N,,,111,,,,,,S,Y,4,0,1,2,A,-,1,23152,A,N,C,C,A,A,H,-,C,A,0,,,,,Y,Y,D,22,0,0,1,0,0,0,0,0,0,- ,- ,32.75307,-115.5009,IMPERIAL,UNINCORPORATED,-115.5007685,32.75307172
90358890,2016,1/2/2017,9620,12/30/2016,1807,17466,,5,2,9,1300,0,1,1,,2,82,I-8 E/B,SR-186,300,W,N,B,-,Y,,,8,,,,,,E,Y,4,0,1,2,A,-,3,22350,,N,C,C,A,A,H,-,D,D,0,,,,,Y,,A,1,0,0,1,0,0,0,0,0,0,- ,- ,32.7438,-114.7231,IMPERIAL,UNINCORPORATED,-114.7231139,32.74368032
90360132,2016,4/28/2017,9625,11/6/2016,2500,18617,,7,4,9,1300,0,2,4,,2,45,EVAN HEWES HIGHWAY,BROWN ROAD,2337,W,N,A,-,N,,,,,,,,,,Y,1,1,0,1,A,-,8,22107,,N,F,A,A,A,H,-,A,D,0,,,Y,,Y,,C,2,0,0,0,0,0,0,0,1,0,- ,- ,32.79111,-115.78208,IMPERIAL,UNINCORPORATED,-115.7820743,32.79114
90367204,2016,1/11/2017,9625,12/30/2016,1708,18792,,5,2,9,1300,0,2,4,,2,45,EVAN HEWES HIGHWAY,FORRESTER ROAD,80,E,N,A,-,N,,,,,,,,,,N,4,0,1,3,A,-,3,22350,,F,C,D,A,A,H,-,C,A,0,,,,,Y,,A,1,0,0,1,0,0,0,0,0,0,- ,- ,32.7966,-115.62053,IMPERIAL,UNINCORPORATED,-115.6205311,32.7965636
90368243,2017,1/12/2017,9625,1/6/2017,1300,13781,,5,1,9,1300,0,1,1,,2,3,I-8 EASTBOUND,DOGWOOD ROAD,1020,W,N,A,-,Y,,,,,,,,,,Y,4,0,2,2,A,-,3,22350,,N,C,C,A,A,D,H,A,A,0,,,,,Y,,A,1,0,0,2,0,0,0,0,0,0,- ,- ,32.77373,-115.53864,IMPERIAL,UNINCORPORATED,-115.5385097,32.77368118
9036881,2020,9/29/2020,1304,1/4/2020,1441,361,ELCE,6,5,4,1304,0,0,0,,0,WEST,IMPERIAL,PICO,253,S,N,A,-,Y,IMP,11,86,-,-,7.88,H,-,N,N,3,0,3,3,A,-,3,22350,,N,C,C,A,A,H,-,A,A,0,,,,,Y,,A,1,0,1,2,0,0,0,0,0,0,- ,- ,,,IMPERIAL,EL CENTRO,-115.5698853,32.80481339
90376340,2017,1/24/2017,9625,1/14/2017,2130,19667,,6,2,9,1300,0,3,5,,2,50,WARE ROAD,JASPER ROAD,954,N,N,B,-,N,,,,,,,,,,Y,3,0,1,1,A,-,1,23152,A,N,F,A,A,B,H,-,D,D,0,,,,,Y,Y,A,1,0,1,0,0,0,0,0,0,0,- ,- ,32.71093,-115.52545,IMPERIAL,UNINCORPORATED,-115.5255132,32.71166668
90381899,2017,1/30/2017,9625,1/18/2017,650,17055,,3,1,9,1300,0,3,5,,2,20,YOCUM ROAD,PRIVATE DIRT ROAD,0,,Y,A,-,N,,,,,,,,,,Y,3,0,4,2,A,-,9,21804,A,N,D,C,A,A,H,-,A,D,0,,,,,Y,,D,22,0,1,3,0,0,0,0,0,0,- ,- ,33.06415,-115.21415,IMPERIAL,UNINCORPORATED,,
90385079,2017,2/2/2017,9625,1/27/2017,1720,18617,,5,2,9,1300,0,3,5,,2,10,GENTRY ROAD,SINCLAIR ROAD,37,S,N,A,-,N,,,,,,,,,,Y,4,0,1,1,A,-,1,23152,A,N,E,J,A,A,H,-,D,D,0,,,,,Y,Y,A,7,0,0,1,0,0,0,0,0,0,- ,- ,33.17641,-115.61445,IMPERIAL,UNINCORPORATED,-115.6143838,33.17651029
90390728,2017,2/10/2017,9625,2/6/2017,1650,19667,,1,2,9,1300,0,3,5,,2,50,MCCABE ROAD,BOWKER ROAD,16,E,N,A,-,N,,,,,,,,,,Y,3,0,1,3,A,-,9,21802,A,N,D,C,A,A,H,-,A,A,0,,,,,Y,,A,1,0,1,0,0,0,0,0,0,0,- ,- ,32.75203,-115.46499,IMPERIAL,UNINCORPORATED,-115.4649684,32.75210735
90392023,2017,2/13/2017,9625,2/7/2017,1455,18368,,2,2,9,1300,0,2,4,,2,47,FORRESTER ROAD,WORTHINGTON ROAD,0,,Y,A,-,Y,,,,,,,,,,Y,4,0,1,2,A,-,9,21802,A,N,D,C,A,A,H,-,A,A,0,,,,,Y,,A,1,0,0,1,0,0,0,0,0,0,- ,- ,32.84737,-115.62084,IMPERIAL,UNINCORPORATED,-115.6207601,32.84739005
90399607,2017,2/24/2017,9620,2/20/2017,1617,17466,,1,2,9,1300,0,1,1,,2,82,I-8 E/B,OGILBY RD,12144,E,N,A,-,Y,,,8,,,,,,E,Y,4,0,1,1,A,-,8,22107,,N,F,A,A,A,H,-,A,D,0,,,,Y,Y,,G,25,0,0,1,0,0,0,0,0,0,- ,- ,32.75364,-114.79682,IMPERIAL,UNINCORPORATED,-114.7968095,32.75370291
90401004,2017,2/27/2017,9625,2/26/2017,700,18933,,7,1,9,1300,0,1,3,,2,24,SR-78 E/B,WHITLOCK ROAD,3168,E,N,A,-,Y,,,78,,,,,,E,Y,4,0,1,1,A,-,8,22107,,N,F,A,A,A,H,-,B,D,0,,,,,Y,,A,1,0,0,1,0,0,0,0,0,0,- ,- ,32.97138,-115.28678,IMPERIAL,UNINCORPORATED,-115.2867682,32.97141129
9040235,2019,2/12/2020,1301,11/9/2019,1629,9A6,,6,5,3,1301,0,0,0,,0,2,DOGWOOD RD,MEAD RD,432,N,N,A,-,N,,,,,,,,,,Y,2,0,2,1,A,-,8,22107,,N,F,-,A,A,H,-,A,D,0,,,,,Y,,-,,1,1,0,0,0,0,0,0,0,- ,- ,,,IMPERIAL,BRAWLEY,-115.5351257,32.95750427
90415286,2017,3/20/2017,9625,3/8/2017,2205,19225,,3,3,9,1300,0,1,1,,2,1,INTERSTATE 8 (EASTBOUND),SR-98,10560,W,N,A,-,Y,,,8,,,,,,,Y,2,0,1,1,A,-,8,22107,,N,F,A,A,A,H,-,D,A,0,,,,,Y,,A,1,1,0,0,0,0,0,0,0,0,- ,- ,32.71642,-116.05133,IMPERIAL,UNINCORPORATED,-116.0513806,32.71646253
90421100,2017,3/27/2017,9625,3/16/2017,1944,18279,,4,2,9,1300,0,1,3,,2,53,STATE ROUTE 111,HEBER RD,0,,Y,A,-,Y,,,111,,,,,,,Y,3,0,1,2,A,-,1,23152,A,N,A,C,A,A,H,-,C,A,0,,,,,Y,Y,D,22,0,1,0,0,0,0,0,0,0,- ,- ,32.73066,-115.50033,IMPERIAL,UNINCORPORATED,-115.5004072,32.73065884
90423681,2017,3/29/2017,9620,3/27/2017,1245,14803,,1,1,9,1300,0,1,3,,1,62,RT 186,I-8,1056,S,N,A,-,Y,,,186,,,,,,,N,4,0,1,1,A,-,8,22107,,N,E,I,A,A,H,-,A,D,0,,,,,Y,,A,1,0,0,1,0,0,0,0,0,0,- ,- ,32.73731,-114.71729,IMPERIAL,UNINCORPORATED,-114.7171504,32.73744506
90428401,2017,4/5/2017,9620,3/15/2017,430,15941,,3,3,9,1300,0,1,3,,1,63,SR-78 E/B,MIDWAY WELLS ROAD,118,W,N,A,-,Y,,,78,,,,,,E,Y,1,1,6,1,A,-,8,22107,,N,F,I,A,A,H,-,D,D,0,,,,,Y,,M,57,4,1,1,0,0,0,0,0,0,- ,- ,33.21876,-114.85347,IMPERIAL,UNINCORPORATED,-114.8535574,33.21879261
90431677,2017,4/11/2017,9625,4/3/2017,1005,19668,,1,1,9,1300,0,1,3,,1,11,SR-86 S/B,BANNISTER ROAD,0,,Y,A,-,Y,,,86,,,,,,S,Y,2,0,3,2,A,-,9,21803,A,N,D,C,A,A,H,-,A,A,0,,,,Y,Y,,F,27,1,2,0,0,0,0,0,0,0,- ,- ,33.05186,-115.72179,IMPERIAL,UNINCORPORATED,-115.7218506,33.05180031
9043736,2019,2/26/2020,1304,12/3/2019,1800,E0029,,2,5,4,1304,0,0,0,,0,00W,LA BRUCHERIE,CRUICKSHANK,0,,Y,A,-,N,,,,,,,,,,Y,3,0,1,2,A,-,8,22107,,N,H,G,A,A,H,-,D,A,0,,Y,,,Y,,L,4,0,1,0,0,0,0,1,0,0,- ,- ,,,IMPERIAL,EL CENTRO,-115.5786819,32.81473923
90438110,2017,4/19/2017,9625,4/12/2017,1045,19668,,3,1,9,1300,0,1,3,,1,42,SR-98,MOUNT SIGNAL ROAD,0,,Y,A,-,Y,,,98,,,,,,,N,4,0,2,2,A,-,3,22350,,N,B,C,A,A,H,-,A,D,0,,,,Y,Y,,G,25,0,0,2,0,0,0,0,0,0,- ,- ,32.6794,-115.69177,IMPERIAL,UNINCORPORATED,-115.69177,32.67942473
90445620,2017,4/28/2017,9625,4/18/2017,1619,18933,,2,2,9,1300,0,2,S,,2,904,DE CORSE ROAD,INDIAN ROCK ROAD,2966,N,N,A,-,N,,,,,,,,,,Y,4,0,5,2,A,-,9,21801,A,N,D,C,A,A,H,-,A,D,0,,,,,Y,,-,98,0,0,5,0,0,0,0,0,0,- ,- ,32.76843,-114.6334,IMPERIAL,UNINCORPORATED,-114.63345,32.76012
90446748,2017,5/1/2017,9625,4/24/2017,617,13627,,1,1,9,1300,0,1,3,,1,54,STATE ROUTE 111 S/B,ATEN ROAD,0,,Y,B,-,Y,,,111,,,,,,S,Y,4,0,2,2,A,-,9,21453,C,N,D,C,A,A,H,-,A,A,0,,,,,Y,,A,8,0,0,2,0,0,0,0,0,0,- ,- ,32.82587,-115.50056,IMPERIAL,UNINCORPORATED,-115.5002016,32.82586394
90452752,2017,5/10/2017,9625,5/5/2017,633,16248,,5,1,9,1300,0,1,3,,1,54,SR-111 N/B,HARRIS ROAD,4224,S,N,A,-,Y,,,111,,,,,,N,Y,4,0,1,2,A,-,8,22107,,N,B,C,A,A,H,-,A,D,0,,,,Y,Y,,A,8,0,0,1,0,0,0,0,0,0,- ,- ,32.8708,-115.50928,IMPERIAL,UNINCORPORATED,-115.5091501,32.87079988
90454200,2017,5/11/2017,9620,5/5/2017,510,15941,,5,3,9,1300,0,1,1,,2,81,I-8 W/B,BROCK RESEARCH CENTER ROAD,4224,W,N,A,-,Y,,,8,,,,,,W,Y,4,0,3,2,A,-,3,22350,,N,C,C,A,A,D,-,D,D,0,,,,,Y,,A,1,0,0,3,0,0,0,0,0,0,- ,- ,32.70813,-115.05076,IMPERIAL,UNINCORPORATED,-115.05076,32.70811568
90454517,2017,5/12/2017,9625,5/5/2017,2355,20704,,5,3,9,1300,0,1,1,,2,1,I-8 E/B,IN-KO-PAH PARK ROAD,6336,E,N,A,G,Y,,,8,,,,,,E,Y,3,0,1,1,A,-,8,22107,,N,E,I,A,A,H,-,D,A,0,,,Y,,Y,,C,2,0,1,0,0,0,0,0,0,1,- ,- ,32.65844,-116.09724,IMPERIAL,UNINCORPORATED,-116.0972329,32.65844358
90458516,2017,5/18/2017,9625,5/15/2017,746,13627,,1,1,9,1300,0,3,5,,2,50,MCCABE ROAD,YOURMAN ROAD,0,,Y,A,G,N,,,,,,,,,,Y,4,0,1,2,A,-,9,21801,,N,D,C,A,A,H,-,A,A,0,,,,,Y,,A,1,0,0,1,0,0,0,0,0,0,- ,- ,32.75236,-115.50044,IMPERIAL,UNINCORPORATED,-115.5004301,32.75243001
90465558,2017,6/7/2017,9625,5/22/2017,1820,18368,,1,2,2,1306,0,3,5,,2,40,BARIONI BLVD,LA BRUCHERIE ROAD,640,W,N,F,-,N,,,,,,,,,,N,3,0,1,2,A,-,8,22107,,N,B,G,A,A,H,-,A,D,0,,Y,,,Y,Y,A,1,0,1,0,0,0,0,1,0,0,- ,- ,32.84741,-115.58082,IMPERIAL,IMPERIAL,-115.58003,32.8474
90470916,2017,6/5/2017,9625,6/1/2017,453,18933,,4,3,9,1300,0,1,3,,1,54,SR-111,SCHARTZ ROAD,0,,N,A,-,Y,,,111,,,,,,,N,4,0,2,2,A,-,3,22350,,N,C,C,A,A,H,-,B,D,0,,,,,Y,,D,22,0,0,2,0,0,0,0,0,0,- ,- ,32.9349,-115.5089,IMPERIAL,UNINCORPORATED,-115.5091244,32.93490038
90471623,2017,6/6/2017,9625,5/31/2017,903,13627,,3,1,9,1300,0,1,3,,2,52,STATE ROUTE 98,ANDERHOLT ROAD,3168,W,N,B,-,Y,,,98,,,,,,,Y,4,0,1,2,A,-,4,21703,,N,C,C,A,A,H,-,A,D,0,,,,,Y,,A,1,0,0,1,0,0,0,0,0,0,- ,- ,32.6932,-115.44244,IMPERIAL,UNINCORPORATED,-115.4424408,32.69384854