CASE_ID,ACCIDENT_YEAR,PROC_DATE,JURIS,COLLISION_DATE,COLLISION_TIME,OFFICER_ID,REPORTING_DISTRICT,DAY_OF_WEEK,CHP_SHIFT,POPULATION,CNTY_CITY_LOC,SPECIAL_COND,BEAT_TYPE,CHP_BEAT_TYPE,CITY_DIVISION_LAPD,CHP_BEAT_CLASS,BEAT_NUMBER,PRIMARY_RD,SECONDARY_RD,DISTANCE,DIRECTION,INTERSECTION,WEATHER_1,WEATHER_2,STATE_HWY_IND,CALTRANS_COUNTY,CALTRANS_DISTRICT,STATE_ROUTE,ROUTE_SUFFIX,POSTMILE_PREFIX,POSTMILE,LOCATION_TYPE,RAMP_INTERSECTION,SIDE_OF_HWY,TOW_AWAY,COLLISION_SEVERITY,NUMBER_KILLED,NUMBER_INJURED,PARTY_COUNT,PRIMARY_COLL_FACTOR,PCF_CODE_OF_VIOL,PCF_VIOL_CATEGORY,PCF_VIOLATION,PCF_VIOL_SUBSECTION,HIT_AND_RUN,TYPE_OF_COLLISION,MVIW,PED_ACTION,ROAD_SURFACE,ROAD_COND_1,ROAD_COND_2,LIGHTING,CONTROL_DEVICE,CHP_ROAD_TYPE,PEDESTRIAN_ACCIDENT,BICYCLE_ACCIDENT,MOTORCYCLE_ACCIDENT,TRUCK_ACCIDENT,NOT_PRIVATE_PROPERTY,ALCOHOL_INVOLVED,STWD_VEHTYPE_AT_FAULT,CHP_VEHTYPE_AT_FAULT,COUNT_SEVERE_INJ,COUNT_VISIBLE_INJ,COUNT_COMPLAINT_PAIN,COUNT_PED_KILLED,COUNT_PED_INJURED,COUNT_BICYCLIST_KILLED,COUNT_BICYCLIST_INJURED,COUNT_MC_KILLED,COUNT_MC_INJURED,PRIMARY_RAMP,SECONDARY_RAMP,LATITUDE,LONGITUDE,COUNTY,CITY,POINT_X,POINT_Y
90471807,2017,6/6/2017,9625,5/26/2017,18,19582,,5,3,9,1300,0,1,1,,2,2,I-8 W/B,SR-98,1742,W,N,G,-,Y,,,8,,,,,,W,Y,4,0,1,1,C,-,18,,,N,F,I,A,A,H,-,D,D,0,,,,Y,Y,,-,- ,0,0,1,0,0,0,0,0,0,- ,- ,32.72519,-116.04177,IMPERIAL,UNINCORPORATED,-116.0417697,32.72519129
90490878,2017,6/29/2017,9625,6/23/2017,940,13781,,5,1,9,1300,0,1,3,,1,44,DOGWOOD ROAD,COLE ROAD,0,,Y,A,-,N,,,,,,,,,,Y,4,0,2,2,A,-,9,21802,A,N,D,C,A,A,H,-,A,D,0,,,,,Y,,A,7,0,0,2,0,0,0,0,0,0,- ,- ,32.69402,-115.53396,IMPERIAL,UNINCORPORATED,-115.5339801,32.69400007
90490894,2017,6/29/2017,9625,6/27/2017,1205,19886,,2,1,9,1300,0,3,5,,2,40,KEYSTONE ROAD,AUSTIN ROAD,0,,Y,A,-,N,,,,,,,,,,Y,4,0,1,2,A,-,9,21802,A,N,D,C,A,A,H,-,A,A,0,,,,,Y,,A,1,0,0,1,0,0,0,0,0,0,- ,- ,32.91255,-115.59483,IMPERIAL,UNINCORPORATED,-115.5949101,32.91255008
90490911,2017,6/29/2017,9625,6/26/2017,1015,16248,,1,1,9,1300,0,1,3,,2,53,SR-111 N/B,ROSS ROAD,68,S,N,A,-,Y,,,111,,,,,,N,N,4,0,2,2,A,-,3,22350,,N,C,C,A,A,H,-,A,A,0,,,,,Y,,A,7,0,0,2,0,0,0,0,0,0,- ,- ,32.78711,-115.5013,IMPERIAL,UNINCORPORATED,-115.5009418,32.78701881
90493762,2017,7/5/2017,9625,6/26/2017,1830,18368,,1,2,4,1304,0,3,5,,2,40,HUFF ROAD,HETZEL RD,2280,N,N,A,-,N,,,,,,,,,,Y,4,0,1,1,A,-,8,22107,,N,F,I,A,A,H,-,A,D,0,,,,Y,Y,,G,27,0,0,1,0,0,0,0,0,0,- ,- ,32.82795,-115.71832,IMPERIAL,EL CENTRO,-115.7183631,32.82744195
90502320,2017,7/17/2017,9625,7/13/2017,1100,16248,,4,1,9,1300,0,1,3,,2,56,SR-115,WRIGHT ROAD,1056,S,N,A,-,Y,,,115,,,,,,,Y,4,0,1,1,A,-,8,22107,,N,F,A,A,A,H,-,A,D,0,,,,Y,Y,,G,26,0,0,1,0,0,0,0,0,0,- ,- ,32.86415,-115.40576,IMPERIAL,UNINCORPORATED,-115.4062093,32.86414851
90509251,2017,7/26/2017,9625,7/18/2017,1350,17809,,2,1,9,1300,0,1,3,,1,11,STATE ROUTE 86 S/B,BANNISTER ROAD,148,N,N,A,-,Y,,,86,,,,,,S,Y,4,0,1,1,A,-,8,22107,,N,F,A,A,A,H,-,A,A,0,,,,,Y,,A,1,0,0,1,0,0,0,0,0,0,- ,- ,33.05807,-115.72669,IMPERIAL,UNINCORPORATED,-115.7266323,33.05810704
90514049,2017,8/1/2017,9625,7/23/2017,1025,17727,,7,1,9,1300,0,1,1,,2,4,I-8 W/B,DUNAWAY ROAD,3696,E,N,A,-,Y,,,8,,,,,,W,Y,4,0,1,1,C,-,18,,,N,E,J,A,A,H,-,A,D,0,,,,,Y,,-,- ,0,0,1,0,0,0,0,0,0,- ,- ,32.7716,-115.7886,IMPERIAL,UNINCORPORATED,-115.7885825,32.7715143
90523014,2017,8/14/2017,9625,8/2/2017,1345,17809,,3,1,9,1300,0,3,5,,2,20,BEST ROAD,RUTHERFORD ROAD,5255,S,N,A,-,N,,,,,,,,,,Y,4,0,1,2,A,-,8,22107,,N,D,C,A,A,H,-,A,D,0,,,,,Y,,A,7,0,0,1,0,0,0,0,0,0,- ,- ,33.03063,-115.50924,IMPERIAL,UNINCORPORATED,-115.50925,33.03013902
90534348,2017,8/25/2017,9625,8/15/2017,2023,19035,,2,2,9,1300,0,1,3,,1,54,SR-111 S/B,HEBER RD,6,E,N,A,-,Y,,,111,,,,,,S,Y,4,0,1,2,A,-,12,21453,A,N,D,C,A,A,H,-,C,A,0,,,,,Y,,A,1,0,0,1,0,0,0,0,0,0,- ,- ,32.73076,-115.50077,IMPERIAL,UNINCORPORATED,-115.5004093,32.73076782
90536266,2017,8/29/2017,9625,8/18/2017,1850,20704,,5,2,9,1300,0,1,3,,1,54,SR-111 (S/B),HARRIS ROAD,0,,Y,A,-,Y,,,111,,,,,,,Y,3,0,4,2,A,-,1,23152,A,N,D,D,A,A,H,-,A,D,0,,,,,Y,Y,A,1,0,1,3,0,0,0,0,0,0,- ,- ,32.88363,-115.50912,IMPERIAL,UNINCORPORATED,-115.5091532,32.8836302
90540230,2017,9/5/2017,9625,8/25/2017,2331,20111,,5,3,4,1304,0,1,3,,2,53,SR-111 S/B,HEBER ROAD,0,,N,A,-,Y,,,,,,,,,,Y,3,0,3,2,A,-,12,21453,A,N,C,C,A,A,H,-,C,A,0,,,,,Y,,A,7,0,1,2,0,0,0,0,0,0,- ,- ,32.73049,-115.5005,IMPERIAL,EL CENTRO,,
90546557,2017,9/13/2017,9625,9/1/2017,925,17432,,5,1,9,1300,0,1,3,,2,52,SR-98,ANDERHOLT ROAD,3010,E,N,A,-,Y,,,98,,,,,,,Y,4,0,2,2,A,-,3,22350,,N,C,C,A,A,H,-,A,D,0,,,,,Y,,D,22,0,0,2,0,0,0,0,0,0,- ,- ,32.69377,-115.40416,IMPERIAL,UNINCORPORATED,-115.40416,32.69377595
90548914,2017,9/15/2017,9625,9/7/2017,915,17727,,4,1,9,1300,0,1,3,,1,21,SR-111 (N/B),GILLESPIE ROAD,386,N,N,A,-,Y,,,111,,,,,,,Y,3,0,1,1,A,-,8,22107,,N,E,A,A,A,H,-,A,D,0,,,,,Y,,A,1,0,1,0,0,0,0,0,0,0,- ,- ,33.2864,-115.5798,IMPERIAL,UNINCORPORATED,-115.5798731,33.28634073
90554154,2017,9/22/2017,9625,9/18/2017,1629,19668,,1,2,9,1300,0,1,3,,1,51,SR-7,HEBER ROAD,0,,Y,A,-,Y,,,7,,,,,,,Y,3,0,1,2,A,-,9,21803,A,N,D,C,A,A,H,-,A,A,0,,,Y,,Y,,E,22,0,1,0,0,0,0,0,0,1,- ,- ,32.7308,-115.38257,IMPERIAL,UNINCORPORATED,-115.3824194,32.73080395
90562811,2017,10/4/2017,9625,9/26/2017,715,13627,,2,1,9,1300,0,3,5,,2,50,OLD HIGHWAY 111,HARRIS ROAD,0,,Y,A,-,N,,,,,,,,,,Y,3,0,3,2,A,-,12,22450,,N,D,C,A,A,H,-,A,A,0,,,,,Y,,A,7,0,3,0,0,0,0,0,0,0,- ,- ,32.8836,-115.5105,IMPERIAL,UNINCORPORATED,-115.51048,32.8836301
90563883,2017,10/5/2017,9620,10/1/2017,2214,16222,,7,3,9,1300,0,1,1,,2,81,INTERSTATE 8 (W/B),GRAYS WELLS RD,594,W,N,A,-,Y,,,8,,,,,,,Y,3,0,1,1,A,-,1,23152,A,N,E,I,A,A,H,-,C,D,0,,,,,Y,Y,A,1,0,1,0,0,0,0,0,0,0,- ,- ,32.74173,-114.88178,IMPERIAL,UNINCORPORATED,-114.8821561,32.74221411
9057340,2020,7/20/2020,1301,3/17/2020,1053,956,BRAWL,2,5,3,1301,0,0,0,,0,3,CESAR CHAVEZ ST,B ST,0,,Y,A,-,N,,,,,,,,,,Y,4,0,2,2,A,-,3,22350,,F,D,C,A,A,H,-,A,D,0,,,,,Y,,A,1,0,0,2,0,0,0,0,0,0,- ,- ,,,IMPERIAL,BRAWLEY,-115.5263596,32.9830513
90584726,2017,11/1/2017,9625,10/21/2017,449,19668,,6,3,9,1300,0,3,5,,2,20,CARRICK ROAD,YOCUM ROAD,45,S,N,A,-,N,,,,,,,,,,Y,2,0,2,1,A,-,1,23153,A,F,E,I,A,A,H,-,D,A,0,,,,,Y,Y,A,8,1,0,1,0,0,0,0,0,0,- ,- ,33.11114,-115.50611,IMPERIAL,UNINCORPORATED,-115.5061171,33.1111615
90589640,2017,11/7/2017,9625,10/30/2017,845,16248,,1,1,9,1300,0,1,3,,2,24,SR-78,SR-111,740,E,N,A,-,Y,,,,,,,,,,N,3,0,1,2,A,-,3,22350,,N,B,C,A,A,H,-,A,D,0,,,,Y,Y,,-,31,0,1,0,0,0,0,0,0,0,- ,- ,32.92859,-115.49841,IMPERIAL,UNINCORPORATED,-115.52618,33.0007
90590493,2017,11/8/2017,9625,11/6/2017,121,19668,,1,3,9,1300,0,1,3,,2,52,STATE ROUTE 98,BARBARA WORTH ROAD,3155,W,N,A,-,Y,,,98,,,,,,,Y,3,0,1,2,A,-,1,23152,A,N,C,C,A,A,H,-,D,D,0,,,,,Y,Y,A,1,0,1,0,0,0,0,0,0,0,- ,- ,32.6938,-115.44039,IMPERIAL,UNINCORPORATED,-115.4403901,32.6938523
90594199,2017,11/14/2017,9625,11/2/2017,2058,19035,,4,2,9,1300,0,3,5,,2,50,BOWKER ROAD,SR-98,1446,S,N,A,-,N,,,,,,,,,,Y,4,0,2,2,A,-,8,22107,,N,D,C,A,A,H,-,D,D,0,,,,,Y,,M,46,0,0,2,0,0,0,0,0,0,- ,- ,32.6833,-115.4653,IMPERIAL,UNINCORPORATED,-115.4653599,32.68243887
90596603,2017,11/17/2017,9625,11/8/2017,1950,20516,,3,2,9,1300,0,1,3,,1,21,STATE ROUTE 111,GROSHEN ROAD,2640,N,N,A,-,Y,,,,,,,,,,Y,3,0,2,2,A,-,3,22350,,N,C,C,A,A,H,-,D,D,0,,,,,Y,,A,7,0,1,1,0,0,0,0,0,0,- ,- ,,,IMPERIAL,UNINCORPORATED,-115.5263312,33.06628486
90599425,2017,11/21/2017,9625,11/13/2017,2138,19668,,1,2,9,1300,0,3,5,,2,20,COACHELLA CANAL ROAD,BEAL ROAD,3274,S,N,A,-,N,,,,,,,,,,Y,3,0,1,1,A,-,8,22107,,F,F,A,A,A,H,-,D,D,0,,,,,Y,,A,1,0,1,0,0,0,0,0,0,0,- ,- ,33.25713,-115.4551,IMPERIAL,UNINCORPORATED,-115.4547314,33.25670879
90606144,2017,11/30/2017,9625,11/23/2017,1655,19035,,4,2,9,1300,0,1,1,,2,2,I-8 W/B,SR-98,335,W,N,A,-,Y,,,8,,,,,,W,Y,3,0,1,1,A,-,1,23152,A,N,E,J,A,A,H,-,C,D,0,,,,,Y,Y,A,7,0,1,0,0,0,0,0,0,0,- ,- ,32.7268,-116.0243,IMPERIAL,UNINCORPORATED,-116.0243318,32.72710145
90607779,2017,12/1/2017,9625,11/22/2017,810,16248,,3,1,9,1300,0,2,4,,2,57,EVAN HEWES HIGHWAY,SR-111,60,E,N,A,-,N,,,,,,,,,,Y,4,0,1,2,A,-,3,22350,,N,C,C,A,A,H,-,A,A,0,,,,,Y,,A,1,0,0,1,0,0,0,0,0,0,- ,- ,32.79987,-115.50011,IMPERIAL,UNINCORPORATED,-115.5005118,32.79981033
90612727,2017,12/7/2017,9625,11/27/2017,1300,18207,,1,1,9,1300,0,3,5,,2,40,AUSTIN ROAD,KEYSTONE ROAD,0,,Y,A,-,N,,,,,,,,,,Y,2,0,2,2,A,-,12,22450,A,N,D,C,A,A,H,-,A,A,0,,,,Y,Y,,A,1,2,0,0,0,0,0,0,0,0,- ,- ,32.91253,-115.59495,IMPERIAL,UNINCORPORATED,-115.5949101,32.91255008
90616625,2017,12/13/2017,9625,12/6/2017,2120,19667,,3,2,9,1300,0,1,3,,1,12,SOUTHBOUND SR-86,NORTH MARINA DRIVE,0,,Y,A,-,Y,,,86,,,,,,,Y,3,0,3,2,A,-,9,21802,A,N,D,C,A,A,H,-,D,A,0,,,,,Y,,D,22,0,3,0,0,0,0,0,0,0,- ,- ,33.30296,-115.98215,IMPERIAL,UNINCORPORATED,-115.9821462,33.30296281
90617785,2017,12/14/2017,9625,12/9/2017,2210,20111,,6,3,4,1304,0,1,1,,2,4,W/B I-8,LA BRUCHERIE ROAD,4752,W,N,A,-,Y,,,,,,,,,,Y,3,0,1,2,A,-,3,22350,,N,C,C,A,A,H,-,D,D,0,,,,,Y,,A,1,0,1,0,0,0,0,0,0,0,- ,- ,32.77403,-115.59246,IMPERIAL,EL CENTRO,,
90618324,2017,12/15/2017,9625,12/5/2017,630,19886,,2,1,9,1300,0,1,1,,2,3,INTERSTATE 8 EASTBOUND,DUNAWAY ROAD,11827,W,N,A,-,Y,,,8,,,,,,E,Y,3,0,1,2,A,-,8,22107,,N,D,C,A,A,H,-,A,D,0,,,,Y,Y,,F,26,0,1,0,0,0,0,0,0,0,- ,- ,32.76091,-115.83778,IMPERIAL,UNINCORPORATED,-115.8378353,32.76118417
90621300,2017,12/20/2017,9625,12/13/2017,1636,18792,,3,2,9,1300,0,3,5,,2,40,ROSS ROAD,FORRESTER ROAD,0,,Y,A,-,N,,,,,,,,,,Y,3,0,1,2,A,-,9,21802,A,N,D,C,A,A,H,-,B,A,0,,,,,Y,,A,1,0,1,0,0,0,0,0,0,0,- ,- ,32.78143,-115.62066,IMPERIAL,UNINCORPORATED,-115.62064,32.78142011
90621364,2017,12/20/2017,9625,12/9/2017,745,15990,,6,1,9,1300,0,1,3,,1,12,SR-86 N/B,DESERT SHORES DRIVE,1584,N,N,A,-,Y,,,,,,,,,,Y,3,0,1,2,A,-,7,21658,A,N,B,C,A,A,H,-,A,D,0,,,,,Y,,A,1,0,1,0,0,0,0,0,0,0,- ,- ,33.0986,-116.04693,IMPERIAL,UNINCORPORATED,-116.0468934,33.40970812
90632002,2017,1/3/2018,9625,12/21/2017,1556,19035,,4,2,9,1300,0,1,1,,2,3,INTERSTATE 8 EASTBOUND,LA BRUCHERIE ROAD,590,E,N,A,-,Y,,,8,,,,,,E,Y,3,0,2,1,A,-,8,22107,,N,F,A,A,A,H,-,A,D,0,,,,,Y,,A,1,0,1,1,0,0,0,0,0,0,- ,- ,32.7738,-115.5766,IMPERIAL,UNINCORPORATED,-115.5766,32.77380279
90638244,2018,1/11/2018,9620,1/6/2018,2015,17837,,6,2,9,1300,0,1,1,,2,82,I-8 W/B,WINTERHAVEN DR,5280,W,N,A,-,Y,,,8,,,,,,W,Y,2,0,1,1,C,-,18,,,N,H,H,A,A,H,-,D,D,0,,,,,Y,,-,- ,1,0,0,0,0,0,0,0,0,- ,- ,32.73767853,-114.6623077,IMPERIAL,UNINCORPORATED,-114.6623077,32.73768616
90641567,2018,1/17/2018,9625,1/7/2018,505,13627,,7,3,9,1300,0,1,3,,2,52,STATE ROUTE 98,BONDS CORNER ROAD,4488,E,N,B,-,Y,,,98,,,,,,,Y,3,0,1,1,A,-,8,22107,,N,F,A,A,A,H,-,D,D,0,,,,,Y,,D,22,0,1,0,0,0,0,0,0,0,- ,- ,32.69382858,-115.3223572,IMPERIAL,UNINCORPORATED,-115.3223648,32.69388962
90657910,2018,2/8/2018,9625,1/31/2018,1506,22010,,3,2,4,1304,0,1,3,,1,54,SR-111 SOUTHBOUND,HARRIS ROAD,27,N,N,A,-,Y,,,,,,,,,,Y,3,0,4,2,A,-,3,22350,,N,C,C,A,A,H,-,A,D,0,,,,,Y,,A,1,0,4,0,0,0,0,0,0,0,- ,- ,32.88365173,-115.5092163,IMPERIAL,EL CENTRO,,
90664522,2018,2/20/2018,9625,2/7/2018,1615,19035,,3,2,9,1300,0,3,5,,2,40,DOGWOOD ROAD,WILLOUGHBY ROAD,0,,Y,A,-,N,,,,,,,,,,N,3,0,1,2,A,-,9,21802,A,N,D,C,A,A,H,-,A,A,0,,,Y,,Y,,D,22,0,1,0,0,0,0,0,0,1,- ,- ,32.78089905,-115.5339966,IMPERIAL,UNINCORPORATED,-115.5340805,32.70845032
90668583,2018,2/23/2018,9625,2/14/2018,2305,20516,,3,3,9,1300,0,3,5,,2,40,LARSEN ROAD,AUSTIN ROAD,4224,W,N,B,C,N,,,,,,,,,,Y,4,0,1,1,A,-,8,22107,,N,E,I,A,B,H,-,D,D,0,,,,,Y,,A,1,0,0,1,0,0,0,0,0,0,- ,- ,32.87622833,-115.607933,IMPERIAL,UNINCORPORATED,-115.6086121,32.876297
90668656,2018,2/23/2018,9625,2/10/2018,1157,18279,,6,1,9,1300,0,1,1,,2,4,I-8 W/B,SILSBEE RD,5808,W,N,A,-,Y,,,8,,,,,,W,Y,2,0,4,2,A,-,7,21658,A,N,C,C,A,A,H,-,A,D,0,,,,,Y,,A,7,2,2,0,0,0,0,0,0,0,- ,- ,32.77399826,-115.6657028,IMPERIAL,UNINCORPORATED,-115.6657028,32.77407074
90668662,2018,2/23/2018,9625,2/12/2018,805,22010,,1,1,9,1300,0,3,5,,2,50,COLE ROAD,DOGWOOD ROAD,1848,E,N,A,-,N,,,,,,,,,,Y,3,0,1,1,A,-,8,22107,,N,E,I,A,A,H,-,A,D,0,,,,,Y,,A,1,0,1,0,0,0,0,0,0,0,- ,- ,32.69403839,-115.5279999,IMPERIAL,UNINCORPORATED,-115.5339813,32.69400024
90670035,2018,2/26/2018,9625,2/17/2018,1335,19225,,6,1,9,1300,0,1,1,,2,1,INTERSTATE 8 (EASTBOUND),MOUNTAIN SPRINGS ROAD,20856,E,N,A,-,Y,,,8,,,,,,,Y,4,0,1,1,A,-,8,22107,,N,F,A,A,A,H,-,A,D,0,,,Y,,Y,,C,2,0,0,1,0,0,0,0,0,1,- ,- ,32.71260071,-116.0537033,IMPERIAL,UNINCORPORATED,-116.0537033,32.71260452
90672897,2017,3/1/2018,9625,12/6/2017,1700,19035,,3,2,9,1300,0,2,4,,2,57,"EVAN HEWES HIGHWAY, E/B",PARKER ROAD,622,E,N,A,-,N,,,,,,,,,,Y,1,1,1,2,A,-,3,22350,,N,C,C,A,A,H,-,B,D,0,,,,,Y,,A,1,0,1,0,0,0,0,0,0,0,- ,- ,32.8021,-115.4893,IMPERIAL,UNINCORPORATED,-115.4898823,32.80228967
90683882,2018,3/16/2018,9620,3/9/2018,1318,19582,,5,1,9,1300,0,1,1,,2,82,I-8 W/B,SR-186,1685,W,N,A,-,Y,,,8,,,,,,W,Y,2,0,1,2,A,-,3,22350,,N,C,C,A,A,D,-,A,A,0,,,,Y,Y,,G,25,1,0,0,0,0,0,0,0,0,- ,- ,32.7444191,-114.7266235,IMPERIAL,UNINCORPORATED,-114.7266235,32.74437332
90686160,2018,3/20/2018,9625,3/6/2018,1628,22010,,2,2,4,1304,1,4,S,,2,901,EUCLID AVENUE,4TH STREET,40,W,N,A,-,N,,,,,,,,,,N,4,0,2,2,A,-,3,22350,,N,C,C,A,A,G,H,A,D,0,,,,,Y,,E,22,0,0,2,0,0,0,0,0,0,- ,- ,32.79835892,-115.5532074,IMPERIAL,EL CENTRO,-115.5529175,32.79837036
90690188,2018,3/26/2018,9625,3/19/2018,955,17727,,1,1,9,1300,0,1,3,,1,54,SR-111 (S/B),SCHARTZ ROAD,0,,Y,A,-,Y,,,111,,,,,,,N,3,0,1,2,A,-,17,23114,A,N,E,J,A,A,H,-,A,D,0,,,,,Y,,E,22,0,1,0,0,0,0,0,0,0,- ,- ,32.94169998,-115.509201,IMPERIAL,UNINCORPORATED,-115.5091171,32.94169617
90691851,2018,3/28/2018,9625,3/24/2018,1753,18792,,6,2,9,1300,0,2,4,,2,46,DOGWOOD ROAD,MCCABE ROAD (NORTH),73,S,N,A,-,N,,,,,,,,,,Y,3,0,3,2,A,-,3,22350,,N,C,C,A,A,H,-,A,A,0,,,,,Y,,A,1,0,3,0,0,0,0,0,0,0,- ,- ,32.75304031,-115.5348282,IMPERIAL,UNINCORPORATED,-115.5349121,32.75217056
90693096,2018,3/29/2018,9625,3/24/2018,1849,19035,,6,2,9,1300,0,2,4,,2,46,DOGWOOD ROAD,WILLOUGHBY ROAD,0,,Y,A,G,N,,,,,,,,,,Y,4,0,1,2,A,-,9,21802,A,N,D,C,A,A,H,-,B,A,0,,,,,Y,,A,1,0,0,1,0,0,0,0,0,0,- ,- ,32.70819855,-115.5339966,IMPERIAL,UNINCORPORATED,-115.5340805,32.70845032
90693099,2018,3/29/2018,9625,3/22/2018,1910,19035,,4,2,9,1300,0,3,5,,2,50,COLE ROAD,STATE ROUTE 98,236,W,N,A,-,N,,,,,,,,,,Y,3,0,1,4,A,-,3,22350,,N,C,C,A,A,H,-,C,A,0,,,,,Y,,A,1,0,1,0,0,0,0,0,0,0,- ,- ,32.69400024,-115.456398,IMPERIAL,UNINCORPORATED,-115.4560471,32.69390488
90695458,2018,3/30/2018,9620,3/24/2018,2115,18734,,6,2,9,1300,0,1,1,,2,81,I-8 W/B,GORDONS WELL RD,6336,W,N,A,-,Y,,,8,,,,,,W,Y,4,0,2,1,A,-,1,23152,A,N,F,I,A,A,H,-,D,D,0,,,,,Y,Y,A,1,0,0,2,0,0,0,0,0,0,- ,- ,32.70827866,-114.9851913,IMPERIAL,UNINCORPORATED,-114.9851913,32.70822525
90697903,2018,4/3/2018,9625,2/20/2018,1340,18464,,2,1,9,1300,0,1,1,,2,6,I-8 WESTBOUND,BARBARA WORTH ROAD,1127,E,N,A,-,Y,,,8,,,,,,W,Y,1,1,4,2,A,-,8,22107,,N,D,C,A,A,D,-,A,A,0,,,,,Y,,A,1,3,1,0,0,0,0,0,0,0,- ,- ,32.77371979,-115.4284515,IMPERIAL,UNINCORPORATED,-115.4284515,32.77357483
90698912,2018,4/4/2018,9625,4/1/2018,1900,19035,,7,2,9,1300,0,1,3,,1,11,STATE ROUTE 86 NORTHBOUND,SOUTH MARINA DRIVE,25,S,N,A,-,Y,,,,,,,,,,N,3,0,3,2,A,-,3,22350,,N,C,C,A,A,H,-,C,A,0,,,,,Y,,A,1,0,1,2,0,0,0,0,0,0,- ,- ,,,IMPERIAL,UNINCORPORATED,-115.9640808,33.27914047
90706493,2018,4/16/2018,9625,4/11/2018,2120,19667,,3,2,9,1300,0,2,4,,2,46,DOGWOOD ROAD,WORTHINGTON ROAD,0,,Y,A,-,N,,,,,,,,,,N,4,0,1,2,A,-,9,21802,A,M,D,C,A,A,H,-,D,A,0,,,,,Y,,A,7,0,0,1,0,0,0,0,0,0,- ,- ,32.84737015,-115.5356827,IMPERIAL,UNINCORPORATED,-115.5356903,32.84737015
90711356,2018,4/23/2018,9620,4/16/2018,135,20738,,1,3,9,1300,0,3,5,,2,70,ARNOLD ROAD,FOSTER ROAD,675,W,N,A,-,N,,,,,,,,,,Y,4,0,1,1,A,-,1,23152,A,N,E,I,A,A,H,-,D,D,0,,,,,Y,Y,D,22,0,0,1,0,0,0,0,0,0,- ,- ,32.75286865,-114.6445007,IMPERIAL,UNINCORPORATED,-114.6441574,32.75282669
9071379,2020,10/16/2020,1304,2/21/2020,1444,359,,5,5,4,1304,0,0,0,,0,EAST,4TH ST,BROADWAY AV,0,,Y,A,-,Y,IMP,11,86,-,L,7.38,I,5,S,Y,4,0,1,2,A,-,9,21801,A,N,D,C,A,A,H,-,A,A,0,,,,,Y,,A,1,0,0,1,0,0,0,0,0,0,- ,- ,,,IMPERIAL,EL CENTRO,-115.5525284,32.79388046
90717851,2018,5/2/2018,9620,4/22/2018,845,18703,,7,1,9,1300,0,1,1,,2,82,INTERSTATE 8 WESTBOUND,4TH AVENUE,528,W,N,A,-,Y,,,8,,,,,,W,Y,1,1,2,2,A,-,11,21954,A,N,G,B,D,A,H,-,A,A,0,Y,,Y,,Y,,N,60,0,2,0,1,0,0,0,0,2,- ,- ,32.73276901,-114.6282272,IMPERIAL,UNINCORPORATED,-114.6282349,32.73273849
90718265,2018,5/2/2018,9625,4/20/2018,1130,17727,,5,1,9,1300,0,1,1,,2,4,I-8 (W/B),FOURTH STREET,1154,W,N,A,-,Y,,,,,,,,,,Y,3,0,3,2,A,-,7,21658,A,F,E,I,A,A,H,-,A,D,0,,,,,Y,,A,7,0,3,0,0,0,0,0,0,0,- ,- ,32.7739296,-115.5569,IMPERIAL,UNINCORPORATED,-115.5560532,32.77391052
90720597,2018,5/7/2018,9625,4/25/2018,730,17432,,3,1,9,1300,0,3,5,,2,40,MCCABE ROAD,FORRESTER ROAD,0,,Y,A,-,N,,,,,,,,,,Y,4,0,2,2,A,-,9,21801,A,N,D,C,A,A,H,-,A,D,0,,,,,Y,,A,1,0,0,2,0,0,0,0,0,0,- ,- ,32.75254822,-115.6206894,IMPERIAL,UNINCORPORATED,-115.6206665,32.75247192
90728008,2018,5/16/2018,9625,4/17/2018,1055,16248,,2,1,9,1300,0,2,4,,2,47,FORRESTER ROAD,EVAN HEWES HIGHWAY,1600,S,N,A,-,N,,,,,,,,,,Y,4,0,1,1,A,-,8,22107,,N,E,I,A,A,H,-,A,D,0,,,,,Y,,A,1,0,0,1,0,0,0,0,0,0,- ,- ,32.79232025,-115.6204529,IMPERIAL,UNINCORPORATED,-115.6206131,32.79219818
90740175,2018,6/4/2018,9625,5/28/2018,2017,19668,,1,2,9,1300,0,3,5,,2,40,SILSBEE ROAD,ATEN ROAD,0,,Y,A,-,N,,,,,,,,,,Y,3,0,1,1,A,-,3,22350,,N,E,I,A,A,H,-,D,D,0,,,,,Y,,A,1,0,1,0,0,0,0,0,0,0,- ,- ,32.82563019,-115.6459732,IMPERIAL,UNINCORPORATED,-115.646431,32.82553101
90746859,2018,6/12/2018,9625,3/5/2018,2210,20111,,1,3,9,1300,0,2,4,,2,46,DOGWOOD ROAD,HARRIS ROAD,5280,N,N,A,-,N,,,,,,,,,,Y,1,1,0,1,A,-,1,23152,A,N,F,A,A,A,H,-,D,A,0,,,Y,,Y,Y,C,2,0,0,0,0,0,0,0,1,0,- ,- ,32.90042114,-115.5355988,IMPERIAL,UNINCORPORATED,-115.5355301,32.89807892
90749110,2018,6/15/2018,9625,6/6/2018,915,16248,,3,1,9,1300,0,1,3,,2,53,SR-111 N/B,HEBER ROAD,25,S,N,A,-,Y,,,111,,,,,,N,Y,3,0,1,2,A,-,3,22350,,N,C,C,A,A,H,-,A,A,0,,,,,Y,,A,1,0,1,0,0,0,0,0,0,0,- ,- ,32.73046875,-115.5002823,IMPERIAL,UNINCORPORATED,-115.5004044,32.73046875