CASE_ID,ACCIDENT_YEAR,PROC_DATE,JURIS,COLLISION_DATE,COLLISION_TIME,OFFICER_ID,REPORTING_DISTRICT,DAY_OF_WEEK,CHP_SHIFT,POPULATION,CNTY_CITY_LOC,SPECIAL_COND,BEAT_TYPE,CHP_BEAT_TYPE,CITY_DIVISION_LAPD,CHP_BEAT_CLASS,BEAT_NUMBER,PRIMARY_RD,SECONDARY_RD,DISTANCE,DIRECTION,INTERSECTION,WEATHER_1,WEATHER_2,STATE_HWY_IND,CALTRANS_COUNTY,CALTRANS_DISTRICT,STATE_ROUTE,ROUTE_SUFFIX,POSTMILE_PREFIX,POSTMILE,LOCATION_TYPE,RAMP_INTERSECTION,SIDE_OF_HWY,TOW_AWAY,COLLISION_SEVERITY,NUMBER_KILLED,NUMBER_INJURED,PARTY_COUNT,PRIMARY_COLL_FACTOR,PCF_CODE_OF_VIOL,PCF_VIOL_CATEGORY,PCF_VIOLATION,PCF_VIOL_SUBSECTION,HIT_AND_RUN,TYPE_OF_COLLISION,MVIW,PED_ACTION,ROAD_SURFACE,ROAD_COND_1,ROAD_COND_2,LIGHTING,CONTROL_DEVICE,CHP_ROAD_TYPE,PEDESTRIAN_ACCIDENT,BICYCLE_ACCIDENT,MOTORCYCLE_ACCIDENT,TRUCK_ACCIDENT,NOT_PRIVATE_PROPERTY,ALCOHOL_INVOLVED,STWD_VEHTYPE_AT_FAULT,CHP_VEHTYPE_AT_FAULT,COUNT_SEVERE_INJ,COUNT_VISIBLE_INJ,COUNT_COMPLAINT_PAIN,COUNT_PED_KILLED,COUNT_PED_INJURED,COUNT_BICYCLIST_KILLED,COUNT_BICYCLIST_INJURED,COUNT_MC_KILLED,COUNT_MC_INJURED,PRIMARY_RAMP,SECONDARY_RAMP,LATITUDE,LONGITUDE,COUNTY,CITY,POINT_X,POINT_Y
90752966,2018,6/21/2018,9625,6/18/2018,500,19668,,1,3,9,1300,0,1,1,,2,3,INTERSTATE 8 EASTBOUND,IMPERIAL AVENUE,1334,W,N,A,-,Y,,,,,,,,,,Y,3,0,2,1,A,-,8,22107,,N,E,I,A,A,H,-,B,D,0,,,,,Y,,D,22,0,2,0,0,0,0,0,0,0,- ,- ,32.77285004,-115.7358475,IMPERIAL,UNINCORPORATED,-115.5736771,32.77381516
90761291,2018,7/2/2018,9625,6/22/2018,730,18279,,5,1,9,1300,0,1,1,,2,3,I-8 E/B,IMPERIAL HIGHWAY,3168,E,N,A,-,Y,,,8,,,,,,E,Y,3,0,1,1,A,-,8,22107,,N,F,A,A,A,H,-,A,D,0,,,,,Y,,D,22,0,1,0,0,0,0,0,0,0,- ,- ,32.7372818,-115.9804993,IMPERIAL,UNINCORPORATED,-115.980484,32.73720551
90767810,2018,7/12/2018,9625,7/3/2018,1740,22010,,2,2,9,1300,0,1,3,,2,56,SR-115,GONDER ROAD,686,S,N,A,-,Y,,,115,,,,,,,Y,4,0,1,1,A,-,1,23152,A,N,F,A,A,A,H,-,A,D,0,,,,,Y,Y,A,1,0,0,1,0,0,0,0,0,0,- ,- ,32.93912125,-115.4063721,IMPERIAL,UNINCORPORATED,-115.4062729,32.93912125
90771282,2018,7/17/2018,9625,7/11/2018,1905,20111,,3,2,9,1300,0,1,1,,2,1,I-8 E/B,SR-98,5280,W,N,A,C,Y,,,8,,,,,,E,Y,3,0,1,1,A,-,8,22107,,N,F,A,A,B,H,-,A,A,0,,,,,Y,,A,1,0,1,0,0,0,0,0,0,0,- ,- ,32.72455978,-116.0376892,IMPERIAL,UNINCORPORATED,-116.0376663,32.72450256
90772196,2018,7/18/2018,9620,7/13/2018,930,18703,,5,1,9,1300,0,2,4,,1,75,YUMA RD,ARNOLD RD,1362,S,N,A,-,N,,,,,,,,,,Y,4,0,1,1,A,-,8,22107,,N,E,I,A,A,H,-,A,D,0,,,,,Y,,A,7,0,0,1,0,0,0,0,0,0,- ,- ,32.74890137,-114.6505585,IMPERIAL,UNINCORPORATED,-114.650589,32.74911499
90775852,2018,7/24/2018,9625,7/13/2018,2034,18792,,5,2,9,1300,0,3,5,,2,10,MONTEREY AVENUE,RT 86,3168,E,N,A,-,N,,,,,,,,,,N,3,0,1,2,A,-,8,22107,,N,D,G,A,A,H,-,D,D,0,,Y,,,Y,Y,L,4,0,1,0,0,0,0,1,0,0,- ,- ,33.40200043,-116.0431366,IMPERIAL,UNINCORPORATED,-116.0375214,33.40179825
90776932,2018,7/26/2018,9625,7/17/2018,1642,19668,,2,2,9,1300,0,3,5,,2,50,ORCHARD ROAD,NIMURA ROAD,0,,Y,A,-,N,,,,,,,,,,Y,3,0,1,2,A,-,3,22350,,N,C,C,A,A,H,-,A,A,0,,,,,Y,,A,1,0,1,0,0,0,0,0,0,0,- ,- ,32.79088974,-115.3837128,IMPERIAL,UNINCORPORATED,-115.383728,32.7908783
90780072,2018,7/30/2018,9625,7/21/2018,2145,20111,,6,2,9,1300,0,1,3,,2,13,SR-78,HOVLEY ROAD,0,,Y,A,-,Y,,,78,,,,,,,Y,4,0,3,2,A,-,12,21453,A,N,D,C,A,A,H,-,C,A,0,,,,,Y,,A,7,0,0,3,0,0,0,0,0,0,- ,- ,33.00210953,-115.5440674,IMPERIAL,UNINCORPORATED,-115.5440674,33.00205994
90785550,2018,8/7/2018,9625,7/27/2018,1235,19035,,5,1,9,1300,0,1,3,,1,12,SR-86 SOUTHBOUND,ALLEN ROAD,1795,N,N,A,-,Y,,,86,,,,,,S,Y,4,0,2,2,A,-,8,22107,,N,D,C,A,A,H,-,A,D,0,,,,Y,Y,,A,1,0,0,2,0,0,0,0,0,0,- ,- ,33.10449982,-115.8078995,IMPERIAL,UNINCORPORATED,-115.8079071,33.1044426
90785600,2018,8/7/2018,9625,7/31/2018,1220,17727,,2,1,9,1300,0,1,3,,1,11,SR-86 (S/B),BANNISTER ROAD,1155,S,N,A,-,Y,,,86,,,,,,,Y,4,0,1,2,A,-,8,22107,,N,D,C,A,A,H,-,A,D,0,,,,Y,Y,,G,27,0,0,1,0,0,0,0,0,0,- ,- ,33.04970169,-115.7193985,IMPERIAL,UNINCORPORATED,-115.7194519,33.04964066
9078581,2019,9/10/2020,1301,12/20/2019,916,903,BRAWL,5,5,3,1301,0,0,0,,0,0B1,RT 111,RT 78,0,,-,A,-,Y,IMP,11,78,-,R,12.941,R,1,W,Y,4,0,1,2,A,-,3,22350,,N,C,C,A,A,H,-,A,A,0,,,,,Y,,A,7,0,0,1,0,0,0,0,0,0,- ,- ,,,IMPERIAL,BRAWLEY,-115.5255661,33.0006752
90790298,2018,8/14/2018,9625,8/9/2018,1725,19667,,4,2,9,1300,0,1,1,,2,1,E/B INTERSTATE 8,MOUNTAIN SPRINGS ROAD,6956,E,N,C,-,Y,,,8,,,,,,,Y,3,0,1,1,A,-,3,22350,,N,E,I,A,B,H,-,A,D,0,,,,,Y,,A,1,0,1,0,0,0,0,0,0,0,- ,- ,32.67372894,-116.0770187,IMPERIAL,UNINCORPORATED,-116.0769882,32.67358017
90791000,2018,8/15/2018,9620,8/12/2018,2205,18703,,7,3,9,1300,0,1,3,,1,62,SR-186,I-8,475,S,N,A,-,Y,,,186,,,,,,,Y,3,0,1,1,A,-,8,22107,,N,E,I,A,A,H,-,D,A,0,,,Y,,Y,Y,C,2,0,1,0,0,0,0,0,0,1,- ,- ,32.73125076,-114.7170792,IMPERIAL,UNINCORPORATED,-114.7171021,32.73126221
90792303,2018,8/16/2018,9625,8/11/2018,830,18279,,6,1,9,1300,0,1,1,,2,6,I-8 W/B,SR-111 N/B,12,W,N,A,-,Y,,,8,,,,,,W,Y,4,0,2,2,A,-,3,22350,,N,C,C,A,A,H,-,A,D,0,,,,,Y,,A,1,0,0,2,0,0,0,0,0,0,- ,- ,32.77391815,-115.5010834,IMPERIAL,UNINCORPORATED,-115.5010834,32.77393341
90798630,2018,8/27/2018,9625,8/17/2018,1424,19035,,5,2,9,1300,0,3,5,,2,50,BARBARA WORTH ROAD,HEBER ROAD,8,N,N,A,-,N,,,,,,,,,,Y,3,0,3,2,A,-,12,22450,A,N,D,C,A,A,H,-,A,A,0,,,,,Y,,A,7,0,1,2,0,0,0,0,0,0,- ,- ,32.73020172,-115.430397,IMPERIAL,UNINCORPORATED,-115.4308777,32.73026276
90799390,2018,8/27/2018,9625,8/20/2018,1950,19668,,1,2,9,1300,0,3,5,,2,50,HOLT ROAD,NORRISH ROAD,0,,Y,A,-,N,,,,,,,,,,Y,3,0,2,2,A,-,9,21802,A,N,D,C,A,A,H,-,C,A,0,,,,,Y,,A,7,0,2,0,0,0,0,0,0,0,- ,- ,32.83272934,-115.3802338,IMPERIAL,UNINCORPORATED,-115.3802795,32.83274841
90813247,2018,9/14/2018,9625,9/3/2018,1235,17432,,1,1,9,1300,0,1,1,,2,3,I-8 (E/B),DOGWOOD ROAD,2,W,N,A,-,Y,,,,,,,,,,Y,4,0,5,3,A,-,3,22350,,N,C,C,A,A,H,-,A,D,0,,,,,Y,,A,7,0,0,5,0,0,0,0,0,0,- ,- ,32.77354813,-115.5349503,IMPERIAL,UNINCORPORATED,-115.5352173,32.77389908
90813354,2018,9/14/2018,9625,9/8/2018,840,18279,,6,1,9,1300,0,2,4,,2,57,EVAN HEWES HWY W/B,SR-111,55,E,N,A,-,N,,,,,,,,,,N,4,0,2,2,A,-,21,22106,,N,C,C,A,A,H,-,A,A,0,,,,,Y,,A,1,0,0,2,0,0,0,0,0,0,- ,- ,32.79990005,-115.5001526,IMPERIAL,UNINCORPORATED,-115.5005264,32.7998085
90813714,2018,9/14/2018,9625,9/11/2018,2350,19225,,2,3,9,1300,0,1,1,,2,4,INTERSTATE 8 (WESTBOUND),DUNAWAY ROAD,31680,W,N,A,-,Y,,,8,,,,,,,Y,4,0,1,1,A,-,8,22107,,N,E,I,A,A,H,-,D,D,0,,,,,Y,,A,7,0,0,1,0,0,0,0,0,0,- ,- ,32.75138092,-115.9023132,IMPERIAL,UNINCORPORATED,-115.9023132,32.75138474
90818112,2018,9/20/2018,9625,9/11/2018,1150,17727,,2,1,9,1300,0,1,3,,2,24,SR-78,GECKO PARK ROAD,12672,W,N,A,-,Y,,,78,,,,,,,Y,3,0,1,1,A,-,8,22107,,N,F,A,A,A,H,-,A,D,0,,,,,Y,,A,7,0,1,0,0,0,0,0,0,0,- ,- ,32.97069931,-115.2136993,IMPERIAL,UNINCORPORATED,-115.2136993,32.97047806
90821552,2018,9/26/2018,9625,9/16/2018,746,13627,,7,1,9,1300,0,1,1,,2,5,INTERSTATE 8,MPM 8 IMP 62.00,1742,W,N,A,-,Y,,,8,,,,,,,Y,2,0,2,1,A,-,8,22107,,N,F,A,A,A,H,-,A,D,0,,,,,Y,,D,22,1,0,1,0,0,0,0,0,0,- ,- ,32.73096848,-115.1548004,IMPERIAL,UNINCORPORATED,-115.154747,32.73113632
9082563,2020,7/20/2020,1304,3/11/2020,1957,358,EEAST,3,5,4,1304,0,0,0,,0,EAST,8TH,PARK,0,,Y,A,-,N,,,,,,,,,,N,3,0,1,2,A,-,9,21802,A,F,D,G,A,A,H,-,C,A,0,,Y,,,Y,,L,4,0,1,0,0,0,0,1,0,0,- ,- ,,,IMPERIAL,EL CENTRO,-115.56147,32.79578018
90828409,2018,10/4/2018,9625,9/25/2018,655,17432,,2,1,9,1300,0,3,5,,2,20,SCHARTZ ROAD,DOGWOOD ROAD,3062,E,N,A,-,N,,,,,,,,,,Y,4,0,1,1,A,-,8,22107,,N,F,A,A,A,H,-,A,D,0,,,,,Y,,A,7,0,0,1,0,0,0,0,0,0,- ,- ,32.94178009,-115.5256195,IMPERIAL,UNINCORPORATED,-115.5256119,32.94178009
90834997,2018,10/12/2018,9625,10/2/2018,605,17432,,2,1,9,1300,0,1,3,,1,44,SR-86,LARSEN ROAD,0,,Y,A,-,Y,,,86,,,,,,,Y,4,0,2,2,A,-,9,21802,A,N,D,C,A,A,H,-,B,A,0,,,,,Y,,A,1,0,0,2,0,0,0,0,0,0,- ,- ,32.87643051,-115.570343,IMPERIAL,UNINCORPORATED,-115.5702362,32.87643051
90837882,2018,10/17/2018,9625,10/13/2018,1620,19225,,6,2,9,1300,0,2,4,,2,47,FORRESTER ROAD,ATEN ROAD,0,,Y,A,-,N,,,,,,,,,,Y,4,0,2,2,A,-,9,21801,A,N,B,C,A,A,H,-,A,D,0,,,,,Y,,A,7,0,0,2,0,0,0,0,0,0,- ,- ,32.82550049,-115.6207199,IMPERIAL,UNINCORPORATED,-115.6206818,32.81821823
90844556,2018,10/25/2018,9625,10/17/2018,2017,19035,,3,2,9,1300,0,3,5,,2,50,SR-115,WORTHINGTON ROAD,0,,Y,A,-,Y,,,115,,,,,,,Y,3,0,1,2,A,-,12,22450,A,N,D,C,A,A,H,-,D,A,0,,,,Y,Y,,D,22,0,1,0,0,0,0,0,0,0,- ,- ,32.84740067,-115.4060974,IMPERIAL,UNINCORPORATED,-115.4061813,32.84740067
90848642,2018,10/30/2018,9625,10/22/2018,2050,20704,,1,2,9,1300,0,3,5,,2,10,SR-86 (S/B),FREDRICKS ROAD,0,,Y,A,-,Y,,,86,,,,,,,Y,3,0,2,2,A,-,9,21453,C,N,D,D,A,A,H,-,C,A,0,,,,Y,Y,,D,22,0,2,0,0,0,0,0,0,0,- ,- ,32.99919891,-115.5888138,IMPERIAL,UNINCORPORATED,-115.588768,32.99923325
90860954,2018,11/15/2018,9625,9/26/2018,625,18279,,3,1,9,1300,0,1,1,,2,1,"I-8, E/B",IN-KO-PAH PARK RD,10560,E,N,A,-,Y,,,8,,,,,,E,Y,1,1,0,1,A,-,8,22107,,N,F,I,A,A,H,-,B,D,0,,,,,Y,,A,1,0,0,0,0,0,0,0,0,0,- ,- ,32.66785049,-116.1059723,IMPERIAL,UNINCORPORATED,-116.1058426,32.66781616
90868251,2018,11/27/2018,9625,10/28/2018,206,20263,,7,3,9,1300,0,1,1,,2,3,I-8 E/B FROM IMPERIAL AVENUE S/B,OCOTILLO DRIVE,1170,N,N,A,-,Y,,,,,,,,,,Y,1,1,0,1,A,-,8,22107,,N,E,I,A,A,H,-,D,D,0,,,Y,,Y,Y,C,2,0,0,0,0,0,0,0,1,0,- ,- ,32.77389908,-115.5694427,IMPERIAL,UNINCORPORATED,,
90869616,2018,11/28/2018,9625,10/3/2018,710,17432,,3,1,9,1300,0,2,4,,2,46,DOGWOOD ROAD,SR-98,0,,Y,A,-,Y,,,,,,,,,,Y,2,0,3,2,A,-,12,21453,A,N,D,C,A,A,H,-,A,A,0,,,,,Y,,D,22,1,0,2,0,0,0,0,0,0,- ,- ,32.67924881,-115.5334625,IMPERIAL,UNINCORPORATED,-115.5334473,32.67921829
90872567,2018,11/30/2018,9625,11/18/2018,955,16248,,7,1,9,1300,0,1,3,,2,52,STATE ROUTE 98,HOLDRIDGE ROAD,13200,E,N,A,-,Y,,,98,,,,,,,Y,2,0,1,1,A,-,8,22107,,N,F,A,A,A,H,-,A,D,0,,,,,Y,,A,1,1,0,0,0,0,0,0,0,0,- ,- ,32.71258163,-115.2422028,IMPERIAL,UNINCORPORATED,-115.2421951,32.71279907
90877071,2018,12/6/2018,9625,12/3/2018,1715,19225,,1,2,9,1300,0,1,3,,2,53,STATE ROUTE 111 (NORTHBOUND),JASPER ROAD,2112,N,N,A,-,Y,,,111,,,,,,,Y,4,0,1,2,A,-,3,22350,,N,C,C,A,A,H,-,D,A,0,,,,,Y,,D,22,0,0,1,0,0,0,0,0,0,- ,- ,32.71604919,-115.4993515,IMPERIAL,UNINCORPORATED,-115.4994812,32.71604919
9088161,2020,6/4/2020,1301,1/4/2020,2315,9A8,BRAWL,6,5,3,1301,0,0,0,,0,1,FLAMMANG AV,SPRUCE ST,115,E,N,A,-,N,,,,,,,,,,N,4,0,1,2,A,-,1,23152,B,N,C,E,A,A,H,-,C,D,0,,,,,Y,Y,D,22,0,0,1,0,0,0,0,0,0,- ,- ,,,IMPERIAL,BRAWLEY,-115.5375824,32.98814011
90883089,2018,12/14/2018,9625,12/6/2018,1735,19225,,4,2,9,1300,0,3,5,,2,40,S-2 (IMPERIAL HIGHWAY),DOS CABEZA ROAD,4224,W,N,C,-,N,,,,,,,,,,Y,4,0,1,1,A,-,8,22107,,N,F,A,A,B,H,-,D,D,0,,,,,Y,,D,22,0,0,1,0,0,0,0,0,0,- ,- ,32.75790024,-116.0619965,IMPERIAL,UNINCORPORATED,-116.0620041,32.75789642
90884552,2018,12/17/2018,9625,12/10/2018,740,16248,,1,1,9,1300,0,2,4,,2,46,DOGWOOD ROAD,HUSTON ROAD,1300,S,N,B,-,N,,,,,,,,,,N,4,0,1,1,A,-,3,22350,,N,H,A,A,A,H,-,A,D,0,,,,,Y,,A,1,0,0,1,0,0,0,0,0,0,- ,- ,32.83641815,-115.5361176,IMPERIAL,UNINCORPORATED,-115.5357132,32.83649826
90885139,2018,12/18/2018,9625,7/22/2018,127,20263,,7,3,9,1300,0,3,5,,2,50,BOWKER ROAD,MCCABE ROAD,2032,N,N,A,-,N,,,,,,,,,,Y,1,1,1,1,A,-,8,22107,,N,F,A,A,A,H,-,D,A,0,,,Y,,Y,,C,2,0,1,0,0,0,0,0,1,1,- ,- ,32.75794983,-115.4650421,IMPERIAL,UNINCORPORATED,-115.4650269,32.75766373
90889500,2018,12/24/2018,9625,12/18/2018,1540,20516,,2,2,9,1300,0,1,3,,2,53,N/B SR111,HEBER ROAD,3920,N,N,A,-,Y,,,,,,,,,,Y,4,0,1,2,A,-,3,22350,,N,C,C,A,A,H,-,A,D,0,,,,,Y,,A,1,0,0,1,0,0,0,0,0,0,- ,- ,32.74139023,-115.5005417,IMPERIAL,UNINCORPORATED,,
90891244,2018,12/27/2018,9625,12/18/2018,1635,20516,,2,2,9,1300,0,1,3,,2,53,N/B SR-111,CORRELL ROAD,320,S,N,A,-,Y,,,111,,,,,,,Y,3,0,1,4,A,-,3,22350,,N,C,C,A,A,H,-,A,D,0,,,,,Y,,D,22,0,1,0,0,0,0,0,0,0,- ,- ,32.73693085,-115.5003891,IMPERIAL,UNINCORPORATED,-115.5005341,32.73692703
90894336,2018,12/31/2018,9625,12/20/2018,650,17432,,4,1,9,1300,0,2,4,,2,47,WORTHINGTON ROAD,FORRESTER ROAD,0,,Y,A,-,N,,,,,,,,,,Y,4,0,1,2,A,-,9,21802,A,N,D,C,A,A,H,-,A,A,0,,,,,Y,,A,1,0,0,1,0,0,0,0,0,0,- ,- ,32.84737015,-115.6207962,IMPERIAL,UNINCORPORATED,-115.6207581,32.84738922
90901498,2019,1/10/2019,9625,1/2/2019,1125,18279,,3,1,9,1300,0,3,5,,2,40,AUSTIN RD,KEYSTONE RD,0,,Y,A,-,N,,,,,,,,,,Y,4,0,1,2,A,-,9,21802,A,N,D,C,A,A,H,-,A,A,0,,,,,Y,,A,1,0,0,1,0,0,0,0,0,0,- ,- ,32.91255188,-115.594902,IMPERIAL,UNINCORPORATED,-115.5949097,32.91255188
90908726,2018,1/22/2019,9625,12/18/2018,1451,17809,,2,2,9,1300,0,3,5,,2,10,NORTH MARINA DRIVE,SEA WIND PLACE,10,W,N,A,-,N,,,,,,,,,,Y,1,1,0,2,A,-,3,22350,,N,C,G,A,A,H,-,A,D,0,,Y,,,Y,,A,1,0,0,0,0,0,1,0,0,0,- ,- ,33.32279968,-115.9582977,IMPERIAL,UNINCORPORATED,-115.9582138,33.32279968
90918108,2019,2/4/2019,9625,1/25/2019,2156,20054,,5,2,9,1300,0,1,3,,2,53,SR-111 NORTHBOUND,FAWCETT ROAD,1584,S,N,A,-,Y,,,111,,,,,,N,Y,4,0,1,1,A,-,1,23152,A,N,E,I,A,A,H,-,D,D,0,,,,,Y,,A,1,0,0,1,0,0,0,0,0,0,- ,- ,32.7193985,-115.4997482,IMPERIAL,UNINCORPORATED,-115.4999237,32.71936417
90919398,2019,2/5/2019,9625,1/24/2019,945,17432,,4,1,9,1300,0,1,1,,2,1,INTERSTATE 8 E/B,MOUNTAIN SPRINGS ROAD,14256,E,N,A,-,Y,,,8,,,,,,E,Y,3,0,2,1,A,-,8,22107,,N,F,A,A,A,H,-,A,D,0,,,,,Y,,D,22,0,2,0,0,0,0,0,0,0,- ,- ,32.68933868,-116.0641785,IMPERIAL,UNINCORPORATED,-116.0642242,32.68936539
90923223,2019,2/11/2019,9625,2/4/2019,1805,19667,,1,2,9,1300,0,2,4,,2,47,FORRESTER ROAD,WORTHINGTON ROAD,26,N,N,B,-,N,,,,,,,,,,Y,3,0,1,2,A,-,9,21802,A,N,C,C,A,A,H,-,C,A,0,,,,Y,Y,,A,1,0,1,0,0,0,0,0,0,0,- ,- ,32.84770966,-115.6206894,IMPERIAL,UNINCORPORATED,-115.6207581,32.8474617
90926893,2019,2/14/2019,9625,2/6/2019,1040,13627,,3,1,9,1300,0,3,5,,2,50,ROOD ROAD,CARR ROAD,167,S,N,A,-,N,,,,,,,,,,N,3,0,1,2,A,-,6,21754,,N,B,C,A,A,H,-,A,D,0,,,Y,,Y,,C,2,0,1,0,0,0,0,0,0,1,- ,- ,32.67927933,-115.3785019,IMPERIAL,UNINCORPORATED,-115.3784027,32.67936325
90931450,2019,2/21/2019,9625,2/11/2019,1119,13627,,1,1,9,1300,0,2,4,,2,57,EVAN HEWES HIGHWAY EASTBOUND,BELL ROAD,923,W,N,A,-,N,,,,,,,,,,Y,3,0,1,1,A,-,8,22107,,N,F,A,A,A,H,-,A,D,0,,,,,Y,,A,7,0,1,0,0,0,0,0,0,0,- ,- ,32.80276108,-115.4425812,IMPERIAL,UNINCORPORATED,-115.4421844,32.80331802
90931478,2019,2/21/2019,9625,2/12/2019,754,13627,,2,1,9,1300,0,1,3,,2,53,STATE ROUTE 111 N/B,INTERSTATE 8,432,S,N,B,-,Y,,,111,,,,,,N,Y,4,0,1,2,A,-,4,21703,,N,C,C,A,A,H,-,A,D,0,,,,,Y,,A,1,0,0,1,0,0,0,0,0,0,- ,- ,32.77236938,-115.5010681,IMPERIAL,UNINCORPORATED,-115.5011597,32.77236557
90934332,2019,2/26/2019,9625,2/22/2019,2339,20054,,5,3,9,1300,0,1,1,,2,5,E/B I-8,DOGWOOD ROAD,1162,E,N,A,-,Y,,,,,,,,,,Y,3,0,1,1,A,-,1,23152,A,N,E,I,A,A,H,-,D,D,0,,,,,Y,Y,D,22,0,1,0,0,0,0,0,0,0,- ,- ,32.77362823,-115.5307007,IMPERIAL,UNINCORPORATED,,
9093517,2020,7/27/2020,1301,4/7/2020,2041,910,BRAWL,2,5,3,1301,0,0,0,,0,1,N RIO VISTA AV,W ADLER ST,79,S,N,A,-,N,,,,,,,,,,N,3,0,1,2,A,-,13,22502,A,N,G,C,A,A,H,-,C,D,0,,,,,Y,,A,1,0,1,0,0,0,0,0,0,0,- ,- ,,,IMPERIAL,BRAWLEY,-115.5479813,32.98549271
90941471,2019,3/7/2019,9625,3/3/2019,2255,20111,,7,3,9,1300,0,1,3,,2,14,SR-78 W/B,ELDER ROAD,0,,Y,A,-,N,,,78,,,,,,W,Y,3,0,1,1,A,-,3,22350,,N,E,I,A,A,H,-,C,A,0,,,,,Y,,A,7,0,1,0,0,0,0,0,0,0,- ,- ,32.99908066,-115.5896683,IMPERIAL,UNINCORPORATED,-115.5889816,32.99927521
90941997,2019,3/7/2019,9625,2/28/2019,920,13627,,4,1,9,1300,0,3,5,,2,50,BOWKER ROAD,JASPER ROAD,1083,S,N,B,-,N,,,,,,,,,,Y,3,0,1,1,A,-,8,22107,,N,F,A,A,A,H,-,A,D,0,,,,,Y,,A,1,0,1,0,0,0,0,0,0,0,- ,- ,32.7055397,-115.4649582,IMPERIAL,UNINCORPORATED,-115.4651184,32.70560074
90948023,2019,3/18/2019,9625,1/26/2019,1818,19225,,6,2,9,1300,0,3,5,,2,50,HEBER AVENUE,SR-86,197,N,N,A,-,N,,,,,,,,,,N,1,1,0,2,A,-,3,22350,,N,G,B,D,A,H,-,C,D,0,Y,,,,Y,,A,1,0,0,0,1,0,0,0,0,0,- ,- ,32.73128128,-115.530098,IMPERIAL,UNINCORPORATED,-115.5300827,32.73122787
90950205,2019,3/20/2019,9625,3/8/2019,644,13627,,5,1,9,1300,0,1,3,,2,56,SR-115,NORRISH ROAD,6,N,N,B,-,Y,,,115,,,,,,,Y,2,0,1,2,A,-,5,21752,D,N,F,C,A,A,H,-,B,D,0,,,Y,Y,Y,,C,2,1,0,0,0,0,0,0,0,1,- ,- ,32.83292007,-115.4061279,IMPERIAL,UNINCORPORATED,-115.4061661,32.83292007
90950232,2019,3/20/2019,9625,3/14/2019,2005,18279,,4,2,9,1300,0,3,5,,2,50,MCCABE ROAD,BARBARA WORTH ROAD,0,,Y,A,-,N,,,,,,,,,,Y,4,0,1,2,A,-,12,22450,A,N,D,C,A,A,H,-,D,A,0,,,,,Y,,A,1,0,0,1,0,0,0,0,0,0,- ,- ,32.75194168,-115.4307709,IMPERIAL,UNINCORPORATED,-115.4307404,32.75194168
90952326,2019,3/25/2019,9625,3/15/2019,850,16248,,5,1,9,1300,0,3,5,,2,40,DREW ROAD,GRAHAM ROAD,937,S,N,A,-,N,,,,,,,,,,Y,2,0,1,1,A,-,8,22107,,N,F,A,A,A,H,-,A,D,0,,,,,Y,,D,22,1,0,0,0,0,0,0,0,0,- ,- ,32.73574829,-115.689537,IMPERIAL,UNINCORPORATED,-115.6899033,32.73548508
90952998,2019,9/24/2019,9625,2/19/2019,2500,13627,,2,4,9,1300,0,1,1,,2,2,INTERSTATE 8 (W/B),STATE ROUTE 98,10771,W,N,B,-,Y,,,8,,,,,,,Y,1,1,0,1,A,-,8,22107,,N,F,A,A,A,H,-,D,D,0,,,,,Y,,A,1,0,0,0,0,0,0,0,0,0,- ,- ,32.72866058,-116.0561218,IMPERIAL,UNINCORPORATED,-116.0561447,32.72853851
90955570,2019,3/28/2019,9625,3/19/2019,1555,19035,,2,2,9,1300,0,2,4,,2,47,FORRESTER ROAD,WORTHINGTON ROAD,0,,Y,A,-,N,,,,,,,,,,Y,4,0,2,2,A,-,9,21802,A,N,D,C,A,A,H,-,A,A,0,,,,,Y,,D,22,0,0,2,0,0,0,0,0,0,- ,- ,32.84730148,-115.620697,IMPERIAL,UNINCORPORATED,-115.6207581,32.84738922
90959621,2019,4/2/2019,9625,3/25/2019,305,22010,,1,3,9,1300,0,1,3,,1,11,SR-86 S/B,ALLEN ROAD,15840,N,N,A,-,Y,,,86,,,,,,S,Y,4,0,3,1,A,-,8,22107,,N,E,I,A,A,H,-,D,D,0,,,,,Y,,A,7,0,0,3,0,0,0,0,0,0,- ,- ,33.11954117,-115.8515701,IMPERIAL,UNINCORPORATED,-115.8514557,33.11964035
90960869,2019,4/4/2019,9625,3/26/2019,1453,18773,,2,2,9,1300,0,1,3,,1,54,SR-111 SOUTHBOUND,EVAN HEWES HIGHWAY,1340,S,N,A,-,Y,,,111,,,,,,S,Y,3,0,2,3,A,-,3,22350,,N,C,C,A,A,D,-,A,A,0,,,,Y,Y,,G,24,0,1,1,0,0,0,0,0,0,- ,- ,32.79824066,-115.5007324,IMPERIAL,UNINCORPORATED,-115.5006256,32.79824066