CASE_ID,ACCIDENT_YEAR,PROC_DATE,JURIS,COLLISION_DATE,COLLISION_TIME,OFFICER_ID,REPORTING_DISTRICT,DAY_OF_WEEK,CHP_SHIFT,POPULATION,CNTY_CITY_LOC,SPECIAL_COND,BEAT_TYPE,CHP_BEAT_TYPE,CITY_DIVISION_LAPD,CHP_BEAT_CLASS,BEAT_NUMBER,PRIMARY_RD,SECONDARY_RD,DISTANCE,DIRECTION,INTERSECTION,WEATHER_1,WEATHER_2,STATE_HWY_IND,CALTRANS_COUNTY,CALTRANS_DISTRICT,STATE_ROUTE,ROUTE_SUFFIX,POSTMILE_PREFIX,POSTMILE,LOCATION_TYPE,RAMP_INTERSECTION,SIDE_OF_HWY,TOW_AWAY,COLLISION_SEVERITY,NUMBER_KILLED,NUMBER_INJURED,PARTY_COUNT,PRIMARY_COLL_FACTOR,PCF_CODE_OF_VIOL,PCF_VIOL_CATEGORY,PCF_VIOLATION,PCF_VIOL_SUBSECTION,HIT_AND_RUN,TYPE_OF_COLLISION,MVIW,PED_ACTION,ROAD_SURFACE,ROAD_COND_1,ROAD_COND_2,LIGHTING,CONTROL_DEVICE,CHP_ROAD_TYPE,PEDESTRIAN_ACCIDENT,BICYCLE_ACCIDENT,MOTORCYCLE_ACCIDENT,TRUCK_ACCIDENT,NOT_PRIVATE_PROPERTY,ALCOHOL_INVOLVED,STWD_VEHTYPE_AT_FAULT,CHP_VEHTYPE_AT_FAULT,COUNT_SEVERE_INJ,COUNT_VISIBLE_INJ,COUNT_COMPLAINT_PAIN,COUNT_PED_KILLED,COUNT_PED_INJURED,COUNT_BICYCLIST_KILLED,COUNT_BICYCLIST_INJURED,COUNT_MC_KILLED,COUNT_MC_INJURED,PRIMARY_RAMP,SECONDARY_RAMP,LATITUDE,LONGITUDE,COUNTY,CITY,POINT_X,POINT_Y
90968739,2019,4/16/2019,9625,4/3/2019,440,19667,,3,3,9,1300,0,1,3,,2,24,SR-78,HASTAIN ROAD,354,W,N,A,-,Y,,,78,,,,,,,Y,2,0,1,1,A,-,8,22107,,N,F,A,A,A,H,-,D,D,0,,,,Y,Y,,G,25,1,0,0,0,0,0,0,0,0,- ,- ,32.97436905,-115.4079895,IMPERIAL,UNINCORPORATED,-115.4079132,32.97430801
9097280,2020,10/29/2020,1304,5/8/2020,2218,339,ECSO,5,5,4,1304,0,0,0,,0,EAST,4TH ST,BRIGHTON AV,29,S,N,A,-,N,,,,,,,,,,N,2,0,1,2,A,-,11,21954,A,N,G,B,D,A,H,-,C,D,0,Y,,,,Y,,N,60,1,0,0,0,1,0,0,0,0,- ,- ,,,IMPERIAL,EL CENTRO,-115.5525131,32.78969193
90974546,2019,4/24/2019,9625,4/16/2019,1418,18207,,2,2,9,1300,0,1,3,,1,21,SR-111,DOWDEN ROAD,1046,S,N,A,G,Y,,,,,,,,,,Y,3,0,2,1,A,-,0,22017,,N,F,A,A,A,H,-,A,D,0,,,,,Y,,A,1,0,1,1,0,0,0,0,0,0,- ,- ,33.11439133,-115.5161133,IMPERIAL,UNINCORPORATED,-115.5169144,33.08691788
90974548,2019,4/24/2019,9625,4/10/2019,700,17727,,3,1,9,1300,0,3,5,,2,20,KERSHAW ROAD,RUTHERFORD ROAD,8976,N,N,A,-,N,,,,,,,,,,Y,3,0,1,1,A,-,3,22350,,N,F,A,A,A,H,-,A,D,0,,,,,Y,,A,1,0,1,0,0,0,0,0,0,0,- ,- ,33.07049942,-115.507103,IMPERIAL,UNINCORPORATED,-115.5089951,33.06847763
90977045,2019,4/26/2019,9625,4/16/2019,810,22010,,2,1,9,1300,0,1,1,,2,2,INTERSTATE 8 E/B,SR-98,7550,W,N,B,G,Y,,,8,,,,,,E,Y,4,0,1,1,A,-,8,22107,,N,E,I,A,A,H,-,A,D,0,,,,,Y,,A,1,0,0,1,0,0,0,0,0,0,- ,- ,32.72032928,-116.0463409,IMPERIAL,UNINCORPORATED,-116.0463562,32.72037888
90997480,2019,10/3/2019,9625,1/31/2019,318,22010,,4,3,9,1300,0,3,5,,2,50,BOYD ROAD,HIGHLINE ROAD,1179,E,N,A,-,N,,,,,,,,,,N,1,1,0,1,A,-,8,22107,,N,F,A,A,A,H,-,D,D,0,,,,,Y,,M,46,0,0,0,0,0,0,0,0,0,- ,- ,32.90224075,-115.3028412,IMPERIAL,UNINCORPORATED,-115.307663,32.90214157
91004127,2019,7/19/2019,9625,5/29/2019,850,20111,,3,1,9,1300,0,1,3,,1,54,SR-111,WORTHINGTON ROAD,150,S,N,A,-,Y,,,111,,,,,,,N,4,0,2,2,A,-,3,22350,,N,C,C,A,A,H,-,A,A,0,,,,,Y,,-,31,0,0,2,0,0,0,0,0,0,- ,- ,32.84693909,-115.5072098,IMPERIAL,UNINCORPORATED,-115.5074158,32.84685516
91004970,2019,6/6/2019,9620,6/3/2019,1540,18290,,1,2,9,1300,0,2,4,,1,61,OGILBY RD,HYDUKE MINE ROAD,2112,S,N,A,-,N,,,,,,,,,,Y,3,0,4,1,A,-,8,22107,,N,F,A,A,A,H,-,A,D,0,,,,,Y,,A,7,0,1,3,0,0,0,0,0,0,- ,- ,32.92686844,-114.8414993,IMPERIAL,UNINCORPORATED,-114.8414764,32.92693329
91006076,2019,6/10/2019,9625,5/31/2019,1645,19667,,5,2,9,1300,0,2,4,,2,46,DOGWOOD ROAD,STATE ROUTE 98,1489,N,N,A,-,N,,,,,,,,,,Y,4,0,1,1,A,-,8,22107,,N,E,I,A,A,H,-,A,D,0,,,,,Y,,A,1,0,0,1,0,0,0,0,0,0,- ,- ,32.68392944,-115.5336609,IMPERIAL,UNINCORPORATED,-115.5335922,32.68328857
91006148,2019,6/10/2019,9625,5/31/2019,1645,18279,,5,2,9,1300,0,1,3,,2,53,"SR-111, SB",HEBER RD,1584,N,N,A,-,Y,,,111,,,,,,S,Y,3,0,1,3,A,-,3,22350,,N,C,C,A,A,H,-,A,A,0,,,,,Y,,A,8,0,1,0,0,0,0,0,0,0,- ,- ,32.73493958,-115.5005417,IMPERIAL,UNINCORPORATED,-115.5004959,32.73493958
91010746,2019,6/17/2019,9625,6/5/2019,1708,19668,,3,2,9,1300,0,1,1,,2,5,I-8 W/B FROM DOGWOOD ROAD N/B,DOGWOOD ROAD,172,E,N,A,-,Y,,,,,,,,,,Y,3,0,2,1,A,-,3,22350,,N,E,I,A,A,H,-,A,A,0,,,,,Y,,A,7,0,2,0,0,0,0,0,0,0,- ,- ,32.77386093,-115.53479,IMPERIAL,UNINCORPORATED,-115.5346527,32.77390289
91012764,2019,6/18/2019,9625,6/9/2019,230,15619,,7,3,9,1300,0,1,3,,2,53,SR-111 N/B,CHICK RD.,1000,S,N,A,-,Y,,,111,,,,,,N,Y,3,0,1,2,A,-,1,23152,A,F,C,C,A,A,H,-,A,D,0,,,,,Y,Y,A,1,0,1,0,0,0,0,0,0,0,- ,- ,32.7648201,-115.5008926,IMPERIAL,UNINCORPORATED,-115.5009308,32.7648201
91030298,2019,7/15/2019,9620,7/5/2019,754,20555,,5,1,9,1300,0,1,3,,1,63,SR-78 E/B,MILPITAS WASH RD,2376,W,N,A,-,Y,,,78,,,,,,E,Y,3,0,1,1,A,-,8,22107,,N,E,I,A,A,H,-,A,D,0,,,,,Y,,A,7,0,1,0,0,0,0,0,0,0,- ,- ,33.27894974,-114.7845612,IMPERIAL,UNINCORPORATED,-114.7846222,33.27903366
91030527,2019,7/15/2019,9625,7/7/2019,454,20516,,7,3,9,1300,0,1,3,,1,12,SR-86 N/B,BLACK DIAMOND ROAD,2965,N,N,A,-,Y,,,86,,,,,,N,Y,3,0,2,2,A,-,3,22350,,N,C,C,A,A,H,-,D,D,0,,,,,Y,,A,1,0,2,0,0,0,0,0,0,0,- ,- ,33.3653717,-116.0209274,IMPERIAL,UNINCORPORATED,-116.0210037,33.365345
91036567,2019,7/24/2019,9625,1/7/2019,2157,18773,,1,2,9,1300,0,1,1,,2,3,I-8 EASTBOUND,DOGWOOD ROAD,1595,W,N,A,-,Y,,,,,,,,,,Y,1,2,0,2,A,-,5,21651,B,N,A,C,A,A,H,-,D,D,0,,,,,Y,,A,8,0,0,0,0,0,0,0,0,0,- ,- ,32.77368164,-115.5398407,IMPERIAL,UNINCORPORATED,-115.5403671,32.77368164
91041028,2019,7/29/2019,9625,7/22/2019,612,18464,,1,1,9,1300,0,3,5,,2,50,MELOLAND ROAD,CHICK ROAD,710,S,N,A,-,N,,,,,,,,,,N,4,0,1,2,A,-,8,22107,,N,B,C,A,A,H,-,A,D,0,,,,,Y,,M,46,0,0,1,0,0,0,0,0,0,- ,- ,32.76514053,-115.4480209,IMPERIAL,UNINCORPORATED,-115.4480438,32.76519012
91046631,2019,8/6/2019,9625,7/29/2019,1945,19667,,1,2,9,1300,0,3,5,,2,40,LA BRUCHERIE ROAD,WAHL ROAD,0,,Y,A,-,N,,,,,,,,,,Y,4,0,3,2,A,-,12,22450,A,N,D,C,A,A,H,-,B,A,0,,,,,Y,,A,1,0,0,3,0,0,0,0,0,0,- ,- ,32.72375107,-115.5775833,IMPERIAL,UNINCORPORATED,-115.5786896,32.82030869
91059056,2019,8/26/2019,9625,8/19/2019,905,18279,,1,1,9,1300,0,1,3,,1,12,"SR-86, S/B",SR-78,10560,N,N,A,-,Y,,,86,,,,,,S,Y,3,0,1,1,A,-,8,22107,,N,E,I,A,A,H,-,A,D,0,,,,,Y,,A,1,0,1,0,0,0,0,0,0,0,- ,- ,33.15813065,-115.8693314,IMPERIAL,UNINCORPORATED,-115.8694077,33.15809631
9106258,2020,8/24/2020,1304,6/2/2020,359,368,E1,2,5,4,1304,0,0,0,,0,EAST,EUCLID,6TH ST,17,W,N,A,-,N,,,,,,,,,,Y,2,0,1,1,A,-,3,22350,,F,E,I,A,A,H,-,C,D,0,,,,,Y,,A,1,1,0,0,0,0,0,0,0,0,- ,- ,32.79840088,-115.5572891,IMPERIAL,EL CENTRO,-115.5571442,32.79837036
91074115,2019,9/13/2019,9625,9/5/2019,1348,18792,,4,1,9,1300,0,1,1,,2,4,I-8 WESTBOUND,DREW ROAD,501,W,N,A,-,Y,,,,,,,,,,Y,4,0,4,1,A,-,8,22107,,N,F,A,A,A,H,-,A,D,0,,,,,Y,,A,7,0,0,4,0,0,0,0,0,0,- ,- ,32.77399826,-115.9918289,IMPERIAL,UNINCORPORATED,-115.6919632,32.77410126
91076780,2019,9/17/2019,9625,9/5/2019,2038,18792,,4,2,4,1304,1,4,S,,2,901,IMPERIAL AVENUE,ELM AVE,80,N,N,A,-,N,,,,,,,,,,Y,4,0,12,3,A,-,3,22350,,N,C,C,A,A,H,-,C,A,0,,,,,Y,,H,13,0,0,12,0,0,0,0,0,0,- ,- ,32.78665161,-115.5698395,IMPERIAL,EL CENTRO,-115.5697937,32.78665924
91080362,2019,9/23/2019,9625,9/14/2019,1840,18792,,6,2,9,1300,0,3,5,,2,20,WILKINS ROAD,BEAL ROAD,1539,N,N,A,-,N,,,,,,,,,,Y,2,0,1,1,A,-,1,23152,A,N,F,A,A,A,H,-,D,D,0,,,,,Y,Y,A,1,1,0,0,0,0,0,0,0,0,- ,- ,33.24327087,-115.5053711,IMPERIAL,UNINCORPORATED,-115.506958,33.24449158
91083790,2019,9/26/2019,9625,9/17/2019,1010,19667,,2,1,9,1300,0,1,1,,2,1,INTERSTATE 8 E/B,MOUNTAIN SPRINGS ROAD,7394,E,N,A,-,Y,,,8,,,,,,E,Y,3,0,1,1,A,-,8,22107,,N,E,I,A,A,H,-,A,D,0,,,,,Y,,A,1,0,1,0,0,0,0,0,0,0,- ,- ,32.6760788,-116.0739136,IMPERIAL,UNINCORPORATED,-116.0739441,32.6761055
91090402,2019,10/4/2019,9625,9/24/2019,1140,16248,,2,1,9,1300,0,2,4,,2,46,DOGWOOD ROAD,ATEN ROAD,3433,S,N,A,-,N,,,,,,,,,,Y,4,0,1,1,A,-,8,22107,,N,F,A,A,A,H,-,A,D,0,,,,,Y,,A,1,0,0,1,0,0,0,0,0,0,- ,- ,32.8157692,-115.5358429,IMPERIAL,UNINCORPORATED,-115.5356903,32.81604767
91090747,2019,10/4/2019,9625,10/3/2019,730,18930,,4,1,9,1300,0,1,1,,2,4,INTERSTATE 8,8TH STREET,983,E,N,A,-,Y,,,,,,,,,,Y,4,0,1,1,A,-,8,22107,,N,F,I,A,A,H,-,A,D,0,,,,,Y,,A,1,0,0,1,0,0,0,0,0,0,- ,- ,32.77394867,-115.5576401,IMPERIAL,UNINCORPORATED,-115.55793,32.77372742
91090942,2019,10/4/2019,9625,9/21/2019,36,22010,,6,3,4,1304,0,2,S,,2,901,7TH STREET,BROADWAY STREET,0,,Y,A,-,N,,,,,,,,,,Y,4,0,2,2,A,-,12,22450,A,N,D,C,A,A,H,-,C,A,0,,,,,Y,,-,98,0,0,2,0,0,0,0,0,0,- ,- ,32.79386902,-115.5591202,IMPERIAL,EL CENTRO,-115.5591125,32.79386902
91093385,2019,11/5/2019,9625,9/28/2019,1115,17432,,6,1,9,1300,0,3,5,,2,10,BLACK SEA AVE,CERRITO AVE,0,,Y,A,-,N,,,,,,,,,,Y,3,0,2,2,A,-,9,21800,A,N,D,C,A,A,H,-,A,D,0,,,,,Y,,A,1,0,1,1,0,0,0,0,0,0,- ,- ,33.33584976,-115.9751205,IMPERIAL,UNINCORPORATED,-115.9751816,33.33583069
91094921,2019,10/10/2019,9625,10/1/2019,1035,16248,,2,1,9,1300,0,1,3,,1,44,AUSTIN ROAD,SR-86,0,,Y,A,-,Y,,,,,,,,,,Y,3,0,1,2,A,-,9,21802,A,N,D,C,A,A,H,-,A,A,0,,,,,Y,,D,22,0,1,0,0,0,0,0,0,0,- ,- ,32.95043182,-115.567131,IMPERIAL,UNINCORPORATED,-115.56707,32.95045853
91099945,2019,10/17/2019,9625,10/7/2019,1415,17727,,1,2,9,1300,0,3,5,,2,20,SR-78 (W/B),BRANDT ROAD,0,,Y,A,-,N,,,78,,,,,,,Y,4,0,2,3,A,-,9,21803,A,N,D,C,A,A,H,-,A,A,0,,,,,Y,,A,1,0,0,2,0,0,0,0,0,0,- ,- ,33.00040054,-115.5614014,IMPERIAL,UNINCORPORATED,-115.5614014,33.00033569
91101286,2019,10/21/2019,9625,10/9/2019,2011,20054,,3,2,9,1300,0,1,3,,2,53,SR-111,HEBER ROAD,223,S,N,A,-,Y,,,111,,,,,,,Y,4,0,1,2,A,-,3,22350,,N,C,C,A,A,H,-,C,D,0,,,,,Y,,D,22,0,0,1,0,0,0,0,0,0,- ,- ,32.73057175,-115.500061,IMPERIAL,UNINCORPORATED,-115.5004044,32.73056412
91103606,2019,10/23/2019,9625,10/13/2019,1900,17809,,7,2,9,1300,0,2,4,,2,57,STATE ROUTE 115,EVAN HEWES HIGHWAY,0,,Y,A,-,Y,,,115,,,,,,,Y,2,0,9,3,A,-,9,21801,A,N,D,C,A,A,H,-,D,A,0,,,,,Y,,D,22,7,2,0,0,0,0,0,0,0,- ,- ,32.80574036,-115.4062271,IMPERIAL,UNINCORPORATED,-115.4061203,32.80574036
91103671,2019,10/23/2019,9625,10/15/2019,1442,20054,,2,2,9,1300,0,1,1,,2,3,I-8 E/B,DUNAWAY ROAD,1320,W,N,A,-,Y,,,8,,,,,,E,Y,4,0,1,1,C,-,18,,,N,H,A,A,A,H,-,A,D,0,,,,,Y,,-,- ,0,0,1,0,0,0,0,0,0,- ,- ,32.76874924,-115.800293,IMPERIAL,UNINCORPORATED,-115.8003006,32.76878738
91109517,2019,10/30/2019,9625,10/19/2019,500,19225,,6,3,9,1300,0,2,4,,2,57,EVAN HEWES HIGHWAY,BELL ROAD,960,E,N,A,-,N,,,,,,,,,,Y,4,0,1,1,A,-,1,23152,A,N,E,I,A,A,H,-,D,D,0,,,,,Y,Y,A,1,0,0,1,0,0,0,0,0,0,- ,- ,32.80335999,-115.4360275,IMPERIAL,UNINCORPORATED,-115.4360962,32.8033638
9111093,2020,11/2/2020,1304,5/29/2020,1409,GARCIA35,,5,5,4,1304,0,0,0,,0,WEST,BRADSHAW AVE,IMPERIAL AV,0,W,N,A,-,N,,,,,,,,,,Y,3,0,2,2,A,-,9,21804,A,N,D,C,A,A,H,-,A,A,0,,,,,Y,,A,1,0,1,1,0,0,0,0,0,0,- ,- ,32.8111496,-115.5718307,IMPERIAL,EL CENTRO,,
91113666,2019,11/5/2019,9625,10/31/2019,1539,19035,,4,2,9,1300,0,3,5,,2,40,AUSTIN ROAD,I-8 E/B,1800,S,N,A,-,N,,,,,,,,,,Y,3,0,1,1,A,-,8,22107,,N,F,A,A,A,H,-,A,D,0,,,,,Y,,A,8,0,1,0,0,0,0,0,0,0,- ,- ,32.76810074,-115.594902,IMPERIAL,UNINCORPORATED,-115.5950012,32.76812744
91115936,2019,11/7/2019,9625,11/1/2019,1205,13627,,5,1,9,1300,0,1,1,,2,5,INTERSTATE 8 E/B,VAN DER LINDEN ROAD,1348,W,N,A,-,Y,,,8,,,,,,E,Y,2,0,1,1,C,-,18,,,N,E,I,A,A,H,-,A,D,0,,,,,Y,,-,- ,1,0,0,0,0,0,0,0,0,- ,- ,32.77198029,-115.2817383,IMPERIAL,UNINCORPORATED,-115.2818527,32.77172089
91117836,2019,11/12/2019,9625,11/4/2019,1540,18773,,1,2,9,1300,0,1,1,,2,4,I-8 W/B TO FORRESTER ROAD,FORRESTER ROAD,10,E,N,A,-,Y,,,8,,,,R,,W,N,3,0,1,2,A,-,3,22350,,N,C,C,A,A,H,-,A,A,0,,,,,Y,,D,22,0,1,0,0,0,0,0,0,0,- ,- ,32.77502823,-115.6205521,IMPERIAL,UNINCORPORATED,-115.6205521,32.77502823
91122575,2019,11/18/2019,9625,11/10/2019,1510,19225,,7,2,9,1300,0,1,3,,2,52,STATE ROUTE 98,HOLDRIDGE ROAD,14256,E,N,A,-,Y,,,98,,,,,,,Y,3,0,1,1,A,-,8,22107,,N,F,A,A,A,H,-,A,D,0,,,,,Y,,A,1,0,1,0,0,0,0,0,0,0,- ,- ,32.71250153,-115.2323685,IMPERIAL,UNINCORPORATED,-115.2323685,32.7125473
91123294,2019,11/19/2019,9625,11/10/2019,1625,17809,,7,2,9,1300,0,3,5,,2,10,FREDRICKS ROAD,ELDER ROAD,0,,Y,A,-,Y,,,,,,,,,,Y,4,0,3,1,A,-,3,22350,,N,E,I,A,A,H,-,A,A,0,,,,,Y,,A,7,0,0,3,0,0,0,0,0,0,- ,- ,32.99908066,-115.5897827,IMPERIAL,UNINCORPORATED,-115.5897064,32.99895096
91125826,2019,11/21/2019,9625,10/16/2019,2146,13627,,3,2,9,1300,0,1,3,,1,44,STATE ROUTE 86 (NORTHBOUND),AUSTIN ROAD,1353,S,N,A,-,Y,,,86,,,,,,,Y,1,1,0,1,A,-,8,22107,,N,E,I,A,A,H,-,D,D,0,,,,,Y,,D,22,0,0,0,0,0,0,0,0,0,- ,- ,32.9479599,-115.5698471,IMPERIAL,UNINCORPORATED,-115.5699615,32.94799805
91127616,2019,11/22/2019,9625,11/16/2019,2107,19035,,6,2,9,1300,0,2,4,,2,57,EVAN HEWES HIGHWAY W/B,BELL ROAD,300,E,N,A,-,N,,,,,,,,,,N,2,0,1,2,A,-,11,21956,,N,G,B,E,A,H,-,D,D,0,Y,,,,Y,Y,N,60,1,0,0,0,1,0,0,0,0,- ,- ,32.80329895,-115.4378967,IMPERIAL,UNINCORPORATED,-115.4382324,32.80331421
91128699,2019,11/25/2019,9625,11/20/2019,1508,17809,,3,2,9,1300,0,1,1,,2,1,INTERSTATE 8 E/B,IN KO PAH PARK ROAD,7392,E,N,C,-,Y,,,8,,,,,,E,Y,3,0,2,1,C,-,18,,,N,E,J,A,B,C,-,D,D,0,,,,,Y,,-,- ,0,1,1,0,0,0,0,0,0,- ,- ,32.66001129,-116.0984879,IMPERIAL,UNINCORPORATED,-116.098526,32.65995407
91128707,2019,11/25/2019,9620,11/15/2019,1017,14306,,5,1,9,1300,0,1,3,,1,62,SR-186,ALL AMERICAN CANAL,1320,S,N,A,-,Y,,,186,,,,,,,Y,3,0,2,2,A,-,5,21460,A,N,A,C,A,A,H,-,A,D,0,,,,,Y,,A,7,0,2,0,0,0,0,0,0,0,- ,- ,32.7315712,-114.7170029,IMPERIAL,UNINCORPORATED,-114.7169571,32.73155212
9113700,2020,8/24/2020,1304,6/8/2020,1709,363,EWEST,1,5,4,1304,0,0,0,,0,WEST,8TH ST,WAKE,781,N,N,A,-,N,,,,,,,,,,Y,3,0,2,2,A,-,3,22350,,N,C,C,A,A,H,-,A,D,0,,,,,Y,,A,1,0,2,0,0,0,0,0,0,0,- ,- ,,,IMPERIAL,EL CENTRO,-115.5610886,32.77277374
91157461,2019,1/2/2020,9625,12/23/2019,450,20516,,1,3,9,1300,0,1,3,,1,12,S/B SR-86,BORREGO SALTON SEAWAY,0,,Y,B,-,Y,,,86,,,,,,,Y,4,0,1,2,A,-,9,21453,C,N,D,C,A,A,H,-,C,A,0,,,,,Y,,A,1,0,0,1,0,0,0,0,0,0,- ,- ,33.27893829,-115.964447,IMPERIAL,UNINCORPORATED,-115.9643402,33.27902603
91161285,2019,1/14/2020,9625,12/29/2019,134,20263,,7,3,9,1300,0,1,3,,2,53,SR-111,SR-86,0,,Y,A,-,Y,,,111,,,,,,,Y,2,0,4,2,A,-,1,23153,A,N,D,C,A,A,H,-,C,A,0,,,,,Y,Y,D,22,3,1,0,0,0,0,0,0,0,- ,- ,32.73065186,-115.5003204,IMPERIAL,UNINCORPORATED,-115.5004044,32.73064804
91170046,2020,1/22/2020,9625,1/10/2020,610,17727,,5,1,9,1300,0,3,5,,2,20,BLAIR ROAD,LINDSEY ROAD,5,N,N,A,-,N,,,,,,,,,,Y,4,0,1,1,A,-,8,22107,,N,E,I,A,A,H,-,E,D,0,,,,,Y,,A,1,0,0,1,0,0,0,0,0,0,- ,- ,33.14749908,-115.4932022,IMPERIAL,UNINCORPORATED,-115.4932098,33.14753342
91173409,2020,1/24/2020,9625,1/21/2020,605,20054,,2,1,9,1300,0,3,5,,2,40,BROCKMAN ROAD,MCCABE ROAD,151,S,N,B,-,N,,,,,,,,,,Y,3,0,3,2,A,-,5,21460,A,N,A,C,A,B,H,-,B,D,0,,,,Y,Y,,D,22,0,1,2,0,0,0,0,0,0,- ,- ,32.75189972,-115.6377792,IMPERIAL,UNINCORPORATED,-115.637825,32.75200653
91179729,2020,2/4/2020,9625,1/23/2020,810,17055,,4,1,9,1300,0,3,5,,2,10,S. MARINA DRIVE,SHORES OASIS STREET,40,W,N,A,-,N,,,,,,,,,,Y,3,0,1,2,A,-,3,22350,,N,C,C,A,A,H,-,A,A,0,,,,,Y,,A,7,0,1,0,0,0,0,0,0,0,- ,- ,33.2881813,-115.9633636,IMPERIAL,UNINCORPORATED,-115.9633942,33.28816605
91179995,2020,2/4/2020,9625,1/28/2020,1715,18464,,2,2,9,1300,0,1,3,,2,24,SR-78,HASTAIN ROAD,491,W,N,A,-,Y,,,78,,,,,,,Y,2,0,1,1,A,-,8,22107,,N,E,I,A,A,H,-,A,D,0,,,,,Y,,D,22,1,0,0,0,0,0,0,0,0,- ,- ,32.97441864,-115.4078293,IMPERIAL,UNINCORPORATED,-115.4078217,32.97441483
91181715,2020,2/6/2020,9625,1/27/2020,1330,17432,,1,1,9,1300,0,1,1,,2,3,INTERSTATE 8 (E/B),SILSBEE ROAD,1814,E,N,A,-,Y,,,8,,,,,,,Y,2,0,4,2,A,-,3,22350,,N,C,C,A,A,H,-,A,D,0,,,,,Y,,A,7,1,3,0,0,0,0,0,0,0,- ,- ,32.77376938,-115.6398392,IMPERIAL,UNINCORPORATED,-115.6398392,32.77371597
91184557,2020,2/11/2020,9625,1/31/2020,1033,19667,,5,1,9,1300,0,1,3,,2,25,SR-78,GREEN ROAD,0,,Y,A,-,Y,,,78,,,,,,,N,3,0,1,2,A,-,5,21752,D,N,B,C,A,A,H,-,A,A,0,,,,,Y,,A,7,0,1,0,0,0,0,0,0,0,- ,- ,32.97475815,-115.3236618,IMPERIAL,UNINCORPORATED,-115.3236618,32.97476196
91184653,2019,2/11/2020,9625,11/8/2019,315,20111,,5,3,9,1300,0,3,5,,2,10,NORM NIVER ROAD,NURSERY ROAD,390,S,N,A,-,N,,,,,,,,,,Y,1,1,1,2,A,-,8,22107,,N,B,C,A,A,H,-,D,D,0,,,,,Y,Y,A,1,0,1,0,0,0,0,0,0,0,- ,- ,33.35625839,-116.0193634,IMPERIAL,UNINCORPORATED,-116.0201416,33.35671616
91189599,2020,2/19/2020,9625,2/10/2020,1305,19225,,1,1,9,1300,0,1,1,,2,4,INTERSTATE 8 W/B,IMPERIAL HIGHWAY,1056,E,N,B,C,Y,,,8,,,,,,W,Y,4,0,1,1,A,-,3,22350,,N,E,I,A,B,H,-,A,D,0,,,,,Y,,A,1,0,0,1,0,0,0,0,0,0,- ,- ,32.74332809,-115.9606476,IMPERIAL,UNINCORPORATED,-115.9606628,32.74339676
91190072,2019,2/20/2020,9625,12/5/2019,1723,19035,,4,2,9,1300,0,1,3,,1,54,STATE ROUTE 111 SOUTHBOUND,ATEN ROAD,1584,S,N,A,-,Y,,,111,,,,,,S,Y,1,1,1,2,A,-,5,21651,B,N,A,C,A,A,H,-,D,D,0,,,,,Y,,A,1,1,0,0,0,0,0,0,0,0,- ,- ,32.82360077,-115.5003967,IMPERIAL,UNINCORPORATED,-115.5002365,32.82359695
91192160,2020,2/24/2020,9625,2/14/2020,1726,20054,,5,2,9,1300,0,1,3,,1,12,SR-86 N/B,SUNRISE DRIVE,865,S,N,A,-,Y,,,86,,,,,,N,Y,4,0,1,1,A,-,8,22107,,N,F,A,A,A,H,-,A,D,0,,,,,Y,,D,22,0,0,1,0,0,0,0,0,0,- ,- ,33.28736877,-115.9701385,IMPERIAL,UNINCORPORATED,-115.9701767,33.28734589
91194902,2020,2/27/2020,9625,2/22/2020,1520,18464,,6,2,9,1300,0,1,3,,1,22,SR-111,RANGE ROAD,1900,S,N,A,-,Y,,,,,,,,,,Y,4,0,2,2,A,-,3,22350,,N,C,C,A,A,H,-,A,D,0,,,,,Y,,A,7,0,0,2,0,0,0,0,0,0,- ,- ,33.35451889,-115.7658234,IMPERIAL,UNINCORPORATED,-115.7659073,33.36455917
9120250,2020,9/17/2020,1304,6/30/2020,1729,320,EAST,2,5,4,1304,0,0,0,,0,EAST,FOURTH,SMOKETREE,0,,Y,A,-,Y,IMP,11,86,-,-,6.114,I,5,S,Y,4,0,1,3,A,-,9,21801,A,N,D,C,A,A,H,-,A,D,0,,,,,Y,,-,,0,0,1,0,0,0,0,0,0,- ,- ,,,IMPERIAL,EL CENTRO,-115.5522766,32.77537155
91209430,2020,3/16/2020,9625,3/6/2020,705,17809,,5,1,9,1300,0,3,5,,2,10,ARROWHEAD AVENUE,PACIFIC STREET,0,,Y,A,-,N,,,,,,,,,,Y,3,0,3,2,A,-,9,21800,A,N,D,C,A,A,H,-,A,D,0,,,,,Y,,A,8,0,1,2,0,0,0,0,0,0,- ,- ,33.3289299,-115.9551163,IMPERIAL,UNINCORPORATED,-115.9552078,33.32888031