CASE_ID,ACCIDENT_YEAR,PROC_DATE,JURIS,COLLISION_DATE,COLLISION_TIME,OFFICER_ID,REPORTING_DISTRICT,DAY_OF_WEEK,CHP_SHIFT,POPULATION,CNTY_CITY_LOC,SPECIAL_COND,BEAT_TYPE,CHP_BEAT_TYPE,CITY_DIVISION_LAPD,CHP_BEAT_CLASS,BEAT_NUMBER,PRIMARY_RD,SECONDARY_RD,DISTANCE,DIRECTION,INTERSECTION,WEATHER_1,WEATHER_2,STATE_HWY_IND,CALTRANS_COUNTY,CALTRANS_DISTRICT,STATE_ROUTE,ROUTE_SUFFIX,POSTMILE_PREFIX,POSTMILE,LOCATION_TYPE,RAMP_INTERSECTION,SIDE_OF_HWY,TOW_AWAY,COLLISION_SEVERITY,NUMBER_KILLED,NUMBER_INJURED,PARTY_COUNT,PRIMARY_COLL_FACTOR,PCF_CODE_OF_VIOL,PCF_VIOL_CATEGORY,PCF_VIOLATION,PCF_VIOL_SUBSECTION,HIT_AND_RUN,TYPE_OF_COLLISION,MVIW,PED_ACTION,ROAD_SURFACE,ROAD_COND_1,ROAD_COND_2,LIGHTING,CONTROL_DEVICE,CHP_ROAD_TYPE,PEDESTRIAN_ACCIDENT,BICYCLE_ACCIDENT,MOTORCYCLE_ACCIDENT,TRUCK_ACCIDENT,NOT_PRIVATE_PROPERTY,ALCOHOL_INVOLVED,STWD_VEHTYPE_AT_FAULT,CHP_VEHTYPE_AT_FAULT,COUNT_SEVERE_INJ,COUNT_VISIBLE_INJ,COUNT_COMPLAINT_PAIN,COUNT_PED_KILLED,COUNT_PED_INJURED,COUNT_BICYCLIST_KILLED,COUNT_BICYCLIST_INJURED,COUNT_MC_KILLED,COUNT_MC_INJURED,PRIMARY_RAMP,SECONDARY_RAMP,LATITUDE,LONGITUDE,COUNTY,CITY,POINT_X,POINT_Y
91213157,2020,3/20/2020,9620,3/18/2020,1312,20738,,3,1,9,1300,0,1,1,,2,81,I-8 EASTBOUND,GRAYS WELLS RD,2640,W,N,B,C,Y,,,8,,,,,,E,Y,3,0,1,1,A,-,3,22350,,N,E,I,A,B,H,-,A,D,0,,,,,Y,,A,1,0,1,0,0,0,0,0,0,0,- ,- ,32.73743057,-114.8889618,IMPERIAL,UNINCORPORATED,-114.8889465,32.73739624
91213667,2020,3/23/2020,9625,3/17/2020,640,16248,,2,1,9,1300,0,2,4,,2,57,EVAN HEWES HIGHWAY E/B,MCCONNELL ROAD,112,W,N,B,-,N,,,,,,,,,,N,4,0,3,2,A,-,3,22350,,N,C,C,A,A,H,-,A,D,0,,,,,Y,,A,7,0,0,3,0,0,0,0,0,0,- ,- ,32.80310822,-115.4844208,IMPERIAL,UNINCORPORATED,-115.4843597,32.80331421
91223463,2020,4/9/2020,9625,4/4/2020,2224,19035,,6,3,9,1300,0,1,3,,1,44,SR-86 S/B,SCHARTZ ROAD,400,S,N,A,-,Y,,,86,,,,,,S,N,4,0,1,2,A,-,11,21956,,N,G,B,E,A,H,-,D,D,0,Y,,,,Y,,N,60,0,0,1,0,1,0,0,0,0,- ,- ,32.94049835,-115.5701981,IMPERIAL,UNINCORPORATED,-115.5700912,32.94050217
91226142,2020,4/15/2020,9625,4/10/2020,1640,18792,,5,2,9,1300,0,2,4,,2,47,FORRESTER ROAD,BAUGHMAN ROAD,1320,S,N,B,C,N,,,,,,,,,,Y,4,0,1,1,A,-,8,22107,,N,E,I,A,B,H,-,A,D,0,,,,Y,Y,,G,25,0,0,1,0,0,0,0,0,0,- ,- ,33.026371,-115.621582,IMPERIAL,UNINCORPORATED,-115.6215363,33.02649307
91227105,2020,4/20/2020,9625,4/17/2020,740,17727,,5,1,9,1300,0,1,3,,1,21,SR-111,DAVIS ROAD,612,N,N,A,-,Y,,,111,,,,,,,Y,3,0,1,1,A,-,8,22107,,N,E,I,A,A,H,-,A,D,0,,,,Y,Y,,G,25,0,1,0,0,0,0,0,0,0,- ,- ,33.28607941,-115.5795212,IMPERIAL,UNINCORPORATED,-115.5796051,33.28601074
91229182,2020,4/24/2020,9625,4/22/2020,500,19667,,3,3,9,1300,0,1,3,,1,54,S/B SR-111,ATEN ROAD,60,N,N,A,-,Y,,,111,,,,,,,Y,3,0,2,2,A,-,3,22350,,N,C,C,A,A,H,-,B,A,0,,,,Y,Y,,G,25,0,1,1,0,0,0,0,0,0,- ,- ,32.82587051,-115.5003662,IMPERIAL,UNINCORPORATED,-115.5001984,32.8258667
91238571,2020,5/18/2020,9620,5/14/2020,1544,19582,,4,2,9,1300,0,1,3,,1,63,SR-78 (BEN HULSE HIGHWAY),IMPERIAL GABLES RD,10560,E,N,A,-,Y,,,78,,,,,,,Y,4,0,1,1,A,-,8,22107,,N,E,I,A,A,H,-,A,D,0,,,,,Y,,D,22,0,0,1,0,0,0,0,0,0,- ,- ,33.15697098,-114.8689575,IMPERIAL,UNINCORPORATED,-114.8689117,33.15697098
91253812,2020,6/18/2020,9625,6/12/2020,935,16248,,5,1,9,1300,0,1,3,,2,53,SR-111 N/B,I-8 W/B,75,N,N,A,-,Y,,,111,,,,,,N,Y,3,0,2,2,A,-,7,21658,A,N,B,C,A,A,H,-,A,D,0,,,,,Y,,D,22,0,2,0,0,0,0,0,0,0,- ,- ,32.77415848,-115.501091,IMPERIAL,UNINCORPORATED,-115.5012283,32.77415466
9125465,2020,9/17/2020,1304,7/4/2020,1900,344,EEAST,6,5,4,1304,0,0,0,,0,EAST,HOLT,SECOND ST,145,E,N,A,-,N,,,,,,,,,,N,3,0,3,4,A,-,3,22350,,N,B,B,E,A,H,-,A,D,0,Y,,,,Y,,-,,0,2,1,0,3,0,0,0,0,- ,- ,,,IMPERIAL,EL CENTRO,-115.5456696,32.78775024
91254967,2020,6/22/2020,9625,6/14/2020,345,22010,,7,3,9,1300,0,1,1,,2,3,INTERSTATE 8 E/B,SR-115,5069,E,N,A,-,Y,,,8,,,,,,E,Y,4,0,1,1,A,-,1,23152,A,N,E,I,A,A,H,-,D,D,0,,,,,Y,Y,A,1,0,0,1,0,0,0,0,0,0,- ,- ,32.76519012,-115.2714081,IMPERIAL,UNINCORPORATED,-115.2714005,32.76522064
91259057,2020,6/26/2020,9625,6/25/2020,2205,22010,,4,3,9,1300,0,2,4,,2,45,EVAN HEWES HIGHWAY,FORRESTER ROAD,1426,E,N,A,-,N,,,,,,,,,,Y,4,0,1,1,A,-,8,22107,,N,F,A,A,A,H,-,D,D,0,,,,,Y,,A,1,0,0,1,0,0,0,0,0,0,- ,- ,32.79666901,-115.6173401,IMPERIAL,UNINCORPORATED,-115.6161728,32.7965889
91265779,2020,7/9/2020,9620,7/3/2020,2144,19953,,5,2,9,1300,0,1,1,,2,81,I-8 W/B,SANDS HILL REST AREA,7920,W,N,A,-,Y,,,8,,,,,,W,Y,2,0,1,1,A,-,8,22107,,N,F,A,A,A,H,-,D,D,0,,,,,Y,,A,1,1,0,0,0,0,0,0,0,0,- ,- ,32.71619034,-114.919548,IMPERIAL,UNINCORPORATED,-114.9195404,32.71617889
91273905,2020,7/24/2020,9625,7/14/2020,2005,20263,,2,2,9,1300,0,1,1,,2,3,I-8 E/B,WESTSIDE MAIN CANAL,200,W,N,A,-,Y,,,8,,,,,,E,Y,2,0,4,1,A,-,8,22107,,N,E,J,A,A,H,-,D,D,0,,,,,Y,,D,22,3,0,1,0,0,0,0,0,0,- ,- ,32.77299118,-115.7754822,IMPERIAL,UNINCORPORATED,-115.7754822,32.77306747
91274003,2020,7/24/2020,9625,7/18/2020,330,20738,,6,3,9,1300,0,1,3,,2,24,SR-78,WHITLOCK ROAD,193,W,N,A,-,Y,,,78,,,,,,,Y,4,0,1,1,A,-,8,22107,,N,E,J,A,A,H,-,D,D,0,,,,,Y,,A,1,0,0,1,0,0,0,0,0,0,- ,- ,32.97491074,-115.2970886,IMPERIAL,UNINCORPORATED,-115.2970886,32.97494125
91286208,2020,8/14/2020,9625,8/7/2020,830,17809,,5,1,9,1300,0,3,5,,2,40,IMLER ROAD,HUFF ROAD,261,E,N,A,-,N,,,,,,,,,,Y,3,0,1,1,A,-,3,22350,,N,F,A,A,A,H,-,A,D,0,,,,,Y,,A,1,0,1,0,0,0,0,0,0,0,- ,- ,32.9251709,-115.6977463,IMPERIAL,UNINCORPORATED,-115.715332,32.90890884
91288528,2020,8/18/2020,9625,8/13/2020,1930,19668,,4,2,9,1300,0,2,4,,2,57,EVAN HEWES HIGHWAY E/B,BARBARA WORTH ROAD,0,,Y,A,-,N,,,,,,,,,,Y,3,0,2,2,A,-,9,21804,A,N,D,C,A,A,H,-,B,D,0,,,,,Y,,A,1,0,1,1,0,0,0,0,0,0,- ,- ,32.8033905,-115.4304504,IMPERIAL,UNINCORPORATED,-115.4304886,32.80374908
91297173,2020,9/1/2020,9625,8/27/2020,1458,18792,,4,2,9,1300,0,1,3,,1,44,SR-86 N/B,CAREY ROAD,261,S,N,A,-,Y,,,86,,,,,,N,Y,3,0,4,2,A,-,3,22350,,N,D,C,A,A,H,-,A,D,0,,,,,Y,,A,7,0,1,3,0,0,0,0,0,0,- ,- ,32.92618942,-115.5699005,IMPERIAL,UNINCORPORATED,-115.5700378,32.92618942
91299021,2020,9/4/2020,9625,8/28/2020,610,16248,,5,1,9,1300,0,1,1,,2,6,SR-111 N/B TO I-8 W/B,I-8 W/B,314,N,N,A,-,Y,,,111,,,,R,,N,Y,4,0,2,1,A,-,3,22350,,N,F,A,A,A,H,-,A,D,0,,,,,Y,,A,7,0,0,2,0,0,0,0,0,0,- ,- ,32.77273941,-115.5018082,IMPERIAL,UNINCORPORATED,-115.5018082,32.77273941
91301863,2020,9/9/2020,9625,8/30/2020,2050,20263,,7,2,9,1300,0,1,3,,1,12,SR-86 N/B,DESERT SHORES DRIVE,72,S,N,A,-,Y,,,86,,,,,,N,Y,3,0,1,2,A,-,1,23152,A,N,C,C,A,A,H,-,C,D,0,,,,Y,Y,Y,D,22,0,1,0,0,0,0,0,0,0,- ,- ,33.40565872,-116.0458832,IMPERIAL,UNINCORPORATED,-116.0459366,33.40564728
91307496,2020,9/18/2020,9625,9/14/2020,1835,18368,,1,2,9,1300,0,3,5,,2,50,WORTHINGTON ROAD,COOLEY ROAD,1300,W,N,A,-,N,,,,,,,,,,Y,4,0,1,1,A,-,8,22107,,N,E,I,A,A,H,-,D,D,0,,,,,Y,,A,1,0,0,1,0,0,0,0,0,0,- ,- ,32.84743881,-115.523262,IMPERIAL,UNINCORPORATED,-115.5226822,32.84737015
9131137,2020,9/12/2020,1301,6/6/2020,635,908,BRAWL,6,5,3,1301,0,0,0,,0,0B1,MAIN,2ND,83,W,N,A,-,N,,,,,,,,,,Y,4,0,1,2,-,-,- ,,,N,C,E,A,A,H,-,A,D,0,,,,,Y,,-,- ,0,0,1,0,0,0,0,0,0,- ,- ,,,IMPERIAL,BRAWLEY,-115.5397186,32.97863007
91314478,2020,9/29/2020,9620,9/26/2020,1800,20054,,6,2,9,1300,0,3,5,,2,70,HOPPE RD,MCDANIEL RD,822,E,N,A,-,N,,,,,,,,,,Y,3,0,1,1,A,-,8,22107,,N,E,I,A,A,H,-,A,D,0,,,,,Y,,A,1,0,1,0,0,0,0,0,0,0,- ,- ,32.79270172,-114.5705719,IMPERIAL,UNINCORPORATED,-114.570694,32.79273224
91321174,2020,10/9/2020,9625,9/29/2020,2115,22010,,2,2,9,1300,0,1,3,,2,56,SR-115,COOPER ROAD,677,N,N,A,-,Y,,,115,,,,,,,Y,3,0,1,1,A,-,1,23152,A,N,F,A,A,A,H,-,D,D,0,,,,,Y,,A,1,0,1,0,0,0,0,0,0,0,- ,- ,32.90980911,-115.4058609,IMPERIAL,UNINCORPORATED,-115.4062424,32.90980911
91326741,2020,10/20/2020,9625,10/9/2020,2000,18930,,5,2,9,1300,0,3,5,,2,50,BOWKER ROAD,SR-98,575,S,N,A,-,N,,,,,,,,,,Y,4,0,1,1,A,-,1,23152,A,N,E,I,A,A,H,-,C,D,0,,,,,Y,Y,A,1,0,0,1,0,0,0,0,0,0,- ,- ,32.68560028,-115.4653015,IMPERIAL,UNINCORPORATED,-115.4653473,32.68481827
91331577,2020,10/26/2020,9625,9/6/2020,1340,18368,,7,1,9,1300,0,1,1,,2,4,I-8 W/B,FORRESTER ROAD,2537,E,N,A,-,Y,,,8,,,,,,W,Y,1,2,2,2,A,-,8,22107,,N,A,C,A,A,H,-,A,D,0,,,,,Y,,A,1,2,0,0,0,0,0,0,0,0,- ,- ,32.77399063,-115.6122894,IMPERIAL,UNINCORPORATED,-115.6122894,32.77403641
91333070,2020,10/28/2020,9625,10/19/2020,1030,19668,,1,1,9,1300,0,1,3,,1,44,SR-86 N/B,WEAVER ROAD,15,S,N,A,-,Y,,,86,,,,,,N,Y,3,0,2,2,A,-,1,23152,A,F,B,C,A,A,H,-,A,D,0,,,,,Y,Y,A,1,0,1,1,0,0,0,0,0,0,- ,- ,32.93701172,-115.5699081,IMPERIAL,UNINCORPORATED,-115.5700607,32.9370079
91333511,2020,10/28/2020,9625,10/18/2020,448,22010,,7,3,9,1300,0,3,5,,2,40,GULLETT ROAD,WORTHINGTON ROAD,2851,S,N,A,-,N,,,,,,,,,,Y,4,0,1,2,A,-,3,22350,,N,C,C,A,A,H,-,C,D,0,,,,,Y,,A,1,0,0,1,0,0,0,0,0,0,- ,- ,32.83943939,-115.6379166,IMPERIAL,UNINCORPORATED,-115.6379471,32.83960724
91336475,2020,11/2/2020,9620,10/31/2020,320,19360,,6,3,9,1300,0,1,1,,2,82,INTERSTATE 8 EASTBOUND,SIDEWINDER RD,8448,W,N,A,-,Y,,,8,,,,,,E,Y,4,0,1,2,A,-,3,22350,,N,C,C,A,A,H,-,D,D,0,,,,,Y,,A,1,0,0,1,0,0,0,0,0,0,- ,- ,32.75102997,-114.7817307,IMPERIAL,UNINCORPORATED,-114.7817154,32.75110245
91336997,2020,11/2/2020,9620,10/23/2020,1838,18464,,5,2,9,1300,0,1,1,,2,81,I-8 (E/B),SAND HILLS OVERCROSS,5000,W,N,A,-,Y,,,8,,,,,,,Y,3,0,2,1,A,-,8,22107,,N,F,A,A,A,H,-,D,D,0,,,,,Y,,D,22,0,2,0,0,0,0,0,0,0,- ,- ,32.73410034,-114.8974762,IMPERIAL,UNINCORPORATED,-114.897522,32.73419189
91341916,2020,11/9/2020,9625,11/5/2020,2120,18368,,4,2,9,1300,0,1,1,,2,5,DOGWOOD ROAD TO I-8 E/B,DOGWOOD ROAD,550,E,N,A,-,Y,,,,,,,,,,Y,4,0,1,1,A,-,1,23152,A,N,E,I,A,A,H,-,C,D,0,,,,,Y,Y,D,22,0,0,1,0,0,0,0,0,0,- ,- ,,,IMPERIAL,UNINCORPORATED,,
91343527,2020,11/11/2020,9620,11/9/2020,1443,20054,,1,2,9,1300,0,1,3,,1,63,SR-78,OGILBY RD,42,E,N,A,-,Y,,,78,,,,,,,Y,3,0,1,1,A,-,12,22450,A,N,E,I,A,A,H,-,A,A,0,,,,,Y,,A,7,0,1,0,0,0,0,0,0,0,- ,- ,33.08568954,-114.9110031,IMPERIAL,UNINCORPORATED,-114.9109726,33.08561325
91348586,2020,11/19/2020,9620,11/13/2020,720,19333,,5,1,9,1300,0,1,3,,1,62,SR-186,I-8 E/B,10032,S,N,A,-,Y,,,186,,,,,,,Y,3,0,2,2,C,-,18,,,N,C,D,A,A,H,-,A,D,0,,,,,Y,,-,- ,0,1,1,0,0,0,0,0,0,- ,- ,32.71916962,-114.7273407,IMPERIAL,UNINCORPORATED,-114.7272949,32.71912766
91351759,2020,11/23/2020,9625,11/12/2020,1630,18368,,4,2,9,1300,0,1,1,,2,1,I-8 (E/B),SR-98,8818,W,N,A,-,Y,,,8,,,,,,,Y,4,0,1,1,A,-,8,22107,,N,E,J,A,A,H,-,A,A,0,,,,,Y,,A,1,0,0,1,0,0,0,0,0,0,- ,- ,32.71987152,-116.047493,IMPERIAL,UNINCORPORATED,-116.0475006,32.71988678
91362328,2020,12/9/2020,9625,11/29/2020,1505,18368,,7,2,9,1300,0,1,3,,1,42,SR-98,MOLITAR ROAD,91,W,N,A,-,Y,,,98,,,,,,,Y,3,0,1,1,C,-,18,,,N,E,I,A,A,H,-,A,D,0,,,,,Y,,-,- ,0,1,0,0,0,0,0,0,0,- ,- ,32.72153854,-115.9628067,IMPERIAL,UNINCORPORATED,-115.9628143,32.7215004
91362332,2020,2/24/2021,9625,11/27/2020,1550,18933,,5,2,9,1300,0,1,3,,2,13,SR-78,OLD MINE ROAD,4167,W,N,A,-,Y,,,78,,,,,,,Y,3,0,3,2,A,-,9,21804,A,N,B,C,A,A,H,-,B,D,0,,,,,Y,,A,42,0,2,1,0,0,0,0,0,0,- ,- ,33.12895966,-116.0693817,IMPERIAL,UNINCORPORATED,-116.0693588,33.12905121
91364608,2020,12/11/2020,9625,12/2/2020,930,16248,,3,1,9,1300,0,3,5,,2,40,KEYSTONE ROAD,SR-86 N/B,2974,E,N,A,-,N,,,,,,,,,,Y,4,0,1,1,A,-,8,22107,,N,F,A,A,A,H,-,A,D,0,,,,,Y,,A,1,0,0,1,0,0,0,0,0,0,- ,- ,32.91265106,-115.5595703,IMPERIAL,UNINCORPORATED,,
91376224,2020,12/28/2020,9625,12/18/2020,1455,19667,,5,2,9,1300,0,1,3,,1,21,RUTHERFORD ROAD,STATE ROUTE 111,0,,Y,A,-,Y,,,,,,,,,,Y,3,0,1,1,A,-,3,22350,,N,F,A,A,A,H,-,A,A,0,,,,Y,Y,,F,25,0,1,0,0,0,0,0,0,0,- ,- ,33.04487991,-115.527359,IMPERIAL,UNINCORPORATED,-115.5273514,33.04454041
91386074,2021,1/12/2021,9620,1/8/2021,1342,17837,Quech,5,1,9,1300,0,1,1,,2,82,I-8 E/B TO WINTERHAVEN DR. S/B,WINTERHAVEN DR.,0,,Y,A,-,Y,,,8,,,,R,,E,Y,4,0,1,2,A,-,9,21802,A,N,B,C,A,A,D,-,A,A,0,,,,,Y,,A,1,0,0,1,0,0,0,0,0,0,- ,- ,32.73149872,-114.6247025,IMPERIAL,UNINCORPORATED,-114.6247025,32.73149872
91386743,2021,1/13/2021,9625,1/8/2021,1314,18933,,5,1,9,1300,0,2,4,,2,46,DOGWOOD ROAD,CORRELL ROAD,643,S,N,A,-,N,,,,,,,,,,Y,4,0,2,3,A,-,3,22350,,N,C,C,A,A,H,-,A,D,0,,,,,Y,,A,7,0,0,2,0,0,0,0,0,0,- ,- ,32.7364006,-115.5345306,IMPERIAL,UNINCORPORATED,-115.5345459,32.73616409
91386801,2021,1/13/2021,9625,1/12/2021,835,16248,,2,1,9,1300,0,1,3,,1,51,SR-7 N/B,HEBER ROAD,0,,Y,A,-,Y,,,7,,,,,,N,N,4,0,1,2,A,-,9,21802,A,N,D,C,A,A,H,-,A,A,0,,,,Y,Y,,F,27,0,0,1,0,0,0,0,0,0,- ,- ,32.73086166,-115.3819885,IMPERIAL,UNINCORPORATED,-115.3820496,32.73085785
91387380,2021,1/14/2021,9620,1/5/2021,720,16222,,2,1,9,1300,0,2,4,,1,75,S-24 (MEHRING RD),S-24 (YORK RD),0,,Y,A,-,N,,,,,,,,,,Y,4,0,1,1,A,-,8,22107,,M,F,A,A,A,H,-,A,D,0,,,,,Y,,A,1,0,0,1,0,0,0,0,0,0,- ,- ,,,IMPERIAL,UNINCORPORATED,,
91388942,2021,1/18/2021,9625,1/12/2021,1541,19582,,2,2,9,1300,0,1,1,,2,1,I-8 E/B,MOUNTAIN SPRINGS ROAD,7920,E,N,A,-,Y,,,8,,,,,,E,Y,4,0,1,1,A,-,8,22107,,N,E,I,A,A,H,-,A,A,0,,,,Y,Y,,G,25,0,0,1,0,0,0,0,0,0,- ,- ,32.67422104,-116.0754395,IMPERIAL,UNINCORPORATED,-116.0754623,32.67424774
91388971,2021,1/18/2021,9625,1/16/2021,945,16248,,6,1,9,1300,0,1,3,,2,53,SR-111 S/B,JASPER ROAD,2218,N,N,A,-,Y,,,111,,,,,,S,N,4,0,1,2,A,-,3,22350,,N,C,C,A,A,H,-,A,D,0,,,,,Y,,D,22,0,0,1,0,0,0,0,0,0,- ,- ,32.71480942,-115.4997025,IMPERIAL,UNINCORPORATED,-115.4994736,32.71481323
91389595,2021,1/18/2021,9625,1/15/2021,1513,19582,,5,2,9,1300,0,1,3,,1,42,SR-98,BROCKMAN ROAD,0,,Y,A,-,Y,,,98,,,,,,,Y,2,0,2,2,A,-,9,21802,A,N,D,C,A,A,H,-,A,A,0,,,,,Y,,A,1,1,1,0,0,0,0,0,0,0,- ,- ,32.67913055,-115.6385498,IMPERIAL,UNINCORPORATED,-115.6385498,32.67923737
91389599,2021,1/18/2021,9625,1/16/2021,1845,18468,,6,2,9,1300,0,1,1,,2,6,INTERSTATE 8 (W/B),STATE ROUTE 111,2800,E,N,A,-,Y,,,,,,,,,,N,4,0,1,2,A,-,7,21658,A,N,B,C,A,A,H,-,D,D,0,,,,,Y,,A,7,0,0,1,0,0,0,0,0,0,- ,- ,32.72383118,-115.4918976,IMPERIAL,UNINCORPORATED,-115.501091,32.77386093
91390744,2020,1/19/2021,9625,11/24/2020,1905,19225,,2,2,9,1300,0,1,3,,2,52,SR-98,ANDERHOLT ROAD,2321,W,N,A,-,Y,,,98,,,,,,,N,1,1,0,2,A,-,11,21956,A,N,G,B,E,A,H,-,D,D,0,Y,,,Y,Y,,N,60,0,0,0,1,0,0,0,0,0,- ,- ,32.69388962,-115.4204483,IMPERIAL,UNINCORPORATED,-115.4204483,32.69382477
91390755,2020,1/19/2021,9625,9/29/2020,1808,19225,,2,2,9,1300,0,1,1,,2,5,INTERSTATE 8 E/B,DOGWOOD ROAD,2528,E,N,A,-,Y,,,8,,,,,,E,Y,1,2,0,4,A,-,1,23152,F,N,B,E,E,A,H,-,A,D,0,Y,,,,Y,,A,1,0,0,0,2,0,0,0,0,0,- ,- ,32.77381134,-115.5269699,IMPERIAL,UNINCORPORATED,-115.5269699,32.77371979
91394656,2021,1/26/2021,9625,1/20/2021,1246,17075,,3,1,9,1300,0,3,5,,2,50,ATEN ROAD,COOLEY ROAD,1056,W,N,C,-,N,,,,,,,,,,Y,4,0,1,1,A,-,3,22350,,N,E,I,A,B,H,-,A,D,0,,,,,Y,,A,1,0,0,1,0,0,0,0,0,0,- ,- ,32.8255806,-115.523941,IMPERIAL,UNINCORPORATED,-115.5219574,32.82553482
91398569,2021,1/29/2021,9625,1/22/2021,230,20738,,5,3,9,1300,0,1,1,,2,2,I-8 W/B,OLD HIGHWAY 80,8290,E,N,B,G,Y,,,8,,,,,,W,Y,4,0,1,1,C,-,18,,,N,E,I,A,A,H,-,D,D,0,,,,Y,Y,,-,- ,0,0,1,0,0,0,0,0,0,- ,- ,32.66159058,-116.103157,IMPERIAL,UNINCORPORATED,-116.1031494,32.66163254
91402413,2021,2/4/2021,9625,1/30/2021,350,19668,,6,3,9,1300,0,3,5,,2,50,ORCHARD ROAD,EDWARDS ROAD,25,N,N,A,-,N,,,,,,,,,,Y,4,0,1,1,A,-,1,23152,A,N,E,I,A,A,H,-,C,A,0,,,,,Y,Y,A,1,0,0,1,0,0,0,0,0,0,- ,- ,32.78876114,-115.3837891,IMPERIAL,UNINCORPORATED,-115.3837433,32.78879929
91406307,2021,2/10/2021,9625,2/8/2021,918,18468,,1,1,9,1300,0,3,5,,2,40,HEBER ROAD,CORFMAN ROAD,215,E,N,A,-,N,,,,,,,,,,Y,4,0,2,2,A,-,3,22350,,N,C,C,A,A,H,-,A,A,0,,,,,Y,,A,7,0,0,2,0,0,0,0,0,0,- ,- ,32.73062134,-115.5506973,IMPERIAL,UNINCORPORATED,-115.550766,32.73064041
91409369,2020,2/16/2021,9625,12/24/2020,1745,19668,,4,2,9,1300,0,1,1,,2,2,INTERSTATE 8 WESTBOUND,IN KO PAH PARK ROAD,3043,E,N,B,-,Y,,,8,,,,,,W,Y,1,2,1,1,A,-,8,22107,,N,E,I,A,B,H,-,D,D,0,,,,,Y,,A,7,1,0,0,0,0,0,0,0,0,- ,- ,32.66181946,-116.1036911,IMPERIAL,UNINCORPORATED,-116.1036987,32.6618042
91412551,2021,2/22/2021,9625,2/11/2021,1825,18792,,4,2,9,1300,0,1,3,,1,11,SR-86 N/B,VENDEL ROAD,0,,Y,A,-,Y,,,86,,,,,,N,Y,3,0,5,2,A,-,8,22107,,N,D,C,A,A,H,-,D,A,0,,,,Y,Y,,G,25,0,4,1,0,0,0,0,0,0,- ,- ,33.03892899,-115.7077484,IMPERIAL,UNINCORPORATED,-115.7077484,33.03894424
91419882,2021,3/3/2021,9625,2/24/2021,840,16248,,3,1,9,1300,0,1,3,,2,53,SR-111,ROSS ROAD,0,,Y,A,-,Y,,,111,,,,,,,Y,3,0,2,2,A,-,9,21801,A,N,D,C,A,A,H,-,A,A,0,,,,,Y,,A,7,0,2,0,0,0,0,0,0,0,- ,- ,32.78147125,-115.501503,IMPERIAL,UNINCORPORATED,-115.5015106,32.78147125
91425998,2021,3/12/2021,9625,3/2/2021,1840,21107,,2,2,9,1300,0,1,3,,1,54,SR-111 S/B,WORTHINGTON ROAD,1818,S,N,A,-,Y,,,111,,,,,,S,N,2,0,1,2,A,-,11,21954,A,N,G,B,E,A,H,-,D,D,0,Y,,,,Y,Y,N,60,1,0,0,0,1,0,0,0,0,- ,- ,32.84281921,-115.5051575,IMPERIAL,UNINCORPORATED,-115.5050659,32.84287643
91438451,2021,3/29/2021,9625,3/19/2021,58,18368,,5,3,9,1300,0,1,1,,2,1,I-8 E/B,MOUNTAIN SPRINGS ROAD,6326,W,N,A,-,Y,,,8,,,,,,E,Y,2,0,1,1,A,-,8,22107,,N,E,I,A,A,H,-,D,D,0,,,,,Y,,A,1,1,0,0,0,0,0,0,0,0,- ,- ,32.66540146,-116.1059494,IMPERIAL,UNINCORPORATED,-116.1058502,32.66542053
91444323,2021,4/6/2021,9625,3/26/2021,950,18468,,5,1,9,1300,0,1,3,,1,54,STATE ROUTE 111 (S/B),EVAN HEWES HIGHWAY,0,,Y,A,-,Y,,,111,,,,,,,Y,3,0,3,2,A,-,12,21453,A,N,A,C,A,A,H,-,A,A,0,,,,,Y,,A,1,0,2,1,0,0,0,0,0,0,- ,- ,32.79964066,-115.5006714,IMPERIAL,UNINCORPORATED,-115.5005875,32.7996254
91447415,2021,4/9/2021,9625,3/26/2021,2500,18930,,5,4,9,1300,0,3,5,,2,10,CADY ROAD,NICE ROAD,1061,E,N,A,-,N,,,,,,,,,,Y,3,0,1,1,A,-,8,22107,,N,E,I,A,A,H,-,D,D,0,,,,,Y,Y,D,22,0,1,0,0,0,0,0,0,0,- ,- ,32.97769928,-115.6112976,IMPERIAL,UNINCORPORATED,-115.6120682,32.97742462
91447494,2021,4/9/2021,9625,4/2/2021,1230,18468,,5,1,9,1300,0,1,3,,1,42,STATE ROUTE 98,MOLITAR ROAD,13517,E,N,A,-,Y,,,98,,,,,,,Y,2,0,1,1,A,-,8,22107,,N,F,A,A,A,H,-,A,D,0,,,,,Y,,A,7,1,0,0,0,0,0,0,0,0,- ,- ,32.70689011,-115.9356918,IMPERIAL,UNINCORPORATED,-115.9356384,32.70693588