CASE_ID,ACCIDENT_YEAR,PROC_DATE,JURIS,COLLISION_DATE,COLLISION_TIME,OFFICER_ID,REPORTING_DISTRICT,DAY_OF_WEEK,CHP_SHIFT,POPULATION,CNTY_CITY_LOC,SPECIAL_COND,BEAT_TYPE,CHP_BEAT_TYPE,CITY_DIVISION_LAPD,CHP_BEAT_CLASS,BEAT_NUMBER,PRIMARY_RD,SECONDARY_RD,DISTANCE,DIRECTION,INTERSECTION,WEATHER_1,WEATHER_2,STATE_HWY_IND,CALTRANS_COUNTY,CALTRANS_DISTRICT,STATE_ROUTE,ROUTE_SUFFIX,POSTMILE_PREFIX,POSTMILE,LOCATION_TYPE,RAMP_INTERSECTION,SIDE_OF_HWY,TOW_AWAY,COLLISION_SEVERITY,NUMBER_KILLED,NUMBER_INJURED,PARTY_COUNT,PRIMARY_COLL_FACTOR,PCF_CODE_OF_VIOL,PCF_VIOL_CATEGORY,PCF_VIOLATION,PCF_VIOL_SUBSECTION,HIT_AND_RUN,TYPE_OF_COLLISION,MVIW,PED_ACTION,ROAD_SURFACE,ROAD_COND_1,ROAD_COND_2,LIGHTING,CONTROL_DEVICE,CHP_ROAD_TYPE,PEDESTRIAN_ACCIDENT,BICYCLE_ACCIDENT,MOTORCYCLE_ACCIDENT,TRUCK_ACCIDENT,NOT_PRIVATE_PROPERTY,ALCOHOL_INVOLVED,STWD_VEHTYPE_AT_FAULT,CHP_VEHTYPE_AT_FAULT,COUNT_SEVERE_INJ,COUNT_VISIBLE_INJ,COUNT_COMPLAINT_PAIN,COUNT_PED_KILLED,COUNT_PED_INJURED,COUNT_BICYCLIST_KILLED,COUNT_BICYCLIST_INJURED,COUNT_MC_KILLED,COUNT_MC_INJURED,PRIMARY_RAMP,SECONDARY_RAMP,LATITUDE,LONGITUDE,COUNTY,CITY,POINT_X,POINT_Y
91449253,2021,4/13/2021,9625,4/4/2021,315,19667,,7,3,9,1300,0,1,3,,1,54,SR-111 N/B,MEAD ROAD,150,S,N,A,-,Y,,,111,,,,,,N,Y,3,0,2,1,A,-,8,22107,,N,E,I,A,A,H,-,D,D,0,,,,,Y,Y,A,1,0,1,1,0,0,0,0,0,0,- ,- ,32.95516968,-115.5090103,IMPERIAL,UNINCORPORATED,-115.5090942,32.95517349
91451435,2021,4/15/2021,9625,4/5/2021,1731,18933,,1,2,9,1300,0,1,3,,2,43,SR-86,MCCABE ROAD,0,,Y,A,-,Y,,,86,,,,,,,Y,3,0,2,2,A,-,12,21453,A,N,D,C,A,A,H,-,A,A,0,,,,,Y,,A,1,0,2,0,0,0,0,0,0,0,- ,- ,32.7523613,-115.551918,IMPERIAL,UNINCORPORATED,-115.5518723,32.7523613
91452085,2021,4/16/2021,9625,2/2/2021,1900,18792,,2,2,9,1300,0,3,5,,2,10,SHORE OASIS STREET,SOUTH MARINA DRIVE,198,E,N,A,-,N,,,,,,,,,,N,1,1,0,2,C,-,18,,,N,G,B,E,A,H,-,D,D,0,Y,,,,Y,,-,- ,0,0,0,1,0,0,0,0,0,- ,- ,33.28831863,-115.9626999,IMPERIAL,UNINCORPORATED,-115.9627457,33.28822708
91454263,2021,4/20/2021,9625,4/13/2021,1810,19225,,2,2,9,1300,0,1,3,,2,53,SR-111 S/B,MCCABE ROAD,40,S,N,A,-,Y,,,111,,,,,,S,N,4,0,1,2,A,-,3,22350,,N,C,C,A,A,H,-,A,A,0,,,,,Y,,A,7,0,0,1,0,0,0,0,0,0,- ,- ,32.75271988,-115.5008469,IMPERIAL,UNINCORPORATED,-115.5007629,32.75271988
91454669,2021,4/20/2021,9625,4/17/2021,1645,22010,,6,2,9,1300,0,3,5,,2,50,HEBER ROAD,BOWKER ROAD,106,W,N,A,-,N,,,,,,,,,,N,4,0,1,1,A,-,8,22107,,N,F,A,A,A,H,-,A,D,0,,,Y,,Y,,C,2,0,0,1,0,0,0,0,0,1,- ,- ,32.73030853,-115.4657364,IMPERIAL,UNINCORPORATED,-115.4653931,32.73035049
91458081,2021,4/26/2021,9625,4/18/2021,1500,20111,,7,2,9,1300,0,1,3,,1,54,SR-111 S/B,ROSS ROAD,86,N,N,A,-,Y,,,111,,,,,,S,Y,3,0,3,3,A,-,3,22350,,N,C,C,A,A,H,-,A,A,0,,,,,Y,,D,22,0,3,0,0,0,0,0,0,0,- ,- ,32.78160858,-115.5015411,IMPERIAL,UNINCORPORATED,-115.5015106,32.7816124
91461492,2021,5/5/2021,9625,4/28/2021,1530,19225,,3,2,9,1300,0,3,5,,2,50,WORTHINGTON ROAD,JAMES ROAD,1325,W,N,A,-,N,,,,,,,,,,Y,1,1,0,1,A,-,8,22107,,N,E,I,A,A,H,-,A,D,0,,,,,Y,,A,1,0,0,0,0,0,0,0,0,0,- ,- ,32.84729004,-115.4694901,IMPERIAL,UNINCORPORATED,-115.4700089,32.84733963
91461506,2021,4/29/2021,9625,3/7/2021,1149,18368,,7,1,9,1300,0,1,1,,2,2,I-8 W/B,SR-98,21226,W,N,A,-,Y,,,8,,,,,,W,Y,1,1,0,1,A,-,8,22107,,N,E,I,A,A,H,-,A,D,0,,,Y,,Y,,C,2,0,0,0,0,0,0,0,1,0,- ,- ,32.70948029,-116.0655594,IMPERIAL,UNINCORPORATED,-116.0654984,32.70950317
91466511,2021,5/5/2021,9625,3/25/2021,105,19225,,4,3,9,1300,0,1,3,,2,52,SR-98,VENCILL ROAD,2175,E,N,A,-,Y,,,98,,,,,,,Y,1,1,0,2,A,-,3,22350,,N,C,C,A,A,H,-,D,D,0,,,,,Y,,A,1,0,0,0,0,0,0,0,0,0,- ,- ,32.69374084,-115.3475037,IMPERIAL,UNINCORPORATED,-115.347496,32.69380569
91472541,2021,5/13/2021,9625,5/6/2021,658,16248,,4,1,9,1300,0,1,3,,2,53,SR-111 N/B,JASPER ROAD,2636,N,N,A,-,Y,,,111,,,,,,N,Y,3,0,1,1,A,-,8,22107,,N,F,I,A,A,H,-,A,D,0,,,,,Y,,A,7,0,1,0,0,0,0,0,0,0,- ,- ,32.71669006,-115.4992523,IMPERIAL,UNINCORPORATED,-115.4995117,32.7166748
91486989,2021,6/21/2021,9625,5/23/2021,845,18368,,7,1,9,1300,0,2,4,,2,47,FORRESTER ROAD,ATEN ROAD,0,,Y,A,-,N,,,,,,,,,,N,2,0,2,2,A,-,12,22450,A,N,D,C,A,A,H,-,A,A,0,,,,,Y,Y,A,1,2,0,0,0,0,0,0,0,0,- ,- ,32.82550049,-115.6207199,IMPERIAL,UNINCORPORATED,-115.6206818,32.81821823
91488843,2021,6/3/2021,9625,5/27/2021,2015,19225,,4,2,9,1300,0,1,3,,2,53,SR-111 S/B,HEBER ROAD,900,N,N,A,-,Y,,,111,,,,,,S,N,4,0,1,2,A,-,3,22350,,F,C,C,A,A,H,-,D,D,0,,,,,Y,,A,1,0,0,1,0,0,0,0,0,0,- ,- ,32.73323822,-115.5005188,IMPERIAL,UNINCORPORATED,-115.5004654,32.73324203
91491334,2021,6/7/2021,9625,5/29/2021,1354,18792,,6,1,9,1300,0,1,3,,1,12,SR-86 S/B,SUNRISE DR,0,,Y,A,-,Y,,,86,,,,,,S,Y,3,0,2,2,A,-,12,22450,A,N,D,C,A,A,H,-,A,A,0,,,,,Y,,A,7,0,1,1,0,0,0,0,0,0,- ,- ,33.2892189,-115.9719086,IMPERIAL,UNINCORPORATED,-115.9719315,33.28920746
91492209,2021,6/8/2021,9625,5/30/2021,536,21107,,7,3,9,1300,0,2,4,,2,47,FORRESTER ROAD,THOMPSON ROAD,110,S,N,A,-,N,,,,,,,,,,Y,3,0,1,1,A,-,8,22107,,N,F,A,A,A,H,-,B,D,0,,,,,Y,,A,1,0,1,0,0,0,0,0,0,0,- ,- ,32.8786087,-115.621109,IMPERIAL,UNINCORPORATED,,
9149338,2020,11/10/2020,1304,9/5/2020,1721,344,ECSO,6,5,4,1304,0,0,0,,0,EAST,LINCOLN,MACDONALD,0,,Y,A,-,N,,,,,,,,,,N,3,0,3,2,A,-,9,21801,A,N,D,C,A,A,H,-,A,D,0,,,,,Y,,-,,0,1,2,0,0,0,0,0,0,- ,- ,,,IMPERIAL,EL CENTRO,-115.560173,32.80741882
91500719,2021,6/18/2021,9625,6/11/2021,1840,19667,,5,2,9,1300,0,3,5,,2,40,AUSTIN ROAD,LARSEN ROAD,1309,S,N,A,-,N,,,,,,,,,,N,3,0,1,1,A,-,1,23152,A,N,F,A,A,A,H,-,A,D,0,,,,,Y,Y,A,1,0,1,0,0,0,0,0,0,0,- ,- ,32.86901093,-115.5951538,IMPERIAL,UNINCORPORATED,-115.5949326,32.87275314
91506987,2021,6/25/2021,9625,6/15/2021,1340,18792,,2,1,9,1300,0,3,5,,2,20,TAEKER ROAD,HASTAIN ROAD,0,,Y,A,-,N,,,,,,,,,,Y,2,0,2,2,A,-,9,21800,A,N,D,C,A,A,H,-,A,D,0,,,,Y,Y,,D,22,2,0,0,0,0,0,0,0,0,- ,- ,32.98640823,-115.4061432,IMPERIAL,UNINCORPORATED,-115.4061432,32.9864502
91511081,2021,7/1/2021,9625,6/23/2021,1520,19225,,3,2,9,1300,0,1,3,,2,53,SR-111 S/B,MCCABE ROAD,55,N,N,A,-,Y,,,111,,,,,,S,Y,4,0,4,2,A,-,3,22350,,N,C,C,A,A,H,-,A,A,0,,,,,Y,,A,7,0,0,4,0,0,0,0,0,0,- ,- ,32.75194931,-115.5009918,IMPERIAL,UNINCORPORATED,-115.5007553,32.75195313
91511320,2021,7/1/2021,9625,6/23/2021,2025,19225,,3,2,9,1300,0,3,5,,2,50,HUNT ROAD,METS ROAD,0,,Y,A,-,N,,,,,,,,,,Y,4,0,1,1,A,-,3,22350,,N,E,I,A,A,H,-,D,A,0,,,,,Y,,A,1,0,0,1,0,0,0,0,0,0,- ,- ,32.76652908,-115.3964615,IMPERIAL,UNINCORPORATED,-115.3964233,32.7664299
91520797,2021,7/15/2021,9625,6/30/2021,2257,20111,,3,3,9,1300,0,1,3,,2,43,MCCABE ROAD,SR-86,0,,Y,A,-,Y,,,,,,,,,,Y,3,0,2,2,A,-,17,21451,A,N,D,C,A,A,H,-,C,A,0,,,,,Y,,A,1,0,2,0,0,0,0,0,0,0,- ,- ,32.75233078,-115.5518112,IMPERIAL,UNINCORPORATED,-115.5518265,32.75236893
91524900,2021,7/20/2021,9625,7/11/2021,251,21107,,7,3,9,1300,0,1,3,,2,24,STATE ROUTE 78 WESTBOUND,BUTTERS ROAD,5438,E,N,A,-,Y,,,78,,,,,,W,Y,3,0,1,1,A,-,8,22107,,N,E,I,A,A,H,-,D,D,0,,,,,Y,,A,1,0,1,0,0,0,0,0,0,0,- ,- ,32.97475052,-115.3539429,IMPERIAL,UNINCORPORATED,-115.3539429,32.97473145
91525570,2021,7/21/2021,9625,7/14/2021,1158,18930,,3,1,9,1300,0,3,5,,2,50,BOWKER ROAD,GILLETT ROAD,1208,N,N,A,-,N,,,,,,,,,,Y,3,0,1,2,A,-,5,21650,,N,B,C,A,A,H,-,A,D,0,,,,,Y,,A,1,0,1,0,0,0,0,0,0,0,- ,- ,32.79418182,-115.4737015,IMPERIAL,UNINCORPORATED,-115.4738617,32.78837204
91525863,2021,7/21/2021,9625,7/14/2021,1725,19225,,3,2,9,1300,0,1,3,,1,51,SR-7 (NORTHBOUND),MAGGIO ROAD,1820,S,N,A,-,Y,,,7,,,,,,,Y,4,0,1,2,A,-,7,21658,A,N,B,C,A,A,H,-,A,D,0,,,Y,Y,Y,,F,25,0,0,1,0,0,0,0,0,1,- ,- ,32.68330002,-115.3847809,IMPERIAL,UNINCORPORATED,-115.3847961,32.68332291
91530649,2021,7/28/2021,9625,7/16/2021,2230,20738,,5,3,9,1300,0,1,3,,1,22,SR-111,AVENUE A,1478,S,N,A,G,Y,,,111,,,,,,,Y,3,0,1,1,A,-,8,22107,,N,F,A,A,A,H,-,D,D,0,,,,,Y,Y,D,22,0,1,0,0,0,0,0,0,0,- ,- ,33.36011887,-115.7288666,IMPERIAL,UNINCORPORATED,-115.7290649,33.36040878
91530743,2021,7/28/2021,9625,7/16/2021,2254,21107,,5,3,9,1300,0,1,1,,2,5,INTERSTATE 8 EASTBOUND,STATE ROUTE 111,270,W,N,A,-,Y,,,8,,,,,,E,Y,3,0,1,2,A,-,3,22350,,N,C,C,A,A,H,-,C,D,0,,,,,Y,,A,1,0,1,0,0,0,0,0,0,0,- ,- ,32.77368927,-115.5022278,IMPERIAL,UNINCORPORATED,-115.5022278,32.77367783
91536164,2021,8/3/2021,9625,7/28/2021,1540,19225,,3,2,9,1300,0,1,3,,1,54,SR-111 N/B,WORTHINGTON ROAD,0,,Y,A,-,Y,,,,,,,,,,Y,2,0,3,2,A,-,12,21453,A,N,D,C,A,A,H,-,A,A,0,,,,Y,Y,,A,8,1,0,2,0,0,0,0,0,0,- ,- ,32.82022095,-115.5705185,IMPERIAL,UNINCORPORATED,-115.5074921,32.8473587
91537434,2021,8/5/2021,9625,7/30/2021,1435,19668,,5,2,3,1301,0,3,5,,2,40,AUSTIN ROAD,KEYSTONE ROAD,4755,N,N,A,-,N,,,,,,,,,,Y,4,0,2,1,A,-,3,22350,,N,E,I,A,A,H,-,A,D,0,,,,,Y,,A,1,0,0,2,0,0,0,0,0,0,- ,- ,32.92570877,-115.594841,IMPERIAL,BRAWLEY,-115.5949478,32.92554474
91542399,2021,8/11/2021,9625,7/30/2021,1513,18978,,5,2,9,1300,0,2,4,,2,46,DOGWOOD ROAD,MCCABE ROAD,181,N,N,A,-,N,,,,,,,,,,Y,3,0,1,1,A,-,1,23152,A,N,E,I,A,D,H,-,A,A,0,,,,,Y,Y,D,22,0,1,0,0,0,0,0,0,0,- ,- ,32.75297165,-115.5349197,IMPERIAL,UNINCORPORATED,-115.5348969,32.75286484
91543754,2021,8/12/2021,9625,8/6/2021,1050,18368,,5,1,9,1300,0,1,1,,2,5,I-8 E/B FROM SR-111 S/B,I-8 E/B,312,S,N,A,-,Y,,,8,,,,R,,E,Y,4,0,1,1,A,-,8,22107,,N,E,I,A,A,H,-,A,D,0,,,,,Y,,A,8,0,0,1,0,0,0,0,0,0,- ,- ,32.77281189,-115.5015335,IMPERIAL,UNINCORPORATED,-115.5015335,32.77281189
91549607,2021,8/19/2021,9625,8/13/2021,1930,19668,,5,2,9,1300,0,3,5,,2,50,KLOKE ROAD,COLE ROAD,0,,Y,A,-,N,,,,,,,,,,N,2,0,1,2,A,-,12,22450,A,N,D,C,A,A,H,-,C,A,0,,,Y,,Y,,C,2,1,0,0,0,0,0,0,0,1,- ,- ,32.69406128,-115.5167389,IMPERIAL,UNINCORPORATED,-115.5167923,32.6939888
91550131,2021,8/20/2021,9625,8/15/2021,1630,19668,,7,2,9,1300,0,2,4,,2,47,EVAN HEWES HIGHWAY,FORRESTER ROAD,0,,Y,A,-,N,,,,,,,,,,Y,3,0,1,2,A,-,1,23152,A,N,D,C,A,A,H,-,A,A,0,,,,,Y,Y,A,1,0,1,0,0,0,0,0,0,0,- ,- ,32.79658127,-115.6208191,IMPERIAL,UNINCORPORATED,-115.6207886,32.79655838
91553252,2021,8/24/2021,9625,3/15/2021,1613,13727,,1,2,9,1300,0,1,3,,1,12,STATE ROUTE 86 N/B,N. MARINA DRIVE,2030,N,N,F,G,Y,,,86,,,,,,N,Y,3,0,3,3,A,-,3,22350,,N,C,C,A,A,H,-,A,D,0,,,,,Y,,D,22,0,2,1,0,0,0,0,0,0,- ,- ,33.30767822,-115.9853134,IMPERIAL,UNINCORPORATED,-115.9852829,33.30770111
91557052,2021,8/27/2021,9625,8/25/2021,742,18468,,3,1,9,1300,0,2,4,,2,57,EVAN HEWES HIGHWAY,OLD HIGHWAY 111,0,,Y,A,-,Y,,,,,,,,,,Y,3,0,1,2,A,-,9,21802,A,N,D,C,A,A,H,-,A,A,0,,,Y,,Y,,C,2,0,1,0,0,0,0,0,0,1,- ,- ,32.79932022,-115.5016785,IMPERIAL,UNINCORPORATED,-115.5016327,32.79949188
91564720,2021,9/7/2021,9625,8/28/2021,220,20738,,6,3,9,1300,0,3,5,,2,10,WIEMAN ROAD,CADY ROAD,0,,Y,A,-,N,,,,,,,,,,N,3,0,1,1,A,-,3,22350,,N,E,I,A,A,H,-,C,D,0,,,,,Y,,A,1,0,1,0,0,0,0,0,0,0,- ,- ,32.97731018,-115.6585999,IMPERIAL,UNINCORPORATED,-115.6586685,32.97740936
91575980,2021,9/21/2021,9625,9/14/2021,2235,19668,,2,3,9,1300,0,1,3,,1,44,SR-86 NORTHBOUND,HARRIS ROAD,195,S,N,A,-,Y,,,86,,,,,,N,N,4,0,1,2,A,-,3,22350,,N,C,C,A,A,H,-,D,D,0,,,,,Y,,D,22,0,0,1,0,0,0,0,0,0,- ,- ,32.88227081,-115.570137,IMPERIAL,UNINCORPORATED,-115.5702286,32.88227081
91582998,2021,9/29/2021,9625,9/27/2021,240,20111,,1,3,9,1300,0,1,1,,2,3,INTERSTATE 8 E/B,IMPERIAL HIGHWAY,20750,E,N,A,-,Y,,,8,,,,,,E,Y,4,0,1,1,A,-,8,22107,,N,F,A,A,A,H,-,D,D,0,,,,,Y,,A,1,0,0,1,0,0,0,0,0,0,- ,- ,32.74747086,-115.9288483,IMPERIAL,UNINCORPORATED,-115.9288483,32.74742889
9158371,2020,11/20/2020,1304,9/23/2020,655,335,E1,3,5,4,1304,0,0,0,,0,EAST,ORANGE,HOPE,0,,Y,A,-,N,,,,,,,,,,Y,4,0,2,2,A,-,12,22450,,N,D,A,A,A,H,-,A,A,0,,,,,Y,,A,1,0,0,2,0,0,0,0,0,0,- ,- ,,,IMPERIAL,EL CENTRO,-115.5397186,32.78876114
91587240,2021,10/4/2021,9625,9/25/2021,1305,21232,,6,1,9,1300,0,3,5,,2,50,HEBER ROAD,ANDERHOLT,2112,E,N,A,-,N,,,,,,,,,,Y,2,0,2,1,A,-,8,22107,,N,F,A,A,A,H,-,A,D,0,,,,,Y,,D,22,1,1,0,0,0,0,0,0,0,- ,- ,32.73007965,-115.4069977,IMPERIAL,UNINCORPORATED,-115.4069214,32.73012924
91588294,2021,10/5/2021,9625,10/3/2021,1719,20263,,7,2,9,1300,0,1,1,,2,6,I-8 W/B,BONDS CORNER ROAD,5280,E,N,A,-,Y,,,8,,,,,,W,Y,3,0,1,2,A,-,1,23152,A,N,B,E,A,A,H,-,A,D,0,,,,,Y,Y,D,22,0,1,0,0,0,0,0,0,0,- ,- ,32.77349854,-115.3175125,IMPERIAL,UNINCORPORATED,-115.3175125,32.77345657
91589384,2021,10/6/2021,9625,9/30/2021,1836,18792,,4,2,9,1300,0,1,3,,1,21,SR-111,DOWDEN ROAD,400,N,N,A,-,Y,,,111,,,,,,,Y,3,0,1,2,A,-,1,23152,G,N,C,C,A,A,H,-,D,D,0,,,,,Y,,A,1,0,1,0,0,0,0,0,0,0,- ,- ,33.09170914,-115.514801,IMPERIAL,UNINCORPORATED,-115.5147858,33.09170914
91594115,2021,10/12/2021,9625,10/2/2021,1815,18792,,6,2,9,1300,0,1,3,,1,22,SR-111,RANGE ROAD,835,S,N,A,-,Y,,,111,,,,,,,Y,2,0,2,1,A,-,1,23152,A,N,E,I,A,A,H,-,B,D,0,,,,,Y,Y,A,1,2,0,0,0,0,0,0,0,0,- ,- ,33.36716843,-115.7691803,IMPERIAL,UNINCORPORATED,-115.7692566,33.36706924
91594588,2021,10/12/2021,9620,10/10/2021,1345,18535,,7,1,9,1300,0,1,3,,1,63,SR-78,MIDWAY WELL ROAD,7920,W,N,A,G,Y,,,78,,,,,,,Y,2,0,1,1,A,-,8,22107,,N,E,I,A,A,H,-,A,D,0,,,,,Y,,A,1,1,0,0,0,0,0,0,0,0,- ,- ,33.19625854,-114.8590775,IMPERIAL,UNINCORPORATED,-114.8591461,33.19628143
91596204,2021,10/14/2021,9625,10/3/2021,1538,21232,,7,2,9,1300,0,3,5,,2,20,WEIST ROAD,NOFFSINGER ROAD,210,N,N,A,-,N,,,,,,,,,,Y,2,0,1,2,A,-,2,22526,C,N,H,F,A,A,H,-,A,A,0,,,,,Y,,A,1,1,0,0,0,0,0,0,0,0,- ,- ,33.21614838,-115.4524918,IMPERIAL,UNINCORPORATED,-115.4528885,33.2166481
91603083,2021,10/21/2021,9625,10/10/2021,2043,21232,,7,2,9,1300,0,3,5,,2,40,DOGWOOD,CORRELL ROAD,0,,Y,A,-,N,,,,,,,,,,Y,3,0,1,2,D,-,0,,,N,D,C,A,A,H,-,C,A,0,,,,,Y,,-,- ,0,1,0,0,0,0,0,0,0,- ,- ,32.73815918,-115.5344086,IMPERIAL,UNINCORPORATED,-115.5345917,32.73791885
9161206,2020,11/18/2020,1304,9/14/2020,1631,341,EEAST,1,5,4,1304,0,0,0,,0,EAST,DOGWOOD RD,PLAZA DR,0,,Y,A,-,N,,,,,,,,,,N,3,0,1,2,D,-,0,,,N,A,C,A,A,H,-,A,A,0,,,,,Y,,-,- ,0,1,0,0,0,0,0,0,0,- ,- ,,,IMPERIAL,EL CENTRO,,
91612075,2021,11/1/2021,9625,10/27/2021,1832,18468,,3,2,9,1300,0,3,5,,2,50,PITZER ROAD,MCCABE ROAD,0,,Y,A,-,N,,,,,,,,,,Y,4,0,1,2,A,-,9,21801,A,N,D,C,A,A,H,-,A,A,0,,,,,Y,,A,1,0,0,1,0,0,0,0,0,0,- ,- ,32.752491,-115.5175705,IMPERIAL,UNINCORPORATED,-115.5176315,32.75246048
91612290,2021,5/4/2022,9625,10/31/2021,2152,20516,,7,2,9,1300,0,2,4,,2,45,EVAN HEWES HIGHWAY,EL CENTRO STREET,80,E,N,A,-,N,,,,,,,,,,Y,3,0,2,2,A,-,8,22107,,N,A,C,A,A,H,-,D,D,0,,,,,Y,,A,7,0,2,0,0,0,0,0,0,0,- ,- ,32.79652023,-115.6765366,IMPERIAL,UNINCORPORATED,-115.676918,32.79645538
91614588,2021,11/3/2021,9625,10/30/2021,815,19668,,6,1,9,1300,0,1,3,,2,56,SR-115,KEYSTONE ROAD,0,,Y,A,-,Y,,,115,,,,,,,Y,3,0,1,2,A,-,12,22450,A,N,D,C,A,A,H,-,A,A,0,,,,Y,Y,,A,7,0,1,0,0,0,0,0,0,0,- ,- ,32.91656113,-115.4062195,IMPERIAL,UNINCORPORATED,-115.40625,32.91656113
9161479,2020,1/16/2021,1304,9/2/2020,428,325,ELCE,3,5,4,1304,0,0,0,,0,EAST,S 6TH ST,BRIGHTON,0,,Y,A,-,N,,,,,,,,,,Y,3,0,1,4,A,-,8,22107,,N,C,E,A,A,H,-,C,D,0,,,,,Y,Y,-,,0,1,0,0,0,0,0,0,0,- ,- ,,,IMPERIAL,EL CENTRO,-115.5569382,32.78976059
91624269,2021,11/15/2021,9625,11/3/2021,2245,18978,,3,3,9,1300,0,1,3,,1,21,STATE ROUTE 111,SINCLAIR ROAD,513,S,N,A,-,Y,,,111,,,,,,,Y,3,0,1,1,A,-,8,22107,,N,F,A,A,A,H,-,D,D,0,,,,,Y,,D,22,0,1,0,0,0,0,0,0,0,- ,- ,33.17552948,-115.5190125,IMPERIAL,UNINCORPORATED,-115.5190582,33.17552948
91631917,2021,11/22/2021,9625,11/12/2021,1157,16248,,5,1,9,1300,0,1,3,,2,53,SR-111 N/B,MCCABE ROAD,850,S,N,A,-,Y,,,111,,,,,,N,Y,2,0,2,5,A,-,3,22350,,N,C,C,A,A,H,-,A,A,0,,,,,Y,,D,22,1,0,1,0,0,0,0,0,0,- ,- ,32.74990082,-115.5006332,IMPERIAL,UNINCORPORATED,-115.5007248,32.749897
91633246,2021,11/23/2021,9625,11/15/2021,805,16248,,1,1,9,1300,0,1,3,,1,51,SR-7 N/B FROM NINA LEE ROAD,NINA LEE ROAD,274,S,N,A,-,Y,,,7,,,,R,,N,Y,3,0,1,1,A,-,16,24002,A,N,F,A,A,A,H,-,A,D,0,,,,Y,Y,,F,27,0,1,0,0,0,0,0,0,0,- ,- ,32.68252182,-115.3861008,IMPERIAL,UNINCORPORATED,-115.3861008,32.68252182
91644542,2021,12/6/2021,9625,12/5/2021,928,16248,,7,1,9,1300,0,1,3,,1,54,SR-111 N/B,WORTHINGTON ROAD,25,S,N,A,-,Y,,,111,,,,,,N,Y,4,0,1,2,A,-,3,22350,,N,C,C,A,A,H,-,A,A,0,,,,,Y,,A,1,0,0,1,0,0,0,0,0,0,- ,- ,32.847229,-115.5074768,IMPERIAL,UNINCORPORATED,-115.5075607,32.84719849
91647469,2021,12/9/2021,9625,11/29/2021,1525,18933,,1,2,9,1300,0,2,4,,2,46,DOGWOOD ROAD,COLE ROAD,200,N,N,A,-,N,,,,,,,,,,Y,2,0,1,2,A,-,9,21801,A,N,D,C,A,A,H,-,A,D,0,,,Y,,Y,,A,7,1,0,0,0,0,0,0,0,1,- ,- ,32.69522858,-115.5339966,IMPERIAL,UNINCORPORATED,-115.5340042,32.69454575
91647902,2021,12/9/2021,9625,11/26/2021,923,18930,,5,1,9,1300,0,1,3,,1,54,SR-111 S/B,EVAN HEWES HIGHWAY,535,N,N,A,-,Y,,,111,,,,,,S,Y,2,0,2,2,A,-,3,22350,,N,C,C,A,A,H,-,A,A,0,,,,,Y,,A,7,1,0,1,0,0,0,0,0,0,- ,- ,32.80192184,-115.5007172,IMPERIAL,UNINCORPORATED,-115.5005188,32.80191803
91649192,2021,12/10/2021,9625,11/30/2021,1025,18930,,2,1,9,1300,0,3,5,,2,40,AUSTIN ROAD,HARRIS ROAD,2653,N,N,A,-,N,,,,,,,,,,Y,2,0,2,2,A,-,8,22107,,N,C,C,A,A,H,-,A,D,0,,,,Y,Y,,G,26,1,0,1,0,0,0,0,0,0,- ,- ,32.89799118,-115.5948486,IMPERIAL,UNINCORPORATED,-115.5949326,32.89788055
91656153,2021,12/20/2021,9625,12/12/2021,1505,19668,,7,2,9,1300,0,2,4,,2,46,COLE ROAD,DOGWOOD ROAD,0,,Y,A,-,N,,,,,,,,,,Y,4,0,2,2,A,-,12,22450,A,N,D,C,A,A,H,-,A,A,0,,,,,Y,,A,1,0,0,2,0,0,0,0,0,0,- ,- ,32.69395828,-115.5341263,IMPERIAL,UNINCORPORATED,-115.5339813,32.69400024
9165648,2020,12/1/2020,1301,8/8/2020,1842,9A2,BRAWL,6,5,3,1301,0,0,0,,0,3,RT 111,RT 78,0,,Y,A,-,Y,IMP,11,78,-,-,15.499,I,5,E,Y,2,0,8,2,A,-,12,21453,A,N,D,C,A,A,H,-,A,A,0,,,,,Y,,A,1,1,6,1,0,0,0,0,0,0,- ,- ,,,IMPERIAL,BRAWLEY,-115.5013428,32.97864151
9166058,2020,11/12/2020,1304,9/30/2020,542,368,E1,3,5,4,1304,0,0,0,,0,WEST,IMPERIAL AV,CRUICKSHANK,7,S,N,A,-,N,,,,,,,,,,N,2,0,1,2,A,-,11,21950,B,N,G,B,B,A,H,-,B,A,0,Y,,,,Y,,N,60,1,0,0,0,1,0,0,0,0,- ,- ,,,IMPERIAL,EL CENTRO,,
91669830,2021,1/4/2022,9625,12/23/2021,1005,16248,,4,1,9,1300,0,3,5,,2,10,S-22,SOUTH MARINA DR.,3538,W,N,B,-,N,,,,,,,,,,Y,3,0,1,1,A,-,8,22107,,N,E,I,A,A,H,-,A,D,0,,,,,Y,,A,1,0,1,0,0,0,0,0,0,0,- ,- ,33.27111053,-116.0380478,IMPERIAL,UNINCORPORATED,,