CASE_ID,ACCIDENT_YEAR,PROC_DATE,JURIS,COLLISION_DATE,COLLISION_TIME,OFFICER_ID,REPORTING_DISTRICT,DAY_OF_WEEK,CHP_SHIFT,POPULATION,CNTY_CITY_LOC,SPECIAL_COND,BEAT_TYPE,CHP_BEAT_TYPE,CITY_DIVISION_LAPD,CHP_BEAT_CLASS,BEAT_NUMBER,PRIMARY_RD,SECONDARY_RD,DISTANCE,DIRECTION,INTERSECTION,WEATHER_1,WEATHER_2,STATE_HWY_IND,CALTRANS_COUNTY,CALTRANS_DISTRICT,STATE_ROUTE,ROUTE_SUFFIX,POSTMILE_PREFIX,POSTMILE,LOCATION_TYPE,RAMP_INTERSECTION,SIDE_OF_HWY,TOW_AWAY,COLLISION_SEVERITY,NUMBER_KILLED,NUMBER_INJURED,PARTY_COUNT,PRIMARY_COLL_FACTOR,PCF_CODE_OF_VIOL,PCF_VIOL_CATEGORY,PCF_VIOLATION,PCF_VIOL_SUBSECTION,HIT_AND_RUN,TYPE_OF_COLLISION,MVIW,PED_ACTION,ROAD_SURFACE,ROAD_COND_1,ROAD_COND_2,LIGHTING,CONTROL_DEVICE,CHP_ROAD_TYPE,PEDESTRIAN_ACCIDENT,BICYCLE_ACCIDENT,MOTORCYCLE_ACCIDENT,TRUCK_ACCIDENT,NOT_PRIVATE_PROPERTY,ALCOHOL_INVOLVED,STWD_VEHTYPE_AT_FAULT,CHP_VEHTYPE_AT_FAULT,COUNT_SEVERE_INJ,COUNT_VISIBLE_INJ,COUNT_COMPLAINT_PAIN,COUNT_PED_KILLED,COUNT_PED_INJURED,COUNT_BICYCLIST_KILLED,COUNT_BICYCLIST_INJURED,COUNT_MC_KILLED,COUNT_MC_INJURED,PRIMARY_RAMP,SECONDARY_RAMP,LATITUDE,LONGITUDE,COUNTY,CITY,POINT_X,POINT_Y
91669969,2021,1/4/2022,9625,12/24/2021,200,18978,,5,3,9,1300,0,3,5,,2,10,BRANDT ROAD,BAUGHMAN ROAD,373,S,N,A,-,N,,,,,,,,,,Y,3,0,1,2,A,-,8,22107,,N,C,E,A,A,H,-,D,D,0,,,,,Y,,A,1,0,1,0,0,0,0,0,0,0,- ,- ,33.02893066,-115.561409,IMPERIAL,UNINCORPORATED,-115.561409,33.0289917
91671332,2021,1/5/2022,9620,12/28/2021,1000,18247,,2,1,9,1300,0,2,4,,1,61,OGILBY RD,SR-78,85,N,N,A,-,N,,,,,,,,,,Y,2,0,1,1,A,-,3,22350,,N,F,A,A,A,H,-,A,A,0,,,,,Y,,M,47,1,0,0,0,0,0,0,0,0,- ,- ,33.08546829,-114.9115906,IMPERIAL,UNINCORPORATED,-114.9113617,33.08549118
9169920,2020,1/7/2021,1304,10/13/2020,1756,E0030,,2,5,4,1304,0,0,0,,0,,WAKE,4TH ST,1205,W,N,A,-,N,,,,,,,,,,N,4,0,1,2,A,-,8,22107,,N,B,C,A,A,H,-,A,A,0,,,,,Y,,A,1,0,0,1,0,0,0,0,0,0,- ,- ,,,IMPERIAL,EL CENTRO,-115.556221,32.77120972
91711349,2021,2/28/2022,9625,11/4/2021,1410,19667,,4,2,9,1300,0,1,3,,1,42,STATE ROUTE 98,SIGNAL ROAD,48576,W,N,A,-,Y,,,98,,,,,,,Y,1,1,1,2,A,-,6,21751,,N,A,C,A,A,H,-,A,D,0,,,,,Y,,D,22,1,0,0,0,0,0,0,0,0,- ,- ,32.67142868,-115.849617,IMPERIAL,UNINCORPORATED,-115.8496246,32.67144012
9205693,2020,2/27/2021,1304,12/9/2020,2357,341,EWEST,3,5,4,1304,0,0,0,,0,WEST,DANENBERG,8TH,18,W,N,A,-,N,,,,,,,,,,N,4,0,2,1,A,-,8,22107,,N,E,I,A,A,H,-,C,D,0,,,,,Y,,A,1,0,0,2,0,0,0,0,0,0,- ,- ,,,IMPERIAL,EL CENTRO,,
9213118,2021,2/10/2021,1304,1/9/2021,1649,E0194,ELCE,6,5,4,1304,0,0,0,,0,EAST,4TH ST,HOLT,0,,Y,A,-,Y,IMP,11,86,-,-,6.96,I,5,S,Y,4,0,2,2,A,-,1,23152,A,N,D,C,A,A,H,-,B,A,0,,,,,Y,Y,A,1,0,0,2,0,0,0,0,0,0,- ,- ,32.78787994,-115.5526581,IMPERIAL,EL CENTRO,-115.5525284,32.78777695
9215275,2021,3/9/2021,1304,1/8/2021,120,361,ELCE,5,5,4,1304,0,0,0,,0,EAST,ROSS,DOGWOOD,270,W,N,A,-,N,,,,,,,,,,Y,3,0,2,1,A,-,8,22107,,N,F,I,A,A,H,-,C,D,0,,,,,Y,,A,1,0,2,0,0,0,0,0,0,0,- ,- ,,,IMPERIAL,EL CENTRO,-115.5362549,32.78149033
9216581,2021,3/11/2021,1304,1/20/2021,1836,357,ELCE,3,5,4,1304,0,0,0,,0,EAST,WAKE AV,4TH ST,0,,Y,C,-,N,,,,,,,,,,N,4,0,1,2,A,-,10,21950,A,N,G,B,B,B,H,-,C,A,0,Y,,,,Y,,A,1,0,0,1,0,1,0,0,0,0,- ,- ,32.77127838,-115.5521469,IMPERIAL,EL CENTRO,-115.5523224,32.77119064
9228472,2020,2/26/2021,1304,12/15/2020,1751,SEID,EWES,2,5,4,1304,0,0,0,,0,WEST,8TH,BRADSHAW,0,,Y,A,-,N,,,,,,,,,,Y,3,0,1,2,A,-,9,21801,A,N,D,C,A,A,H,-,A,A,0,,,Y,,Y,,A,1,0,1,0,0,0,0,0,0,1,- ,- ,32.81113815,-115.5614471,IMPERIAL,EL CENTRO,,
9234372,2021,4/15/2021,1304,3/24/2021,1704,358,,3,5,4,1304,0,0,0,,0,EAST,8TH ST,PARK AV,0,,Y,A,-,N,,,,,,,,,,Y,3,0,1,2,A,-,9,21801,A,N,D,C,A,A,H,-,-,-,0,,,,,Y,,-,,0,1,0,0,0,0,0,0,0,- ,- ,32.79587936,-115.5613403,IMPERIAL,EL CENTRO,-115.56147,32.79578018
9234374,2021,4/15/2021,1304,3/24/2021,1515,332,EAST,3,5,4,1304,0,0,0,,0,EAST,7TH,EUCLID,0,,Y,A,-,N,,,,,,,,,,Y,4,0,1,2,A,-,9,21800,A,N,D,C,A,A,H,-,A,D,0,,,,,Y,,A,7,0,0,1,0,0,0,0,0,0,- ,- ,32.7984314,-115.5592422,IMPERIAL,EL CENTRO,-115.5592422,32.79838181
9250746,2021,5/17/2021,1304,4/17/2021,250,368,E1,6,5,4,1304,0,0,0,,0,EAST,3RD ST,ROSS AV,0,,Y,A,-,N,,,,,,,,,,Y,3,0,2,1,A,-,3,22350,,N,A,I,A,A,H,-,C,A,0,,,,,Y,,-,,0,2,0,0,0,0,0,0,0,- ,- ,,,IMPERIAL,EL CENTRO,-115.5503082,32.78145981
9252328,2021,4/19/2021,1301,2/5/2021,729,911,BRAWL,5,5,3,1301,0,0,0,,0,1,A ST,1ST ST,0,,Y,A,-,N,,,,,,,,,,Y,4,0,1,2,A,-,12,22450,A,N,D,C,A,A,H,-,A,A,0,,,,,Y,,-,- ,0,0,1,0,0,0,0,0,0,- ,- ,,,IMPERIAL,BRAWLEY,-115.5654221,32.95911026
9254883,2021,4/29/2021,1304,2/20/2021,2039,337,ELEC,6,5,4,1304,0,0,0,,0,WEST,19TH ST,FARMER DR,0,,Y,A,-,N,,,,,,,,,,Y,3,0,1,3,A,-,9,21800,A,N,D,C,A,A,H,-,C,D,0,,,,,Y,Y,A,1,0,1,0,0,0,0,0,0,0,- ,- ,32.7714119,-115.5763168,IMPERIAL,EL CENTRO,-115.5763474,32.77148056
9263383,2021,5/13/2021,1304,4/24/2021,1727,363,EWES,6,5,4,1304,0,0,0,,0,WEST,W HOLT,W HOLT 1500,0,,N,A,-,N,,,,,,,,,,Y,3,0,1,1,A,-,3,22350,,N,E,I,A,A,H,-,A,D,0,,,,,Y,,-,,0,1,0,0,0,0,0,0,0,- ,- ,32.78792191,-115.572731,IMPERIAL,EL CENTRO,,
9270446,2021,6/3/2021,1304,5/19/2021,2030,368,E1,3,5,4,1304,0,0,0,,0,WEST,8TH,CRUICKSHANK,563,S,N,A,-,N,,,,,,,,,,Y,3,0,1,2,A,-,8,22107,,N,D,C,A,A,H,-,A,A,0,,,,,Y,,-,,0,1,0,0,0,0,0,0,0,- ,- ,,,IMPERIAL,EL CENTRO,,
9279270,2021,6/21/2021,1304,5/9/2021,430,368,E1,7,5,4,1304,0,0,0,,0,EAST,HOPE,ROSS,0,,Y,A,-,N,,,,,,,,,,N,3,0,1,1,A,-,1,23152,A,N,A,I,A,A,H,-,C,A,0,,,,,Y,Y,A,1,0,1,0,0,0,0,0,0,0,- ,- ,,,IMPERIAL,EL CENTRO,-115.5395889,32.78149033
9280332,2021,6/28/2021,1304,6/12/2021,1334,322,EWES,6,5,4,1304,0,0,0,,0,WEST,4TH ST,SMOKETREE AV,0,,Y,A,-,Y,IMP,11,86,-,-,6.114,I,5,S,Y,3,0,2,2,A,-,9,21800,B,N,A,C,A,A,H,-,A,D,0,,,,,Y,,A,1,0,2,0,0,0,0,0,0,0,- ,- ,,,IMPERIAL,EL CENTRO,-115.5522766,32.77537155
9284968,2021,6/23/2021,1304,5/15/2021,1553,335,E1,6,5,4,1304,0,0,0,,0,WEST,IMPERIAL,PEPPER,0,,Y,A,-,N,,,,,,,,,,Y,4,0,2,2,A,-,9,21800,A,N,D,C,A,A,H,-,A,A,0,,,,,Y,,A,1,0,0,2,0,0,0,0,0,0,- ,- ,,,IMPERIAL,EL CENTRO,-115.5697021,32.77941132
9290662,2021,8/24/2021,1304,7/16/2021,1017,327,,5,5,4,1304,0,0,0,,0,EAST,S IMPERIAL AV,ROSS AV,21,S,N,A,-,N,,,,,,,,,,Y,3,0,2,2,A,-,12,21453,A,N,D,C,A,A,H,-,A,A,0,,,,,Y,,A,1,0,1,1,0,0,0,0,0,0,- ,- ,,,IMPERIAL,EL CENTRO,-115.5696869,32.78142166
9303675,2021,10/20/2021,1304,8/3/2021,804,368,E1,2,5,4,1304,0,0,0,,0,WEST,IMPERIAL AV,OCOTILLO DR,0,,Y,A,-,N,,,,,,,,,,N,3,0,1,3,A,-,10,21950,A,N,G,B,B,A,H,-,A,A,0,Y,,,,Y,,A,1,0,1,0,0,1,0,0,0,0,- ,- ,,,IMPERIAL,EL CENTRO,-115.5695724,32.77717972
9312075,2021,8/27/2021,1304,8/4/2021,1210,341,EWEST,3,5,4,1304,0,0,0,,0,WEST,N IMPERIAL,WOODWARD,32,N,N,A,-,Y,IMP,11,86,-,-,7.51,H,-,N,N,4,0,1,2,A,-,4,21703,,N,C,C,A,A,H,-,A,D,0,,,,,Y,,A,1,0,0,1,0,0,0,0,0,0,- ,- ,,,IMPERIAL,EL CENTRO,-115.5699539,32.79956436
9316270,2021,9/17/2021,1301,7/7/2021,2119,907,BRAWL,3,5,3,1301,0,0,0,,0,0B1,MAIN,2ND,0,,Y,A,-,N,,,,,,,,,,Y,4,0,1,2,A,-,0,21461,,N,D,C,A,A,H,-,C,A,0,,,,,Y,,A,1,0,0,1,0,0,0,0,0,0,- ,- ,32.97861099,-115.5394211,IMPERIAL,BRAWLEY,-115.5394516,32.97863007
9322185,2021,9/16/2021,1301,8/10/2021,1211,9A6,,2,5,3,1301,0,0,0,,0,1,RT 86,EL CERRITO,0,E,N,A,-,Y,IMP,11,86,-,-,20.913,I,5,S,Y,4,0,2,2,A,-,9,21804,A,N,D,C,A,A,H,-,A,D,0,,,,,Y,,A,1,0,0,2,0,0,0,0,0,0,- ,- ,,,IMPERIAL,BRAWLEY,-115.5464935,32.97865677
9339619,2021,10/20/2021,1304,9/26/2021,1922,358,,7,5,4,1304,0,0,0,,0,WEST,IMPERIAL AV,ADAMS,0,,Y,A,-,Y,IMP,11,86,-,L,8.525,I,5,N,Y,4,0,3,2,A,-,12,21453,A,N,A,C,A,A,H,-,C,A,0,,,,,Y,,A,1,0,0,3,0,0,0,0,0,0,- ,- ,,,IMPERIAL,EL CENTRO,-115.5699844,32.79655075
9355674,2021,11/4/2021,1304,8/8/2021,1306,325,ELCE,7,5,4,1304,0,0,0,,0,EAST,4TH,DESERT GARDENS,0,,Y,A,-,Y,IMP,11,86,-,-,6.499,I,6,S,N,3,0,1,2,A,-,11,21950,B,N,D,G,A,A,H,-,A,D,0,,Y,,,Y,,L,4,0,1,0,0,0,0,1,0,0,- ,- ,32.78089905,-115.5525665,IMPERIAL,EL CENTRO,-115.5524292,32.78094864
9357330,2021,12/6/2021,1304,10/19/2021,1639,322,EAST,2,5,4,1304,0,0,0,,0,EAST,ROSS AV,DOGWOOD RD,0,,-,A,-,N,,,,,,,,,,N,3,0,2,3,A,-,3,22350,,M,C,C,A,A,H,-,A,A,0,,,,,Y,,-,,0,2,0,0,0,0,0,0,0,- ,- ,32.78099823,-115.5350037,IMPERIAL,EL CENTRO,-115.5353775,32.78149033
9377961,2021,1/14/2022,1304,12/28/2021,1518,322,EWEST,2,5,4,1304,0,0,0,,0,ECWEST,12TH ST,STACEY,0,,Y,B,-,N,,,,,,,,,,Y,3,0,2,2,A,-,9,21800,A,N,D,C,A,A,H,-,A,D,0,,,,,Y,,-,,0,2,0,0,0,0,0,0,0,- ,- ,32.80062866,-115.5656662,IMPERIAL,EL CENTRO,-115.5656738,32.80065155
9384315,2021,1/14/2022,1304,12/17/2021,1815,368,E1,5,5,4,1304,0,0,0,,0,WEST,LA BRUCHERIE AV,ROSS AV,0,,Y,A,-,N,,,,,,,,,,N,3,0,1,2,A,-,12,21453,,N,-,C,A,A,H,-,C,A,0,,,,,Y,,-,,0,1,0,0,0,0,0,0,0,- ,- ,,,IMPERIAL,EL CENTRO,-115.5784836,32.78147125
6678384,2017,1/23/2018,1304,9/23/2017,2112,344,EAST,6,5,4,1304,0,0,0,,0,,6TH ST,VINE ST,43,S,N,A,-,N,,,,,,,,,,N,1,1,0,2,A,-,3,22350,,F,G,B,D,A,H,-,C,D,0,Y,,,,Y,,-,,0,0,0,1,0,0,0,0,0,- ,- ,,,IMPERIAL,EL CENTRO,-115.5568875,32.7848425
6718637,2017,3/6/2018,1304,6/9/2017,516,326,EEAS,5,5,4,1304,0,0,0,,0,EAST,MAIN,COOLEY,126,W,N,A,-,N,,,,,,,,,,Y,1,1,0,2,A,-,11,21954,A,F,G,B,E,A,H,-,D,D,0,Y,,,,Y,,D,22,0,0,0,1,0,0,0,0,0,- ,- ,,,IMPERIAL,EL CENTRO,-115.5189013,32.79532866
6718641,2017,3/1/2018,1304,11/6/2017,1823,365,,1,5,4,1304,0,0,0,,0,WEST,CRUICKSHANK,CRUICKSHANK 1500 BLK,0,,N,A,-,N,,,,,,,,,,N,1,1,0,2,A,-,3,22350,,N,G,B,D,A,H,-,E,D,0,Y,,,,Y,,D,22,0,0,0,1,0,0,0,0,0,- ,- ,,,IMPERIAL,EL CENTRO,,
7159479,2016,2/12/2016,1304,1/20/2016,1353,342,,3,5,4,1304,0,0,0,,0,WEST,8TH ST,EL CENTRO,0,,Y,A,-,N,,,,,,,,,,N,4,0,1,2,A,-,4,21703,,N,C,C,A,A,H,-,A,D,0,,,Y,,Y,,C,6,0,0,1,0,0,0,0,0,1,- ,- ,,,IMPERIAL,EL CENTRO,-115.5614701,32.79746011
7168425,2016,1/29/2016,1304,1/7/2016,1455,343,,4,5,4,1304,0,0,0,,0,WEST,LA BRUCHERIE RD,BRADSHAW RD,0,,Y,A,-,N,,,,,,,,,,Y,3,0,1,3,A,-,12,21453,A,N,D,C,A,A,H,-,A,A,0,,,,Y,Y,,F,26,0,1,0,0,0,0,0,0,0,- ,- ,32.81122,-115.57858,IMPERIAL,EL CENTRO,-115.5786701,32.81107008
7183914,2016,2/18/2016,1304,2/1/2016,1815,357,ECSC,1,5,4,1304,0,0,0,,0,WEST,HOLT AV,IMPERIAL AV,0,,Y,A,-,N,,,,,,,,,,N,3,0,1,2,A,-,14,21201,D,N,H,G,A,A,H,-,D,A,0,,Y,,,Y,,L,4,0,1,0,0,0,0,1,0,0,- ,- ,,,IMPERIAL,EL CENTRO,-115.5698201,32.78797008
7188766,2016,2/23/2016,1304,2/4/2016,1404,359,,4,5,4,1304,0,0,0,,0,EAST,ROSS AV,5TH ST,0,,Y,A,-,N,,,,,,,,,,Y,4,0,1,2,A,-,5,21202,A,N,D,C,A,A,H,-,A,A,0,,,,,Y,,A,1,0,0,1,0,0,0,0,0,0,- ,- ,32.78149,-115.55464,IMPERIAL,EL CENTRO,-115.5546201,32.78145006
7198489,2016,3/16/2016,1304,2/18/2016,1630,329,1304,4,5,4,1304,0,0,0,,0,PATROL,WAKE AV,THOMAS DR,0,,Y,A,-,N,,,,,,,,,,Y,4,0,1,2,A,-,12,22450,A,N,D,C,A,A,H,-,A,A,0,,,,,Y,,-,,0,0,1,0,0,0,0,0,0,- ,- ,,,IMPERIAL,EL CENTRO,-115.5576501,32.7708901
7198490,2016,3/16/2016,1304,2/16/2016,1850,331,1304,2,5,4,1304,0,0,0,,0,,LA BRUCHERIE,ROSS,0,,Y,A,-,N,,,,,,,,,,Y,3,0,3,3,A,-,12,21453,A,N,D,C,A,A,H,-,C,A,0,,,,,Y,Y,A,1,0,1,2,0,0,0,0,0,0,- ,- ,,,IMPERIAL,EL CENTRO,-115.5784801,32.78147007
7198493,2016,3/16/2016,1304,2/6/2016,34,341,ECPD,6,5,4,1304,0,0,0,,0,EAST,E MAIN,GILLETTE,792,E,N,A,-,N,,,,,,,,,,Y,3,0,1,2,A,-,8,22107,,N,E,E,A,A,H,-,C,D,0,,,,,Y,,A,1,0,1,0,0,0,0,0,0,0,- ,- ,32.7939,-115.5241,IMPERIAL,EL CENTRO,-115.52697,32.79295
7201563,2016,3/15/2016,1301,2/5/2016,1924,912,BRAWL,5,5,3,1301,0,0,0,,0,1,A ST,1ST ST,0,,Y,A,-,N,,,,,,,,,,N,4,0,1,2,A,-,9,21800,A,N,G,G,A,A,H,-,D,A,0,,Y,,,Y,,A,1,0,0,1,0,0,0,1,0,0,- ,- ,,,IMPERIAL,BRAWLEY,-115.5654201,32.95911001
7201571,2016,3/22/2016,1301,2/5/2016,1435,911,BRAWL,5,5,3,1301,0,0,0,,0,1,D ST,N 7TH ST,0,,Y,A,-,N,,,,,,,,,,Y,4,0,1,2,A,-,3,22350,,N,H,A,A,-,H,-,A,A,0,,,Y,,Y,,-,- ,0,0,1,0,0,0,0,0,1,- ,- ,,,IMPERIAL,BRAWLEY,-115.5311501,32.98088007
7210486,2016,3/25/2016,1304,3/2/2016,1927,365,ECSC,3,5,4,1304,0,0,0,,0,WEST,EUCLID,12TH ST,299,E,N,A,-,N,,,,,,,,,,,4,0,1,2,A,-,8,22107,,N,B,E,A,A,H,-,C,D,0,,,,,Y,,A,1,0,0,1,0,0,0,0,0,0,- ,- ,,,IMPERIAL,EL CENTRO,-115.5646624,32.79837492
7210490,2016,2/10/2017,1304,2/29/2016,1229,345,EAST,1,5,4,1304,0,0,0,,0,,4TH ST,VINE,0,,N,A,-,Y,IMP,11,86,-,-,6.773,I,5,S,Y,4,0,1,2,A,-,9,21801,A,N,D,C,A,A,H,-,-,D,0,,,Y,,Y,,D,22,0,0,1,0,0,0,0,0,1,- ,- ,32.7849,-115.5525,IMPERIAL,EL CENTRO,-115.5524946,32.78496185
8005264,2016,3/30/2016,1304,3/15/2016,1513,360,ESCO,2,5,4,1304,0,0,0,,0,,IMPERIAL,BROADWAY,0,,Y,A,-,N,,,,,,,,,,N,4,0,1,2,A,-,3,22350,,N,C,C,A,A,H,-,A,A,0,,,,,Y,,-,,0,0,1,0,0,0,0,0,0,- ,- ,,,IMPERIAL,EL CENTRO,-115.56992,32.79380009
8005276,2016,3/30/2016,1304,3/20/2016,2013,324,1304,7,5,4,1304,0,0,0,,0,WEST,W ROSS,COTTONWOOD,0,E,N,A,-,N,,,,,,,,,,N,4,0,1,2,A,-,8,22100,,N,D,C,A,A,H,-,C,D,0,,,Y,,Y,,A,1,0,0,1,0,0,0,0,0,1,- ,- ,32.78131,-115.5748,IMPERIAL,EL CENTRO,-115.5719601,32.78146009
8018376,2016,4/26/2016,1304,4/2/2016,1822,365,EAST,6,5,4,1304,0,0,0,,0,EAST,DANENBERG AV,DOGWOOD RD,0,,Y,A,-,N,,,,,,,,,,Y,4,0,1,2,A,-,12,21453,A,N,D,C,A,A,H,-,A,A,0,,,,,Y,,D,22,0,0,1,0,0,0,0,0,0,- ,- ,,,IMPERIAL,EL CENTRO,-115.5351501,32.76692008
8018392,2016,4/27/2016,1304,4/2/2016,1848,344,4,6,5,4,1304,0,0,0,,0,WEST,IMPERIAL,VINE,0,,Y,A,-,N,,,,,,,,,,Y,2,0,3,2,A,-,12,22450,,N,D,C,A,A,H,-,A,A,0,,,,,Y,,A,1,1,1,1,0,0,0,0,0,0,- ,- ,,,IMPERIAL,EL CENTRO,-115.56976,32.78490008
8045572,2016,2/18/2017,1304,5/4/2016,1,327,ECPD,3,5,4,1304,0,0,0,,0,EAST,ROSS,4TH,0,,Y,A,-,Y,IMP,11,86,-,L,6.52,H,-,N,Y,4,0,4,1,A,-,8,22107,,M,E,I,A,A,H,-,C,A,0,,,,,Y,,A,1,0,0,4,0,0,0,0,0,0,- ,- ,,,IMPERIAL,EL CENTRO,-115.5524252,32.78124873
8046078,2016,6/6/2016,1304,4/29/2016,1608,314,E1,5,5,4,1304,0,0,0,,0,,ADAMS,5TH,158,W,N,A,-,N,,,,,,,,,,N,4,0,1,2,A,-,3,22350,,N,C,C,A,A,H,-,A,D,0,,,,,Y,,J,48,0,0,1,0,0,0,0,0,0,- ,- ,,,IMPERIAL,EL CENTRO,-115.5554913,32.79653757
8050111,2016,6/9/2016,1301,5/20/2016,1701,9A2,BRAWL,5,5,3,1301,0,0,0,,0,1,MAIN,3RD,918,E,N,A,-,N,,,,,,,,,,N,3,0,2,2,A,-,3,22350,,N,C,C,A,A,H,-,A,A,0,,,,,Y,,A,1,0,1,1,0,0,0,0,0,0,- ,- ,,,IMPERIAL,BRAWLEY,-115.5342434,32.97863
8058548,2016,6/17/2016,1304,5/12/2016,1328,E0025,,4,5,4,1304,0,0,0,,0,PATROL,6TH ST,EUCLID AV,0,,Y,A,-,N,,,,,,,,,,N,4,0,2,2,A,-,9,21802,A,N,D,C,A,A,H,-,A,A,0,,,,,Y,,-,,0,0,2,0,0,0,0,0,0,- ,- ,,,IMPERIAL,EL CENTRO,-115.5570901,32.79837008
8058615,2016,6/15/2016,1304,5/8/2016,420,364,4,7,5,4,1304,0,0,0,,0,,LA BRUCHERIE,ROSS,0,,Y,A,-,N,,,,,,,,,,N,4,0,1,2,A,-,3,22350,,N,C,C,A,A,H,-,C,A,0,,,,,Y,,A,1,0,0,1,0,0,0,0,0,0,- ,- ,32.7812,-115.5784,IMPERIAL,EL CENTRO,-115.5784801,32.78147007
8058619,2016,2/18/2017,1304,5/10/2016,1213,YU 358,EAST,2,5,4,1304,0,0,0,,0,EEAST,4TH ST,AURORA DR,392,N,N,A,-,Y,IMP,11,86,-,-,6.39,H,-,N,N,4,0,1,2,A,-,9,21801,A,N,D,C,A,A,H,-,A,D,0,,,,,Y,,A,1,0,0,1,0,0,0,0,0,0,- ,- ,,,IMPERIAL,EL CENTRO,-115.5523878,32.77939045
8069697,2016,7/7/2016,1301,5/23/2016,1955,9A11,BRAWL,1,5,3,1301,0,0,0,,0,1,EUCALYPTUS,LAUREL,65,S,N,G,-,N,,,,,,,,,,Y,4,0,4,3,A,-,3,22350,,N,C,E,A,A,H,-,A,D,0,,,,,Y,,A,1,0,0,4,0,0,0,0,0,0,- ,- ,,,IMPERIAL,BRAWLEY,-115.5377788,32.98894325
8069698,2016,6/27/2016,1301,5/27/2016,921,9A12,BRAWL,5,5,3,1301,0,0,0,,0,1,2ND ST,E ST,0,,Y,A,-,N,,,,,,,,,,Y,3,0,1,2,A,-,9,21802,A,N,D,C,A,A,H,-,A,A,0,,,,,Y,,A,1,0,1,0,0,0,0,0,0,0,- ,- ,,,IMPERIAL,BRAWLEY,-115.5394401,32.97977011
8093402,2016,8/8/2016,1301,7/7/2016,634,903,BRAWL,4,5,3,1301,0,0,0,,0,1,MAIN ST,3RD ST,0,,Y,A,-,N,,,,,,,,,,Y,4,0,2,2,A,-,3,22350,,N,C,C,A,A,H,-,A,A,0,,,,Y,Y,,F,26,0,0,2,0,0,0,0,0,0,- ,- ,,,IMPERIAL,BRAWLEY,-115.53722,32.97863001
8104580,2016,8/23/2016,1304,7/17/2016,1750,340,4,7,5,4,1304,0,0,0,,0,,8TH,EUCLID,0,,Y,A,-,N,,,,,,,,,,N,3,0,1,2,A,-,12,22450,A,M,B,G,A,A,H,-,A,A,0,,Y,,,Y,,A,1,0,1,0,0,0,0,1,0,0,- ,- ,,,IMPERIAL,EL CENTRO,-115.56146,32.79838008
8104584,2016,1/23/2017,1304,7/18/2016,1524,E0075,4,1,5,4,1304,0,0,0,,0,,IMPERIAL,BRADSHAW,0,,Y,A,-,Y,IMP,11,86,-,-,8.302,I,5,N,Y,3,0,3,2,A,-,12,21453,A,N,D,C,A,A,H,-,A,A,0,,,,,Y,,A,8,0,1,2,0,0,0,0,0,0,- ,- ,,,IMPERIAL,EL CENTRO,-115.5699199,32.81112602
8104632,2016,8/23/2016,1304,7/9/2016,827,369,,6,5,4,1304,0,0,0,,0,WEST,IMPERIAL AV,ROSS AV,0,,Y,A,-,N,,,,,,,,,,Y,4,0,1,2,D,-,0,,,N,A,C,A,A,H,-,A,A,0,,,,,Y,,-,- ,0,0,1,0,0,0,0,0,0,- ,- ,,,IMPERIAL,EL CENTRO,-115.5696901,32.78148002
8124054,2016,9/20/2016,1304,8/19/2016,2011,E0167,4,5,5,4,1304,0,0,0,,0,WEST,ROSS,PLANK,384,E,N,A,-,N,,,,,,,,,,N,3,0,1,2,A,-,1,23152,E,N,C,E,A,A,H,-,C,D,0,,,,,Y,,A,1,0,1,0,0,0,0,0,0,0,- ,- ,,,IMPERIAL,EL CENTRO,-115.5893683,32.78145219
8124058,2016,9/20/2016,1304,8/30/2016,2033,354,,2,5,4,1304,0,0,0,,0,,IMPERIAL,ROSS,207,N,N,A,-,N,,,,,,,,,,Y,4,0,2,3,A,-,3,22350,,N,C,C,A,A,H,-,C,A,0,,,,,Y,,D,22,0,0,2,0,0,0,0,0,0,- ,- ,,,IMPERIAL,EL CENTRO,-115.5696994,32.7820457
8124326,2016,1/19/2017,1304,9/4/2016,1347,342,4,7,5,4,1304,0,0,0,,0,WEST,IMPERIAL AV,COMMERCIAL AV,0,,-,A,-,N,,,,,,,,,,N,4,0,1,2,A,-,3,22350,,N,C,C,A,A,H,-,A,A,0,,,,,Y,,-,,0,0,1,0,0,0,0,0,0,- ,- ,32.7956,-115.5699,IMPERIAL,EL CENTRO,-115.5699601,32.79513008
8124335,2016,9/20/2016,1304,8/29/2016,1457,357,EWEST,1,5,4,1304,0,0,0,,0,WEST,8TH,EUCLID,0,,Y,A,-,N,,,,,,,,,,Y,4,0,1,2,A,-,9,21802,A,N,D,C,A,A,H,-,A,A,0,,,,,Y,,-,,0,0,1,0,0,0,0,0,0,- ,- ,32.7974,-115.5615,IMPERIAL,EL CENTRO,-115.56146,32.79838008
8124343,2016,9/20/2016,1304,8/30/2016,1432,367,EAST,2,5,4,1304,0,0,0,,0,EAST,MAIN,8TH,0,,Y,A,-,N,,,,,,,,,,Y,3,0,1,2,A,-,12,21453,A,N,D,C,A,A,H,-,A,A,0,,,Y,,Y,,-,- ,0,1,0,0,0,0,0,0,1,- ,- ,32.7928,-115.5613,IMPERIAL,EL CENTRO,-115.56143,32.79283001
8129790,2016,9/27/2016,1304,9/12/2016,1709,327,EAST,1,5,4,1304,0,0,0,,0,EAST,6TH,STATE,0,,Y,A,-,N,,,,,,,,,,N,4,0,1,2,A,-,12,22450,A,F,D,G,A,A,H,-,A,A,0,,Y,,,Y,,L,4,0,0,1,0,0,0,1,0,0,- ,- ,32.7918,-115.557,IMPERIAL,EL CENTRO,-115.5569501,32.79178005
8134586,2016,3/24/2017,1304,9/13/2016,1642,367,WEST,2,5,4,1304,0,0,0,,0,WEST,IMPERIAL,ADAMS,124,,N,A,-,Y,IMP,11,86,-,-,7.33,H,-,N,Y,4,0,1,2,A,-,3,22350,,N,C,C,A,A,H,-,A,A,0,,,,,Y,,-,- ,0,0,1,0,0,0,0,0,0,- ,- ,,,IMPERIAL,EL CENTRO,-115.5696893,32.79689193
8137872,2016,10/12/2016,1304,9/22/2016,755,332,6,4,5,4,1304,0,0,0,,0,EAST,DOGWOOD,MAIN ST,442,N,N,A,-,N,,,,,,,,,,Y,3,0,2,4,A,-,3,22350,,N,C,C,A,A,H,-,A,D,0,,,,,Y,,A,1,0,1,1,0,0,0,0,0,0,- ,- ,,,IMPERIAL,EL CENTRO,-115.53565,32.79402798