CASE_ID,ACCIDENT_YEAR,PROC_DATE,JURIS,COLLISION_DATE,COLLISION_TIME,OFFICER_ID,REPORTING_DISTRICT,DAY_OF_WEEK,CHP_SHIFT,POPULATION,CNTY_CITY_LOC,SPECIAL_COND,BEAT_TYPE,CHP_BEAT_TYPE,CITY_DIVISION_LAPD,CHP_BEAT_CLASS,BEAT_NUMBER,PRIMARY_RD,SECONDARY_RD,DISTANCE,DIRECTION,INTERSECTION,WEATHER_1,WEATHER_2,STATE_HWY_IND,CALTRANS_COUNTY,CALTRANS_DISTRICT,STATE_ROUTE,ROUTE_SUFFIX,POSTMILE_PREFIX,POSTMILE,LOCATION_TYPE,RAMP_INTERSECTION,SIDE_OF_HWY,TOW_AWAY,COLLISION_SEVERITY,NUMBER_KILLED,NUMBER_INJURED,PARTY_COUNT,PRIMARY_COLL_FACTOR,PCF_CODE_OF_VIOL,PCF_VIOL_CATEGORY,PCF_VIOLATION,PCF_VIOL_SUBSECTION,HIT_AND_RUN,TYPE_OF_COLLISION,MVIW,PED_ACTION,ROAD_SURFACE,ROAD_COND_1,ROAD_COND_2,LIGHTING,CONTROL_DEVICE,CHP_ROAD_TYPE,PEDESTRIAN_ACCIDENT,BICYCLE_ACCIDENT,MOTORCYCLE_ACCIDENT,TRUCK_ACCIDENT,NOT_PRIVATE_PROPERTY,ALCOHOL_INVOLVED,STWD_VEHTYPE_AT_FAULT,CHP_VEHTYPE_AT_FAULT,COUNT_SEVERE_INJ,COUNT_VISIBLE_INJ,COUNT_COMPLAINT_PAIN,COUNT_PED_KILLED,COUNT_PED_INJURED,COUNT_BICYCLIST_KILLED,COUNT_BICYCLIST_INJURED,COUNT_MC_KILLED,COUNT_MC_INJURED,PRIMARY_RAMP,SECONDARY_RAMP,LATITUDE,LONGITUDE,COUNTY,CITY,POINT_X,POINT_Y
8138002,2016,10/13/2016,1304,8/21/2016,400,341,4,7,5,4,1304,0,0,0,,0,WEST,LA BRUCHERIE,VILLA,35,S,N,A,-,N,,,,,,,,,,Y,2,0,2,1,A,-,1,23152,A,N,E,I,A,A,H,-,C,A,0,,,,,Y,Y,A,1,1,1,0,0,0,0,0,0,0,- ,- ,,,IMPERIAL,EL CENTRO,-115.5786597,32.80355434
8154963,2016,10/31/2016,1305,10/14/2016,1848,682,HOLT,5,5,2,1305,0,0,0,,0,HOLT,WALNUT AV,7TH ST,0,,Y,A,-,N,,,,,,,,,,N,3,0,1,1,A,-,1,23152,A,N,A,J,A,A,H,-,A,D,0,,,,,Y,Y,A,7,0,1,0,0,0,0,0,0,0,- ,- ,,,IMPERIAL,HOLTVILLE,-115.37647,32.81476007
8160145,2016,2/11/2017,1306,4/1/2016,1509,414,,5,5,2,1306,0,0,0,,0,,RT 86,ATEN RD,35,S,N,A,-,Y,IMP,11,86,-,-,9.29,H,-,N,Y,4,0,1,3,A,-,- ,,,N,C,C,A,A,H,-,A,A,0,,,,,Y,,D,22,0,0,1,0,0,0,0,0,0,- ,- ,,,IMPERIAL,IMPERIAL,-115.5698775,32.82537411
8164930,2016,11/14/2016,1304,10/23/2016,755,327,EWEST,7,5,4,1304,0,0,0,,0,WEST,BARBARA WORTH DR,IMPERIAL,465,W,N,A,-,N,,,,,,,,,,Y,3,0,1,3,A,-,8,22107,,M,D,E,A,A,H,-,A,D,0,,,,,Y,,A,1,0,1,0,0,0,0,0,0,0,- ,- ,,,IMPERIAL,EL CENTRO,-115.5714547,32.79463001
8165540,2016,2/11/2017,1306,5/19/2016,1722,411,IMPER,4,5,2,1306,0,0,0,,0,IMPERA,RT 86,NECKEL RD,0,,Y,G,-,Y,IMP,11,86,-,-,11.824,I,5,S,Y,4,0,2,2,A,-,9,21804,A,N,D,C,A,A,H,-,A,D,0,,,,,Y,,-,,0,0,2,0,0,0,0,0,0,- ,- ,,,IMPERIAL,IMPERIAL,-115.5702426,32.86188786
8165548,2016,11/14/2016,1306,4/28/2016,1308,408,IMPER,4,5,2,1306,0,0,0,,0,PATROL,ATEN RD,CROSS RD,2112,E,N,A,-,N,,,,,,,,,,Y,3,0,2,3,A,-,8,22107,,N,B,C,A,A,H,-,A,A,0,,,,,Y,,-,,0,2,0,0,0,0,0,0,0,- ,- ,,,IMPERIAL,IMPERIAL,-115.5460137,32.82543538
8165556,2016,2/11/2017,1306,2/5/2016,1646,410,IMPER,5,5,2,1306,0,0,0,,0,PATROL,RT 86,10TH ST,0,,Y,A,-,Y,IMP,11,86,-,-,10.96,I,5,S,Y,4,0,5,3,A,-,9,21802,A,N,D,C,A,A,H,-,A,D,0,,,,,Y,,-,,0,0,5,0,0,0,0,0,0,- ,- ,,,IMPERIAL,IMPERIAL,-115.5689776,32.84952686
8165560,2016,2/11/2017,1306,2/5/2016,1535,403,IMPER,5,5,2,1306,0,0,0,,0,PATROL,RT 86,2ND ST,0,,Y,A,-,Y,IMP,11,86,-,-,10.39,I,5,S,Y,3,0,1,2,A,-,9,21801,A,N,D,C,A,A,H,-,A,D,0,,,,,Y,,-,,0,1,0,0,0,0,0,0,0,- ,- ,,,IMPERIAL,IMPERIAL,-115.5691816,32.84127286
8165600,2016,2/18/2017,1306,7/6/2016,1233,410,ESCS,3,5,2,1306,0,0,0,,0,PATROL,IMPERIAL AV,AIRPORT RD,42,N,N,A,-,Y,IMP,11,86,-,-,9.85,H,-,S,Y,4,0,1,2,A,-,4,21703,,N,C,C,A,A,H,-,A,D,0,,,,,Y,,-,,0,0,1,0,0,0,0,0,0,- ,- ,,,IMPERIAL,IMPERIAL,-115.5699023,32.83341273
8166756,2016,3/15/2017,1306,10/13/2016,1939,404,,4,5,2,1306,0,0,0,,0,,RT 86,AIRPORT RD,146,S,N,A,-,Y,IMP,11,86,-,-,9.81,H,-,S,,1,1,0,2,A,-,11,21954,A,N,G,B,D,A,H,-,D,D,0,Y,,,,Y,,N,60,0,0,0,1,0,0,0,0,0,- ,- ,,,IMPERIAL,IMPERIAL,-115.5698994,32.83283509
8167016,2016,9/11/2017,1304,6/11/2016,2019,E0179,4,6,5,4,1304,0,0,0,,0,WEST,WATERMAN,AURORA,175,N,N,A,-,N,,,,,,,,,,N,1,1,0,2,D,-,0,,,F,G,B,E,A,H,-,C,D,0,Y,,,,Y,,-,- ,0,0,0,1,0,0,0,0,0,- ,- ,,,IMPERIAL,EL CENTRO,-115.5738618,32.7787282
8167151,2018,6/1/2018,1301,1/17/2018,1924,906,BRAWL,3,5,3,1301,0,0,0,,0,2,RT 86,LAS FLORES,21,N,N,A,-,Y,,,,,,,,,,N,1,1,0,2,A,-,11,21954,A,N,G,B,D,A,H,-,C,D,0,Y,,,,Y,Y,N,60,0,0,0,1,0,0,0,0,0,- ,- ,,,IMPERIAL,BRAWLEY,,
8168501,2016,3/4/2017,1301,10/10/2016,1830,907,BRAWL,1,5,3,1301,0,0,0,,0,2,RT 86,LEGION,99,N,N,A,-,Y,IMP,11,86,-,-,19.21,H,-,N,Y,4,0,1,2,A,-,3,22350,,N,C,C,A,A,H,-,C,A,0,,,,,Y,,A,1,0,0,1,0,0,0,0,0,0,- ,- ,,,IMPERIAL,BRAWLEY,-115.5504384,32.96020229
8168924,2016,11/28/2016,1301,5/13/2016,1830,9A5,BRAWL,5,5,3,1301,0,0,0,,0,3,B ST,9TH ST,0,,Y,A,-,N,,,,,,,,,,N,3,0,1,2,A,-,8,22107,,F,H,G,A,A,H,-,B,A,0,,Y,,,Y,,-,,0,1,0,0,0,0,1,0,0,- ,- ,,,IMPERIAL,BRAWLEY,-115.5274301,32.98305012
8169471,2016,11/16/2016,1301,10/18/2016,1901,911,BRAWL,2,5,3,1301,0,0,0,,0,1,MAIN,PLAZA,291,W,N,A,-,N,,,,,,,,,,N,3,0,1,2,D,-,0,,,N,G,B,C,A,H,-,C,A,0,Y,,,,Y,,-,- ,0,1,0,0,1,0,0,0,0,- ,- ,,,IMPERIAL,BRAWLEY,-115.5371036,32.97863
8171597,2016,11/22/2016,1304,10/31/2016,1350,344,4,1,5,4,1304,0,0,0,,0,WEST,STATE,9TH ST,0,,Y,A,-,N,,,,,,,,,,Y,4,0,1,2,A,-,9,21800,A,N,D,C,A,A,H,-,A,A,0,,,,,Y,,A,1,0,0,1,0,0,0,0,0,0,- ,- ,,,IMPERIAL,EL CENTRO,-115.5625701,32.79177006
8178745,2016,4/14/2018,1304,11/28/2016,952,334,6,1,5,4,1304,0,0,0,,0,EAST,4TH ST,RT 8,0,,N,A,-,Y,IMP,11,8,-,-,38.126,R,1,W,N,4,0,1,2,D,-,0,,,N,-,B,B,-,H,-,A,A,0,Y,,,,Y,,-,- ,0,0,1,0,1,0,0,0,0,- ,WF,32.7742,-115.5519,IMPERIAL,EL CENTRO,-115.5604374,32.77400273
8187369,2016,1/12/2017,1301,12/6/2016,1231,9A2,BRAWL,2,5,3,1301,0,0,0,,0,1,MAIN,2ND,7,E,N,A,-,N,,,,,,,,,,N,4,0,1,2,A,-,11,21950,B,N,G,-,E,A,H,-,A,A,0,Y,,,,Y,,N,60,0,0,1,0,1,0,0,0,0,- ,- ,,,IMPERIAL,BRAWLEY,-115.5394273,32.97863
8188507,2016,1/6/2017,1301,11/14/2016,1719,9A15,BRAWL,1,5,3,1301,0,0,0,,0,2,ALLEN ST,RIO VISTA AV,0,,Y,A,-,N,,,,,,,,,,N,4,0,1,2,A,-,9,21802,A,N,D,G,A,A,H,-,C,A,0,,Y,,,Y,,A,1,0,0,1,0,0,0,1,0,0,- ,- ,32.97205,-115.54796,IMPERIAL,BRAWLEY,-115.548,32.97205004
8196211,2016,1/5/2017,1301,11/19/2016,1701,901,BRAWL,6,5,3,1301,0,0,0,,0,1,MAIN ST,N WESTERN AV,33,W,N,A,-,N,,,,,,,,,,Y,4,0,1,2,A,-,8,22107,,N,D,C,A,A,H,-,C,A,0,,,,,Y,,-,,0,0,1,0,0,0,0,0,0,- ,- ,,,IMPERIAL,BRAWLEY,-115.543767,32.97863
8281905,2016,1/19/2017,1301,12/2/2016,2226,903,BRAWL,5,5,3,1301,0,0,0,,0,4,DOGWOOD RD,MEAD RD,0,,Y,A,-,N,,,,,,,,,,Y,4,0,1,1,C,-,18,,,N,H,A,A,A,G,-,D,D,0,,,Y,,Y,,-,- ,0,0,1,0,0,0,0,0,1,- ,- ,32.9561,-115.53519,IMPERIAL,BRAWLEY,-115.5352301,32.95633002
8285625,2017,1/26/2017,1304,1/8/2017,2303,354,,7,5,4,1304,0,0,0,,0,,SOUTHWIND,6TH,65,W,N,A,-,N,,,,,,,,,,N,4,0,1,2,A,-,8,22107,,N,C,E,A,A,H,-,C,D,0,,,,,Y,,-,,0,0,1,0,0,0,0,0,0,- ,- ,,,IMPERIAL,EL CENTRO,-115.5567903,32.77462216
8285637,2017,1/31/2017,1304,1/12/2017,1204,333,,4,5,4,1304,0,0,0,,0,,12TH ST,MAIN ST,0,,Y,B,-,N,,,,,,,,,,Y,4,0,1,2,A,-,12,22450,A,N,D,C,A,A,H,-,A,A,0,,,,,Y,,A,1,0,0,1,0,0,0,0,0,0,- ,- ,,,IMPERIAL,EL CENTRO,-115.5655401,32.79283004
8286160,2016,3/27/2017,1304,12/17/2016,1859,355,6,6,5,4,1304,0,0,0,,0,EAST,4TH ST,MAIN ST,16,S,N,A,-,Y,IMP,11,86,-,-,7.29,H,-,S,N,4,0,1,2,A,-,12,21453,A,N,D,G,A,A,H,-,A,A,0,,Y,,,Y,,-,- ,0,0,1,0,0,0,1,0,0,- ,- ,,,IMPERIAL,EL CENTRO,-115.5640276,32.79655085
8300846,2016,2/7/2017,1301,12/31/2016,2146,904,BRAWL,6,5,3,1301,0,0,0,,0,2,MAIN ST,8TH ST,228,E,N,C,-,N,,,,,,,,,,N,3,0,1,2,A,-,11,21954,A,N,G,B,D,B,H,-,D,D,0,Y,,,,Y,Y,N,60,0,1,0,0,1,0,0,0,0,- ,- ,32.97861,-115.52969,IMPERIAL,BRAWLEY,-115.5297207,32.97863
8306733,2016,2/15/2017,1305,12/29/2016,1200,667,,4,5,2,1305,0,0,0,,0,HOLTVI,5TH ST,WALNUT AV,0,,Y,A,-,N,,,,,,,,,,N,3,0,1,2,A,-,5,21650,1,N,D,G,A,A,H,-,A,D,0,,Y,,,Y,,L,4,0,1,0,0,0,0,1,0,0,- ,- ,,,IMPERIAL,HOLTVILLE,-115.3764301,32.81094006
8311666,2017,3/6/2017,1304,1/12/2017,1810,343,ELCE,4,5,4,1304,0,0,0,,0,EAST,4TH ST,AURORA DR,401,N,N,A,-,N,,,,,,,,,,Y,3,0,1,2,A,-,9,21801,A,N,D,C,A,A,H,-,C,D,0,,,Y,,Y,,A,7,0,1,0,0,0,0,0,0,1,- ,- ,,,IMPERIAL,EL CENTRO,-115.5523753,32.77957574
8311894,2017,3/1/2017,1304,2/1/2017,1240,332,4,3,5,4,1304,0,0,0,,0,WEST,IMPERIAL AV,BRIGHTON AV,70,N,N,A,-,N,,,,,,,,,,Y,3,0,1,2,A,-,8,22107,,F,D,C,A,A,H,-,A,D,0,,,,,Y,,A,1,0,1,0,0,0,0,0,0,0,- ,- ,32.78996,-115.56982,IMPERIAL,EL CENTRO,-115.569842,32.78989131
8311936,2017,2/23/2017,1304,2/9/2017,1441,359,,4,5,4,1304,0,0,0,,0,EAST,EUCLID AV,7TH ST,0,,Y,A,-,N,,,,,,,,,,Y,4,0,2,2,A,-,9,21802,A,N,B,C,A,A,H,-,A,A,0,,,,,Y,,-,,0,0,2,0,0,0,0,0,0,- ,- ,,,IMPERIAL,EL CENTRO,-115.55924,32.79838
8313291,2017,2/28/2017,1301,1/17/2017,753,9A13,BRAWL,2,5,3,1301,0,0,0,,0,1,A ST,3RD,6,W,N,A,-,N,,,,,,,,,,N,4,0,1,2,A,-,5,21650,1,N,G,G,A,A,H,-,A,-,0,,Y,,,Y,,L,4,0,0,1,0,0,0,1,0,0,- ,- ,,,IMPERIAL,BRAWLEY,-115.5637976,32.95905703
8321541,2017,2/15/2018,1301,2/16/2017,2002,9A12,BRAWL,4,5,3,1301,0,0,0,,0,2,RT 86,MALAN,306,S,N,A,-,Y,IMP,11,86,-,-,20.01,H,-,N,N,3,0,1,2,A,-,8,22107,,N,B,G,A,A,H,-,C,A,0,,Y,,,Y,,M,59,0,1,0,0,0,0,1,0,0,- ,- ,,,IMPERIAL,BRAWLEY,-115.5443259,32.97065263
8325840,2017,12/26/2017,1304,2/24/2017,46,342,,5,5,4,1304,0,0,0,,0,EAST,DOGWOOD,E COMMERCIAL AV,0,,Y,A,-,N,,,,,,,,,,N,3,0,1,1,A,-,3,22350,,N,H,A,A,A,H,-,D,D,0,,,Y,,Y,,C,2,0,1,0,0,0,0,0,0,1,- ,- ,32.7965,-115.5356,IMPERIAL,EL CENTRO,-115.5356501,32.79488007
8327606,2017,12/26/2017,1304,2/24/2017,1358,358,,5,5,4,1304,0,0,0,,0,,IMPERIAL,PEPPER,42,S,N,A,-,N,,,,,,,,,,Y,3,0,2,2,A,-,8,22107,,N,D,C,A,A,H,-,A,D,0,,,,,Y,,A,7,0,1,1,0,0,0,0,0,0,- ,- ,,,IMPERIAL,EL CENTRO,-115.5696967,32.77929524
8327763,2017,3/24/2017,1304,2/27/2017,1212,365,,1,5,4,1304,0,0,0,,0,EAST,ADAMS AV,IMPERIAL AV,0,,Y,C,-,N,,,,,,,,,,Y,4,0,1,2,A,-,12,21453,A,N,D,C,A,B,H,-,A,A,0,,,,,Y,,A,1,0,0,1,0,0,0,0,0,0,- ,- ,32.7965,-115.57,IMPERIAL,EL CENTRO,-115.5699801,32.7964801
8335150,2017,4/1/2017,1304,2/13/2017,1702,357,WEST,1,5,4,1304,0,0,0,,0,,WAKE,8TH,0,,N,A,-,N,,,,,,,,,,Y,3,0,1,1,C,-,18,,,N,E,J,A,A,H,-,A,A,0,,,,,Y,,-,- ,0,1,0,0,0,0,0,0,0,- ,- ,32.7708,-115.5609,IMPERIAL,EL CENTRO,-115.5610601,32.77064007
8338055,2017,4/4/2017,1304,3/9/2017,1903,331,6,4,5,4,1304,0,0,0,,0,EAST,ADAMS,7TH,0,,Y,A,-,N,,,86,,,,,,,N,3,0,1,2,A,-,11,21950,B,N,G,B,B,A,H,-,C,D,0,Y,,,,Y,,N,60,0,1,0,0,1,0,0,0,0,- ,- ,32.7964,-115.5591,IMPERIAL,EL CENTRO,-115.5591006,32.79655624
8338800,2017,4/21/2017,1301,2/28/2017,2031,903,BRAWL,2,5,3,1301,0,0,0,,0,2,WILLARD AV,JULIA,271,S,N,A,-,N,,,,,,,,,,Y,3,0,1,3,A,-,8,22107,,N,C,E,A,A,H,-,C,D,0,,,,,Y,,A,1,0,1,0,0,0,0,0,0,0,- ,- ,,,IMPERIAL,BRAWLEY,-115.5528765,32.96559935
8356939,2017,5/2/2017,1304,3/31/2017,1546,332,4,5,5,4,1304,0,0,0,,0,WEST,8TH ST,AURORA DR,0,,Y,A,-,N,,,,,,,,,,N,3,0,1,2,A,-,9,21803,A,N,G,B,-,A,-,-,A,D,0,Y,,,,Y,,-,,0,1,0,0,1,0,0,0,0,- ,- ,,,IMPERIAL,EL CENTRO,-115.5611801,32.77842008
8357034,2017,5/4/2017,1304,4/11/2017,2011,333,EEAS,2,5,4,1304,0,0,0,,0,EAST,DRIFTWOOD AV,4TH ST,0,,Y,A,-,N,,,,,,,,,,N,4,0,1,2,A,-,5,21650,1,N,D,G,A,A,H,-,C,A,0,,Y,,,Y,,L,4,0,0,1,0,0,0,1,0,0,- ,- ,,,IMPERIAL,EL CENTRO,-115.5522701,32.77608003
8357038,2017,6/2/2017,1304,4/7/2017,855,354,,5,5,4,1304,0,0,0,,0,,PICO,PICO 1500,0,,N,A,-,N,,,,,,,,,,N,3,0,1,2,A,-,11,21954,A,N,G,B,D,A,H,-,A,D,0,Y,,,,Y,,N,60,0,1,0,0,1,0,0,0,0,- ,- ,,,IMPERIAL,EL CENTRO,-115.5703247,32.80566808
8359557,2017,3/20/2018,1304,4/6/2017,1524,358,EAST,4,5,4,1304,0,0,0,,0,EAST,ADAMS,6TH ST,24,E,N,A,-,N,,,,,,,,,,Y,3,0,2,3,A,-,12,21453,A,N,-,C,A,A,H,-,A,A,0,,,,,Y,,A,7,0,2,0,0,0,0,0,0,0,- ,- ,,,IMPERIAL,EL CENTRO,-115.5570023,32.79653037
8361506,2017,5/17/2017,1304,4/25/2017,1530,354,,2,5,4,1304,0,0,0,,0,,MAIN,6TH,0,,Y,A,-,N,,,,,,,,,,N,4,0,1,2,A,-,9,21802,A,F,D,G,A,A,H,-,A,A,0,,Y,,,Y,,-,,0,0,1,0,0,0,1,0,0,- ,- ,,,IMPERIAL,EL CENTRO,-115.5569601,32.79282001
8370013,2017,5/17/2017,1304,5/1/2017,1145,354,,1,5,4,1304,0,0,0,,0,,WAKE,4TH,200,W,N,A,-,N,,,,,,,,,,N,4,0,1,2,A,-,9,21801,A,N,D,C,A,A,H,-,A,A,0,,,,,Y,,-,,0,0,1,0,0,0,0,0,0,- ,- ,,,IMPERIAL,EL CENTRO,-115.552967,32.7711931
8384870,2017,7/7/2017,1304,5/14/2017,2016,358,EAST,7,5,4,1304,0,0,0,,0,EAST,NORTH 4TH ST,EUCLID AV,0,,N,A,-,N,,,,,,,,,,Y,3,0,1,1,A,-,1,23152,A,M,E,I,A,A,H,-,C,D,0,,,,,Y,Y,A,1,0,1,0,0,0,0,0,0,0,- ,- ,,,IMPERIAL,EL CENTRO,-115.5527901,32.79837006
8386081,2017,7/10/2017,1304,6/17/2017,1906,327,EWEST,6,5,4,1304,0,0,0,,0,WEST,OCOTILLO,WATERMAN,0,,Y,A,-,N,,,,,,,,,,Y,4,0,2,2,A,-,12,22450,A,N,D,C,A,A,H,-,B,A,0,,,,,Y,,A,1,0,0,2,0,0,0,0,0,0,- ,- ,32.7774,-115.5738,IMPERIAL,EL CENTRO,-115.5738301,32.77737012
8387490,2017,4/12/2018,1304,6/23/2017,1433,E0104,,5,5,4,1304,0,0,0,,0,,IMPERIAL,VILLA,0,,Y,A,-,Y,IMP,11,86,-,-,7.79,H,-,N,N,3,0,2,1,A,-,3,22350,,N,F,A,A,A,H,-,A,D,0,,,Y,,Y,,C,2,0,1,1,0,0,0,0,0,2,- ,- ,,,IMPERIAL,EL CENTRO,-115.5698771,32.80342559
8391238,2017,6/20/2017,1304,5/10/2017,1733,357,,3,5,4,1304,0,0,0,,0,WEST,W BARBARA WORTH DR,W BARBARA WORTH DR 1688,0,,N,A,-,N,,,,,,,,,,Y,4,0,1,2,A,-,9,21804,A,N,D,C,A,A,H,-,A,D,0,,,Y,,Y,,A,1,0,0,1,0,0,0,0,0,0,- ,- ,,,IMPERIAL,EL CENTRO,-115.5748469,32.79462068
8391265,2017,6/23/2017,1304,4/13/2017,1951,326,6,4,5,4,1304,0,0,0,,0,EAST,4TH,MAGNOLIA,58,S,N,A,-,N,,,,,,,,,,N,2,0,1,2,A,-,3,22350,,N,G,B,D,A,H,-,C,D,0,Y,,,,Y,,D,22,1,0,0,0,1,0,0,0,0,- ,- ,,,IMPERIAL,EL CENTRO,-115.5527826,32.8012615
8391490,2017,6/20/2017,1304,5/16/2017,1641,345,,2,5,4,1304,0,0,0,,0,WEST,IMPERIAL,AURORA,3,S,N,A,-,N,,,,,,,,,,N,4,0,1,2,A,-,9,21802,A,F,A,G,A,A,H,-,A,A,0,,Y,,,Y,,A,1,0,0,1,0,0,0,1,0,0,- ,- ,,,IMPERIAL,EL CENTRO,-115.5696698,32.7783718
8391506,2017,6/19/2017,1304,5/24/2017,1318,E0025,6,3,5,4,1304,0,0,0,,0,PATROL,DOGWOOD,COMMERCIAL AV,0,,Y,A,-,N,,,,,,,,,,Y,4,0,1,2,A,-,8,22107,,F,D,C,A,A,H,-,A,A,0,,,,,Y,Y,-,,0,0,1,0,0,0,0,0,0,- ,- ,,,IMPERIAL,EL CENTRO,-115.5356501,32.79488007
8391510,2017,6/20/2017,1304,5/20/2017,1001,367,4,6,5,4,1304,0,0,0,,0,WEST,ROSS,CYPRESS,0,,Y,A,-,N,,,,,,,,,,Y,4,0,2,2,A,-,9,21801,A,N,A,C,A,A,H,-,A,A,0,,,,,Y,,A,1,0,0,2,0,0,0,0,0,0,- ,- ,32.7813,-115.5657,IMPERIAL,EL CENTRO,-115.56538,32.78149006
8391514,2017,6/20/2017,1304,5/11/2017,2033,345,EAST,4,5,4,1304,0,0,0,,0,EAST,COMMERCIAL,POLE NUMBER 27288,67,E,N,A,-,N,,,,,,,,,,Y,4,0,1,2,A,-,9,21804,A,F,D,C,A,A,H,-,D,D,0,,,Y,,Y,,-,,0,0,1,0,0,0,0,0,1,- ,- ,,,IMPERIAL,EL CENTRO,,
8391518,2017,6/20/2017,1304,5/30/2017,1314,365,,2,5,4,1304,0,0,0,,0,WEST,IMPERIAL AV,PEPPER,18,N,N,A,-,N,,,,,,,,,,Y,4,0,1,2,A,-,9,21804,A,N,D,C,A,A,H,-,A,A,0,,,Y,,Y,,A,1,0,0,1,0,0,0,0,0,1,- ,- ,,,IMPERIAL,EL CENTRO,-115.5697014,32.77945918
8393532,2017,6/19/2017,1304,4/30/2017,1738,345,ELCE,7,5,4,1304,0,0,0,,0,EAST,ROSS,6TH,17,E,N,A,-,N,,,,,,,,,,Y,4,0,2,2,A,-,12,22450,A,N,D,C,A,A,H,-,A,A,0,,,,,Y,,A,7,0,0,2,0,0,0,0,0,0,- ,- ,,,IMPERIAL,EL CENTRO,-115.556785,32.78145
8404640,2017,5/23/2018,1302,7/26/2017,747,565,1302,3,5,4,1302,0,0,0,,0,1,CESAR CHAVEZ,W 5TH ST,220,N,N,A,-,N,,,,,,,,,,N,1,1,1,2,A,-,16,29004,A,N,G,B,E,A,H,-,A,D,0,Y,,,Y,Y,,G,21,0,1,0,1,0,0,0,0,0,- ,- ,,,IMPERIAL,CALEXICO,-115.5022345,32.67044665
8404949,2018,5/26/2020,1301,4/3/2018,1812,9A12,BRAWL,2,5,3,1301,0,0,0,,0,4,MAIN ST,WILDCAT RD,283,S,N,A,-,Y,IMP,11,86,-,-,19.43,H,-,N,Y,1,1,2,4,A,-,1,23152,A,N,A,C,A,A,H,-,B,A,0,,,,,Y,Y,A,1,0,0,2,0,0,0,0,0,0,- ,- ,,,IMPERIAL,BRAWLEY,-115.5487747,32.96308517
8416859,2017,8/8/2017,1304,7/16/2017,1509,365,,7,5,4,1304,0,0,0,,0,EAST,S 4TH ST,S 4TH ST 1990,0,,N,A,-,N,,,,,,,,,,N,4,0,1,2,A,-,3,22350,,N,C,C,A,A,H,-,A,D,0,,,,,Y,,D,22,0,0,1,0,0,0,0,0,0,- ,- ,,,IMPERIAL,EL CENTRO,-115.5522949,32.77619327
8445932,2017,9/26/2017,1304,8/11/2017,2207,359,4,5,5,4,1304,0,0,0,,0,WEST,IMPERIAL,ROSS,0,N,N,A,-,N,,,,,,,,,,N,4,0,1,2,D,-,0,,,F,C,C,A,A,H,-,C,A,0,,,,,Y,,-,- ,0,0,1,0,0,0,0,0,0,- ,- ,,,IMPERIAL,EL CENTRO,-115.5696901,32.78148002
8449273,2017,9/28/2017,1304,8/30/2017,1144,327,EAST,3,5,4,1304,0,0,0,,0,EAST,AURORA,5TH,77,E,N,A,-,N,,,,,,,,,,N,4,0,1,2,A,-,17,21209,,N,B,G,A,A,H,-,A,A,0,,Y,,,Y,,A,1,0,0,1,0,0,0,1,0,0,- ,- ,,,IMPERIAL,EL CENTRO,-115.5543709,32.77845329
8470390,2017,10/23/2017,1301,9/13/2017,1507,902,BRAWL,3,5,3,1301,0,0,0,,0,0B3,PALM AV,MAIN ST,0,,Y,A,-,N,,,,,,,,,,Y,4,0,1,2,A,-,12,21453,A,N,D,C,A,A,H,-,A,A,0,,,,,Y,,A,1,0,0,1,0,0,0,0,0,0,- ,- ,,,IMPERIAL,BRAWLEY,-115.5220501,32.97864001
8472985,2017,11/28/2017,1301,9/30/2017,1633,916,BRAWL,6,5,3,1301,0,0,0,,0,1,A ST,3RD ST,161,N,N,A,-,N,,,,,,,,,,Y,4,0,1,2,A,-,9,21801,A,N,D,C,A,A,H,-,A,D,0,,,,,Y,,A,1,0,0,1,0,0,0,0,0,0,- ,- ,,,IMPERIAL,BRAWLEY,-115.5642841,32.95913
8474886,2017,11/17/2017,1302,1/25/2017,1525,CX527,1302,3,5,4,1302,0,0,0,,0,2,ANDRADE AV,SHERMAN ST,0,,N,A,-,N,,,,,,,,,,Y,4,0,1,1,A,-,3,22350,,N,E,I,A,A,H,-,A,A,0,,,Y,,Y,,C,2,0,0,1,0,0,0,0,0,1,- ,- ,,,IMPERIAL,CALEXICO,-115.4825501,32.67285005
8474918,2017,1/8/2018,1302,1/9/2017,1749,535,1302,1,5,4,1302,0,0,0,,0,4,RT 111,COLE BL,0,,Y,A,-,Y,IMP,11,111,-,R,2.3,H,-,S,N,4,0,1,2,A,-,3,22350,A,N,C,C,A,A,H,-,C,D,0,,,,,Y,,A,1,0,0,1,0,0,0,0,0,0,- ,- ,,,IMPERIAL,CALEXICO,-115.4992913,32.69533557
8478766,2017,11/13/2017,1304,7/22/2017,1332,E0075,E1,6,5,4,1304,0,0,0,,0,WEST,IMPERIAL,MAIN,0,,Y,A,-,N,,,,,,,,,,Y,4,0,1,2,A,-,12,21453,A,N,D,C,A,A,H,-,A,A,0,,,,,Y,,A,1,0,0,1,0,0,0,0,0,0,- ,- ,32.7928,-115.5698,IMPERIAL,EL CENTRO,-115.5699,32.79280002
8481995,2017,11/6/2017,1304,10/6/2017,2021,353,,5,5,4,1304,0,0,0,,0,,7TH,SMOKETREE,0,,Y,A,-,N,,,,,,,,,,Y,2,0,1,1,A,-,3,22350,,N,E,I,A,A,H,-,C,D,0,,,Y,,Y,,C,2,1,0,0,0,0,0,0,0,1,- ,- ,,,IMPERIAL,EL CENTRO,-115.55855,32.77536009
8482213,2017,1/8/2018,1302,1/24/2017,1309,CX118,1302,2,5,4,1302,0,0,0,,0,3,IMPERIAL AV,W 4TH ST,50,S,N,B,-,Y,IMP,11,111,-,-,0.47,H,-,S,N,4,0,1,2,A,-,3,22350,,N,C,C,A,A,H,-,A,A,0,,,,,Y,,A,8,0,0,1,0,0,0,0,0,0,- ,- ,,,IMPERIAL,CALEXICO,-115.4986826,32.66867212
8486546,2017,11/20/2017,1302,3/28/2017,1257,534,1302,2,5,4,1302,0,0,0,,0,2,9TH ST,PAULIN AV,0,,Y,A,-,N,,,,,,,,,,N,4,0,1,2,A,-,12,22450,A,N,D,C,A,A,H,-,A,A,0,,,,,Y,,A,1,0,0,1,0,0,0,0,0,0,- ,- ,,,IMPERIAL,CALEXICO,-115.49749,32.67568011