CASE_ID,ACCIDENT_YEAR,PROC_DATE,JURIS,COLLISION_DATE,COLLISION_TIME,OFFICER_ID,REPORTING_DISTRICT,DAY_OF_WEEK,CHP_SHIFT,POPULATION,CNTY_CITY_LOC,SPECIAL_COND,BEAT_TYPE,CHP_BEAT_TYPE,CITY_DIVISION_LAPD,CHP_BEAT_CLASS,BEAT_NUMBER,PRIMARY_RD,SECONDARY_RD,DISTANCE,DIRECTION,INTERSECTION,WEATHER_1,WEATHER_2,STATE_HWY_IND,CALTRANS_COUNTY,CALTRANS_DISTRICT,STATE_ROUTE,ROUTE_SUFFIX,POSTMILE_PREFIX,POSTMILE,LOCATION_TYPE,RAMP_INTERSECTION,SIDE_OF_HWY,TOW_AWAY,COLLISION_SEVERITY,NUMBER_KILLED,NUMBER_INJURED,PARTY_COUNT,PRIMARY_COLL_FACTOR,PCF_CODE_OF_VIOL,PCF_VIOL_CATEGORY,PCF_VIOLATION,PCF_VIOL_SUBSECTION,HIT_AND_RUN,TYPE_OF_COLLISION,MVIW,PED_ACTION,ROAD_SURFACE,ROAD_COND_1,ROAD_COND_2,LIGHTING,CONTROL_DEVICE,CHP_ROAD_TYPE,PEDESTRIAN_ACCIDENT,BICYCLE_ACCIDENT,MOTORCYCLE_ACCIDENT,TRUCK_ACCIDENT,NOT_PRIVATE_PROPERTY,ALCOHOL_INVOLVED,STWD_VEHTYPE_AT_FAULT,CHP_VEHTYPE_AT_FAULT,COUNT_SEVERE_INJ,COUNT_VISIBLE_INJ,COUNT_COMPLAINT_PAIN,COUNT_PED_KILLED,COUNT_PED_INJURED,COUNT_BICYCLIST_KILLED,COUNT_BICYCLIST_INJURED,COUNT_MC_KILLED,COUNT_MC_INJURED,PRIMARY_RAMP,SECONDARY_RAMP,LATITUDE,LONGITUDE,COUNTY,CITY,POINT_X,POINT_Y
8489733,2017,4/12/2018,1302,2/4/2017,1338,534,1302,6,5,4,1302,0,0,0,,0,1,RT 98,KLOKE AV,0,,Y,A,-,Y,IMP,11,98,-,-,31.32,H,-,E,Y,4,0,1,3,A,-,8,22107,,N,B,C,A,A,H,-,A,A,0,,,,Y,Y,,G,21,0,0,1,0,0,0,0,0,0,- ,- ,,,IMPERIAL,CALEXICO,-115.5157779,32.67917697
8494929,2017,1/24/2018,1301,10/20/2017,811,906,BRAWL,5,5,3,1301,0,0,0,,0,2,H ST,3RD ST,182,,N,A,-,N,,,,,,,,,,N,3,0,1,2,A,-,4,21703,,N,C,C,A,A,H,-,A,D,0,,,,,Y,,A,1,0,1,0,0,0,0,0,0,0,- ,- ,,,IMPERIAL,BRAWLEY,-115.5372101,32.97641009
8496261,2017,12/4/2017,1304,10/22/2017,1719,343,ELCE,7,5,4,1304,0,0,0,,0,WEST,CRUICKSHANK,CRUICKSHANK RD,0,,Y,A,-,N,,,,,,,,,,N,4,0,1,2,A,-,9,21804,A,N,D,C,A,A,H,-,A,A,0,,,,,Y,,A,7,0,0,1,0,0,0,0,0,0,- ,- ,38.8147,-115.5686,IMPERIAL,EL CENTRO,-115.57868,32.81474007
8499091,2017,11/27/2017,1301,9/25/2017,1922,915,,1,5,3,1301,0,0,0,,0,0B3,D,PALM,0,,Y,A,-,N,,,,,,,,,,Y,4,0,1,2,A,-,9,21803,A,N,D,C,A,A,H,-,C,A,0,,,,,Y,,A,1,0,0,1,0,0,0,0,0,0,- ,- ,,,IMPERIAL,BRAWLEY,-115.5220301,32.98086009
8512682,2017,1/12/2018,1304,12/5/2017,1610,341,4,2,5,4,1304,0,0,0,,0,WEST,8TH ST,EL DORADO AV,0,,N,A,-,N,,,,,,,,,,N,4,0,1,2,A,-,3,22350,,N,C,C,A,A,H,-,A,D,0,,,,,Y,,A,1,0,0,1,0,0,0,0,0,0,- ,- ,32.8087,-115.5613,IMPERIAL,EL CENTRO,-115.5614101,32.80924003
8518415,2017,12/22/2017,1304,11/26/2017,1800,336,6,7,5,4,1304,0,0,0,,0,EAST,8TH,ADAMS,0,,Y,A,-,N,,,,,,,,,,Y,4,0,2,2,A,-,12,21453,A,N,D,C,A,A,H,-,B,A,0,,,,,Y,,A,1,0,0,2,0,0,0,0,0,0,- ,- ,32.7965,-115.5613,IMPERIAL,EL CENTRO,-115.5614801,32.79655005
8518419,2017,12/22/2017,1304,11/21/2017,1455,365,,2,5,4,1304,0,0,0,,0,WEST,BRADSHAW,WATERMAN,0,,Y,A,-,N,,,,,,,,,,Y,4,0,1,2,A,-,9,21802,A,N,D,C,A,A,H,-,A,A,0,,,,,Y,,A,1,0,0,1,0,0,0,0,0,0,- ,- ,32.8111,-115.5766,IMPERIAL,EL CENTRO,-115.5708601,32.81108006
8543597,2018,8/9/2018,1301,1/13/2018,1300,905,BRAWL,6,5,3,1301,0,0,0,,0,4,RT 111,RT 78,0,,Y,A,-,Y,IMP,11,78,-,-,15.499,I,5,E,Y,2,0,4,2,A,-,8,22100,A,N,D,C,A,A,H,-,A,A,0,,,,,Y,,A,1,1,1,2,0,0,0,0,0,0,- ,- ,,,IMPERIAL,BRAWLEY,-115.5013428,32.97864151
8544880,2017,2/6/2018,1304,12/13/2017,1548,337,EWES,3,5,4,1304,0,0,0,,0,WEST,S WATERMAN AV,S WATERMAN AV 200,0,,N,A,-,N,,,,,,,,,,Y,4,0,1,2,A,-,8,22107,,N,G,B,F,A,H,-,A,D,0,Y,,,,Y,Y,A,1,0,0,1,0,1,0,0,0,0,- ,- ,32.79167,-115.57423,IMPERIAL,EL CENTRO,-115.5741736,32.79198263
8554200,2018,6/28/2018,1304,1/22/2018,1417,337,EWES,1,5,4,1304,0,0,0,,0,WEST,IMPERIAL AV,ADAMS AV,0,,Y,A,-,N,,,,,,,,,,N,4,0,2,3,A,-,7,21658,A,N,C,C,A,A,H,-,A,A,0,,,,,Y,Y,A,1,0,0,2,0,0,0,0,0,0,- ,- ,32.79669952,-115.5701981,IMPERIAL,EL CENTRO,-115.5699768,32.79647827
8564593,2018,2/28/2018,1304,1/31/2018,1854,354,,3,5,4,1304,0,0,0,,0,WEST,WAKE,6TH,580,E,N,A,-,N,,,,,,,,,,Y,4,0,2,2,A,-,9,21804,A,N,D,C,A,A,H,-,A,D,0,,,,,Y,,D,22,0,0,2,0,0,0,0,0,0,- ,- ,,,IMPERIAL,EL CENTRO,-115.5546341,32.77120209
8564597,2018,7/6/2018,1304,1/18/2018,1447,344,EAST,4,5,4,1304,0,0,0,,0,EAST,8TH ST,RT 8,0,,Y,A,-,N,,,,,,,,,,Y,3,0,1,2,A,-,3,22350,,N,C,C,A,A,H,-,A,D,0,,,,,Y,,-,,0,1,0,0,0,0,0,0,0,- ,- ,32.77399826,-115.5610962,IMPERIAL,EL CENTRO,-115.5611115,32.77376175
8564609,2018,2/28/2018,1304,1/29/2018,1653,E0208,EWES,1,5,4,1304,0,0,0,,0,WEST,HOPE AV,ROSS AV,0,,Y,A,-,N,,,,,,,,,,Y,3,0,4,1,A,-,3,22350,,N,E,I,A,A,H,-,B,D,0,,,,,Y,Y,A,1,0,1,3,0,0,0,0,0,0,- ,- ,32.79782104,-115.5397186,IMPERIAL,EL CENTRO,-115.5395889,32.78149033
8564666,2018,2/28/2018,1304,2/5/2018,553,344,6,1,5,4,1304,0,0,0,,0,EAST,STATE,5TH ST,289,W,N,A,-,N,,,,,,,,,,N,3,0,1,2,A,-,10,21950,A,N,G,B,C,A,H,-,B,D,0,Y,,,,Y,,A,1,0,1,0,0,1,0,0,0,0,- ,- ,,,IMPERIAL,EL CENTRO,-115.5556564,32.79177856
8588255,2018,4/3/2018,1304,3/7/2018,1428,351,E1,3,5,4,1304,0,0,0,,0,WEST,OCOTILLO,COTTONWOOD,0,,Y,A,-,N,,,,,,,,,,N,4,0,1,2,A,-,9,21801,A,N,D,C,A,A,H,-,A,D,0,,,,,Y,Y,D,22,0,0,1,0,0,0,0,0,0,- ,- ,32.77709961,-115.5709991,IMPERIAL,EL CENTRO,-115.5709915,32.77717972
8588388,2018,3/30/2018,1304,3/16/2018,1610,351,EWES,5,5,4,1304,0,0,0,,0,WEST,OCOTILLO,IMPERIAL,0,,Y,A,-,N,,,,,,,,,,N,4,0,1,2,A,-,3,22350,,N,C,C,A,A,H,-,A,A,0,,,,,Y,,A,1,0,0,1,0,0,0,0,0,0,- ,- ,,,IMPERIAL,EL CENTRO,-115.5695724,32.77717972
8590752,2018,7/30/2018,1304,3/15/2018,1739,335,EAST,4,5,4,1304,0,0,0,,0,EAST,ADAMS,5TH,0,,Y,A,-,Y,IMP,11,86,-,L,7.64,I,5,S,Y,4,0,2,3,A,-,9,21802,A,N,D,C,A,A,H,-,A,A,0,,,,,Y,,D,22,0,0,2,0,0,0,0,0,0,- ,- ,,,IMPERIAL,EL CENTRO,-115.5549545,32.79655457
8593310,2018,8/9/2018,1301,2/14/2018,1851,902,BRAWL,3,5,3,1301,0,0,0,,0,0B2,RT 86,EL CERRITO DR,0,,Y,C,-,Y,IMP,11,86,-,-,20.913,I,5,S,N,3,0,1,2,A,-,10,21950,A,N,G,B,D,B,H,-,D,D,0,Y,,,,Y,,D,22,0,1,0,0,1,0,0,0,0,- ,- ,,,IMPERIAL,BRAWLEY,-115.5464935,32.97865677
8597495,2018,4/24/2018,1304,3/30/2018,802,329,,5,5,4,1304,0,0,0,,0,WEST,8TH ST,PICO AV,27,S,N,A,-,N,,,,,,,,,,Y,4,0,1,2,A,-,9,21802,A,N,D,C,A,A,H,-,A,A,0,,,,,Y,,D,22,0,0,1,0,0,0,0,0,0,- ,- ,,,IMPERIAL,EL CENTRO,-115.561409,32.80557632
8606009,2018,5/11/2018,1304,4/27/2018,1750,361,E1,5,5,4,1304,0,0,0,,0,EAST,WAKE,THOMAS,161,W,N,A,-,N,,,,,,,,,,Y,3,0,2,1,A,-,7,21658,A,N,E,I,A,A,H,-,-,D,0,,,,,Y,,A,7,0,1,1,0,0,0,0,0,0,- ,- ,,,IMPERIAL,EL CENTRO,-115.5581131,32.77069855
8609805,2018,5/4/2018,1301,3/13/2018,2121,904,1301,2,5,3,1301,0,0,0,,0,2,LEGION RD,WILLARD AV,0,,Y,A,-,N,,,,,,,,,,N,4,0,1,2,A,-,8,22107,,N,D,C,A,A,H,-,C,D,0,,,Y,,Y,,A,1,0,0,1,0,0,0,0,0,1,- ,- ,,,IMPERIAL,BRAWLEY,-115.5528412,32.95994186
8625860,2018,5/31/2018,1304,5/7/2018,1417,E0145,EWEST,1,5,4,1304,0,0,0,,0,WEST,LINCOLN,WATERMAN,0,,Y,A,-,N,,,,,,,,,,Y,4,0,1,3,A,-,9,21804,A,N,D,C,A,A,H,-,A,A,0,,,,,Y,,-,,0,0,1,0,0,0,0,0,0,- ,- ,,,IMPERIAL,EL CENTRO,-115.5739975,32.80738831
8631718,2018,6/7/2018,1304,5/16/2018,1505,359,,3,5,4,1304,0,0,0,,0,WEST,LA BRUCHERIE,ELM,114,N,N,A,-,N,,,,,,,,,,Y,4,0,3,3,A,-,4,21703,,N,C,C,A,A,H,-,A,A,0,,,,,Y,,A,1,0,0,3,0,0,0,0,0,0,- ,- ,,,IMPERIAL,EL CENTRO,-115.5785828,32.78664017
8631722,2018,6/7/2018,1304,5/17/2018,634,354,,4,5,4,1304,0,0,0,,0,,DOGWOOD,VILLA,0,,Y,A,-,N,,,,,,,,,,Y,4,0,2,2,A,-,12,22450,,N,A,C,A,A,H,-,A,A,0,,,,,Y,,-,,0,0,2,0,0,0,0,0,0,- ,- ,,,IMPERIAL,EL CENTRO,-115.53569,32.80379
8643400,2018,6/26/2018,1304,5/11/2018,1519,354,,5,5,4,1304,0,0,0,,0,,MAIN,IMPERIAL IRRIGATION POLE #200672,31,W,N,G,-,N,,,,,,,,,,Y,4,0,1,3,A,-,1,23152,B,F,C,C,A,A,H,-,A,D,0,,,,,Y,Y,-,,0,0,1,0,0,0,0,0,0,- ,- ,,,IMPERIAL,EL CENTRO,,
8646379,2018,7/3/2018,1304,5/31/2018,2246,361,E1,4,5,4,1304,0,0,0,,0,EAST,MAIN,2ND,0,,Y,A,-,N,,,,,,,,,,Y,4,0,1,2,A,-,9,21801,A,N,-,C,A,A,H,-,C,A,0,,,,,Y,,A,1,0,0,1,0,0,0,0,0,0,- ,- ,,,IMPERIAL,EL CENTRO,-115.5464783,32.79283142
8646543,2018,7/5/2018,1304,4/22/2018,2155,335,4,7,5,4,1304,0,0,0,,0,EAST,STATE,7TH,0,,Y,A,-,N,,,,,,,,,,Y,4,0,1,1,A,-,1,23152,A,N,E,I,A,A,H,-,C,A,0,,,,,Y,Y,A,1,0,0,1,0,0,0,0,0,0,- ,- ,,,IMPERIAL,EL CENTRO,-115.5591202,32.79177856
8648729,2018,8/17/2018,1304,5/24/2018,1034,354,,4,5,4,1304,0,0,0,,0,,IMPERIAL,WOODWARD,47,N,N,A,-,Y,IMP,11,86,-,-,7.51,H,-,N,Y,4,0,2,4,A,-,3,22350,,N,C,C,A,A,H,-,A,D,0,,,,,Y,,A,1,0,0,2,0,0,0,0,0,0,- ,- ,,,IMPERIAL,EL CENTRO,-115.5699539,32.79956436
8661688,2018,9/27/2018,1304,7/24/2018,2018,326,EWES,2,5,4,1304,0,0,0,,0,WEST,LINCOLN,18TH ST,0,,Y,A,-,N,,,,,,,,,,Y,4,0,1,2,A,-,8,22107,,N,-,E,A,A,H,-,C,D,0,,,,,Y,,A,7,0,0,1,0,0,0,0,0,0,- ,- ,,,IMPERIAL,EL CENTRO,-115.5761108,32.80738068
8661692,2018,9/27/2018,1304,7/24/2018,2239,E0187,EAST,2,5,4,1304,0,0,0,,0,EAST,4TH,WAKE,150,N,N,A,-,N,,,86,,,,,,,N,3,0,1,1,A,-,0,23103,,N,A,I,A,A,H,-,C,D,0,,,,,Y,,-,,0,1,0,0,0,0,0,0,0,- ,- ,32.77225113,-115.5522385,IMPERIAL,EL CENTRO,-115.5522385,32.77225113
8661986,2018,8/17/2018,1304,7/25/2018,1753,352,EWES,3,5,4,1304,0,0,0,,0,WEST,EUCLID,ADAMS,0,,-,A,-,N,,,,,,,,,,Y,4,0,1,3,A,-,9,21804,A,N,D,C,A,A,H,-,A,D,0,,,,,Y,,A,1,0,0,1,0,0,0,0,0,0,- ,- ,32.7983017,-115.5756989,IMPERIAL,EL CENTRO,-115.577198,32.796578
8663447,2018,7/20/2018,1301,6/11/2018,727,902,BRAWL,1,5,3,1301,0,0,0,,0,0B4,BEST RD,MALAN ST,0,,Y,A,-,N,,,,,,,,,,Y,3,0,4,2,A,-,9,21802,A,N,D,C,A,A,H,-,A,A,0,,,,,Y,,A,7,0,2,2,0,0,0,0,0,0,- ,- ,,,IMPERIAL,BRAWLEY,,
8668105,2018,7/31/2018,1304,6/9/2018,1214,329,,6,5,4,1304,0,0,0,,0,,IMPERIAL,MAIN,0,,Y,A,-,N,,,,,,,,,,Y,4,0,1,2,A,-,1,23152,A,N,A,C,A,A,H,-,A,A,0,,,,,Y,Y,-,,0,0,1,0,0,0,0,0,0,- ,- ,,,IMPERIAL,EL CENTRO,-115.5699005,32.7928009
8668125,2018,7/31/2018,1304,6/15/2018,1710,354,,5,5,4,1304,0,0,0,,0,,2ND,MAIN,0,,Y,A,-,N,,,,,,,,,,Y,4,0,1,2,A,-,9,21804,A,N,D,C,A,A,H,-,A,A,0,,,,,Y,,-,,0,0,1,0,0,0,0,0,0,- ,- ,,,IMPERIAL,EL CENTRO,-115.5464783,32.79283142
8668137,2018,7/31/2018,1304,6/21/2018,1055,354,,4,5,4,1304,0,0,0,,0,,IMPERIAL,BROADWAY,0,,Y,A,-,N,,,,,,,,,,N,4,0,1,2,A,-,9,21802,A,N,-,C,A,A,H,-,A,A,0,,,,,Y,,-,,0,0,1,0,0,0,0,0,0,- ,- ,,,IMPERIAL,EL CENTRO,-115.5699234,32.79380035
8676256,2018,10/24/2018,1304,7/5/2018,927,354,,4,5,4,1304,0,0,0,,0,,FOURTH,FOURTH 2100 BLK,0,,-,A,-,Y,IMP,11,86,-,-,6.04,H,-,S,N,4,0,2,3,A,-,3,22350,,F,C,C,A,A,H,-,A,D,0,,,,,Y,,A,7,0,0,2,0,0,0,0,0,0,- ,- ,,,IMPERIAL,EL CENTRO,-115.5522461,32.77427673
8679341,2018,10/1/2018,1301,5/6/2018,217,902,,7,5,3,1301,0,0,0,,0,,OLD HWY 111,ADLER,1400,N,N,A,-,N,,,,,,,,,,Y,3,0,1,1,A,-,1,23152,A,N,F,A,A,A,H,-,C,D,0,,,,,Y,Y,A,7,0,1,0,0,0,0,0,0,0,- ,- ,,,IMPERIAL,BRAWLEY,-115.5270004,32.98930359
8683310,2018,10/8/2018,1304,8/8/2018,1410,325,E1,3,5,4,1304,0,0,0,,0,WEST,LA BRUCHERIE,LINCOLN,0,,Y,A,-,N,,,,,,,,,,N,4,0,1,2,A,-,3,22350,,N,C,C,A,A,H,-,A,A,0,,,,,Y,,A,1,0,0,1,0,0,0,0,0,0,- ,- ,,,IMPERIAL,EL CENTRO,-115.5786591,32.80736923
8687960,2018,8/29/2018,1304,7/25/2018,750,340,E1,3,5,4,1304,0,0,0,,0,WEST,LA BRUCHERIE,WAKE,0,,Y,A,-,N,,,,,,,,,,Y,4,0,1,1,A,-,8,22107,,N,E,I,A,A,D,-,A,A,0,,,,,Y,,A,1,0,0,1,0,0,0,0,0,0,- ,- ,32.77019882,-115.5782013,IMPERIAL,EL CENTRO,-115.5781784,32.77062988
8691241,2018,9/18/2018,1304,8/4/2018,1657,325,E1,6,5,4,1304,0,0,0,,0,WEST,WATERMAN,BRADSHAW,0,,Y,A,-,N,,,,,,,,,,Y,3,0,5,2,A,-,12,21453,A,N,D,C,A,A,H,-,A,A,0,,,,,Y,,A,1,0,2,3,0,0,0,0,0,0,- ,- ,32.81100082,-115.5743027,IMPERIAL,EL CENTRO,-115.5708618,32.81108093
8695434,2018,9/21/2018,1301,8/21/2018,1149,916,BRAWL,2,5,3,1301,0,0,0,,0,4,PALM,MAIN,35,S,N,A,-,N,,,,,,,,,,Y,4,0,1,3,A,-,1,23152,,F,C,C,A,A,H,-,A,A,0,,,,Y,Y,Y,F,21,0,0,1,0,0,0,0,0,0,- ,- ,,,IMPERIAL,BRAWLEY,-115.522049,32.97854614
8696245,2018,10/24/2018,1304,8/17/2018,724,335,EEAST,5,5,4,1304,0,0,0,,0,EAST,4TH ST,BRIGHTON AV,0,,Y,A,-,Y,IMP,11,86,-,-,7.098,I,5,S,N,4,0,1,2,A,-,9,21802,A,N,D,G,A,A,H,-,A,A,0,,Y,,,Y,,A,7,0,0,1,0,0,0,1,0,0,- ,- ,,,IMPERIAL,EL CENTRO,-115.5525208,32.78977203
8698912,2018,9/27/2018,1304,8/25/2018,2200,354,,6,5,4,1304,0,0,0,,0,,BRIGHTON,14TH,103,E,N,A,-,N,,,,,,,,,,Y,3,0,1,2,A,-,1,23152,A,N,D,E,A,A,H,-,C,D,0,,,,,Y,Y,-,,0,1,0,0,0,0,0,0,0,- ,- ,,,IMPERIAL,EL CENTRO,-115.5673294,32.78974152
8707986,2018,10/22/2018,1301,8/14/2018,1612,913,BRAWL,2,5,3,1301,0,0,0,,0,2,RT 86,MALAN ST,532,S,N,A,-,Y,IMP,11,86,-,-,20.03,H,-,N,Y,3,0,1,2,A,-,8,22107,,N,F,C,A,A,H,-,A,D,0,,,Y,,Y,,A,1,0,1,0,0,0,0,0,0,1,- ,- ,32.96987152,-115.5447769,IMPERIAL,BRAWLEY,-115.5441208,32.97087479
8711567,2018,11/15/2018,1304,10/11/2018,641,352,EAST,4,5,4,1304,0,0,0,,0,EAST,INDUSTRY WY,HEIL,1104,S,N,A,-,N,,,,,,,,,,N,2,0,1,2,A,-,3,22350,,N,D,C,A,A,H,-,A,-,0,,,Y,Y,Y,,C,2,1,0,0,0,0,0,0,0,1,- ,- ,,,IMPERIAL,EL CENTRO,-115.5277939,32.78394318
8713017,2018,1/30/2019,1304,10/4/2018,1011,329,,4,5,4,1304,0,0,0,,0,WEST,NORTH IMPERIAL,ADAMS,0,,Y,A,-,N,,,,,,,,,,Y,4,0,2,3,A,-,3,22350,,N,C,C,A,A,H,-,A,A,0,,,,,Y,,-,,0,0,2,0,0,0,0,0,0,- ,- ,,,IMPERIAL,EL CENTRO,-115.5699768,32.79647827
8718491,2018,1/7/2019,1304,9/22/2018,940,E0031,E1,6,5,4,1304,0,0,0,,0,EAST,4TH,COMMERCIAL,0,,Y,A,-,Y,IMP,11,86,-,L,7.453,I,5,N,Y,4,0,1,3,A,-,9,21802,A,N,D,C,A,A,H,-,A,A,0,,,,,Y,,A,1,0,0,1,0,0,0,0,0,0,- ,- ,,,IMPERIAL,EL CENTRO,-115.5526428,32.79501343
8732961,2018,1/15/2019,1304,10/13/2018,1054,335,EEAST,6,5,4,1304,0,0,0,,0,EAST,4TH,AURORA,0,,Y,A,-,Y,IMP,11,86,-,-,6.324,I,5,N,Y,4,0,2,2,D,-,0,,,N,D,C,A,A,H,-,A,A,0,,,,,Y,,-,- ,0,0,2,0,0,0,0,0,0,- ,- ,,,IMPERIAL,EL CENTRO,-115.5523605,32.7784462
8748855,2018,1/25/2019,1304,11/15/2018,1419,335,EEAST,4,5,4,1304,0,0,0,,0,EAST,MAIN,2ND ST,0,,Y,A,-,N,,,,,,,,,,N,4,0,1,2,A,-,17,22517,,N,B,C,A,A,H,-,A,D,0,,,,,Y,,A,1,0,0,1,0,0,0,0,0,0,- ,- ,,,IMPERIAL,EL CENTRO,-115.5464783,32.79283142
8748872,2018,1/24/2019,1304,11/8/2018,801,340,E1,4,5,4,1304,0,0,0,,0,WEST,LA BRUCHERIE,HAMILTON,0,,Y,B,-,N,,,,,,,,,,Y,4,0,2,2,A,-,3,22350,,N,C,C,A,A,D,-,A,D,0,,,,,Y,,A,1,0,0,2,0,0,0,0,0,0,- ,- ,32.78559875,-115.5783997,IMPERIAL,EL CENTRO,-115.5785675,32.78567123
8748897,2018,1/24/2019,1304,11/19/2018,1433,325,EWEST,1,5,4,1304,0,0,0,,0,WEST,S 4TH ST,SMOKETREE DR,0,,Y,A,-,N,,,,,,,,,,N,4,0,2,2,A,-,3,22350,,N,C,C,A,A,H,-,A,A,0,,,,,Y,,A,1,0,0,2,0,0,0,0,0,0,- ,- ,32.77479172,-115.5525818,IMPERIAL,EL CENTRO,-115.5522614,32.77534866
8757514,2018,1/30/2019,1304,12/1/2018,1732,337,ELCE,6,5,4,1304,0,0,0,,0,EAST,DOGWOOD,ROSS,251,S,N,A,-,N,,,,,,,,,,Y,4,0,2,3,A,-,3,22350,,N,C,C,A,A,H,-,B,A,0,,,,,Y,Y,A,1,0,0,2,0,0,0,0,0,0,- ,- ,32.78017044,-115.5352707,IMPERIAL,EL CENTRO,-115.5353622,32.78080368
8771368,2018,2/4/2019,1304,12/6/2018,806,335,EAST,4,5,4,1304,0,0,0,,0,EAST,6TH,ADAMS,0,,Y,B,-,Y,IMP,11,86,-,L,7.77,I,5,N,N,4,0,1,2,D,-,0,,,N,D,C,A,B,H,-,A,A,0,,,,,Y,,-,- ,0,0,1,0,0,0,0,0,0,- ,- ,,,IMPERIAL,EL CENTRO,-115.5570984,32.79655838
8774973,2018,1/10/2019,1304,11/30/2018,820,330,E1,5,5,4,1304,0,0,0,,0,WEST,LOTUS,MAIN,0,,N,A,-,N,,,,,,,,,,N,4,0,2,2,A,-,9,21804,A,M,B,C,A,A,H,-,A,D,0,,,,,Y,,A,1,0,0,2,0,0,0,0,0,0,- ,- ,32.79389954,-115.5847015,IMPERIAL,EL CENTRO,-115.5847473,32.79281998
8794668,2018,3/27/2019,1301,12/10/2018,1902,906,BRAWL,1,5,3,1301,0,0,0,,0,2,RT 86,WILDCAT RD,0,,Y,A,-,Y,IMP,11,86,-,-,19.49,H,-,S,N,3,0,1,2,A,-,11,21456,B,N,H,G,A,A,H,-,C,A,0,,Y,,,Y,,L,4,0,1,0,0,0,0,1,0,0,- ,- ,,,IMPERIAL,BRAWLEY,-115.548317,32.963871
8802645,2018,2/26/2019,1301,12/8/2018,844,915,BRAWL,6,5,3,1301,0,0,0,,0,0B4,MAIN,9TH,128,E,N,A,-,N,,,,,,,,,,Y,3,0,3,7,A,-,3,22350,,N,D,C,A,A,H,-,A,D,0,,,,,Y,,A,1,0,1,2,0,0,0,0,0,0,- ,- ,,,IMPERIAL,BRAWLEY,-115.5282364,32.97864151
8804165,2018,3/1/2019,1301,12/4/2018,1536,912,BRAWL,2,5,3,1301,0,0,0,,0,1,MAIN,2ND,293,E,N,A,-,N,,,,,,,,,,Y,4,0,2,2,A,-,9,21804,,N,D,C,A,A,H,-,B,A,0,,,,,Y,,-,- ,0,0,2,0,0,0,0,0,0,- ,- ,,,IMPERIAL,BRAWLEY,-115.5384979,32.97863007
8808533,2018,11/23/2019,1302,12/27/2018,516,CX118,1302,4,5,4,1302,0,0,0,,0,2,E 5TH ST,HEBER AV,0,,Y,A,-,N,,,,,,,,,,N,4,0,1,2,A,-,12,22450,A,N,D,C,A,A,H,-,C,A,0,,,,,Y,,A,1,0,0,1,0,0,0,0,0,0,- ,- ,,,IMPERIAL,CALEXICO,-115.4935074,32.66983032
8808537,2018,11/23/2019,1302,12/6/2018,2337,CX118,1302,4,5,4,1302,0,0,0,,0,1,W 2ND ST,CESAR CHAVEZ BL,0,,Y,A,-,N,,,,,,,,,,Y,4,0,1,2,A,-,12,21453,A,N,D,C,A,B,H,-,C,A,0,,,,,Y,,A,1,0,0,1,0,0,0,0,0,0,- ,- ,,,IMPERIAL,CALEXICO,-115.5008621,32.66669083
8808752,2019,10/21/2019,1304,9/7/2019,1229,E0029,EWEST,6,5,4,1304,0,0,0,,0,WEST,ADAMS AV,8TH ST,0,,-,A,-,N,,,,,,,,,,Y,3,0,3,3,-,-,- ,,,N,C,E,A,A,H,-,A,D,0,,,,,Y,,-,- ,0,1,2,0,0,0,0,0,0,- ,- ,32.79663849,-115.5623932,IMPERIAL,EL CENTRO,-115.5614777,32.79655075
8819244,2019,5/23/2019,1304,2/10/2019,1416,345,,7,5,4,1304,0,0,0,,0,EAST,4TH ST,DANENBERG,0,,Y,A,-,Y,IMP,11,86,-,-,5.55,H,-,S,Y,4,0,1,2,A,-,1,23152,A,N,C,C,A,A,H,-,A,A,0,,,,,Y,Y,A,1,0,0,1,0,0,0,0,0,0,- ,- ,32.76716995,-115.5521469,IMPERIAL,EL CENTRO,-115.5521317,32.76715851
8834210,2019,4/11/2019,1304,3/14/2019,1707,354,,4,5,4,1304,0,0,0,,0,,IMPERIAL,BRIGHTON,0,,Y,A,-,N,,,,,,,,,,Y,3,0,1,2,D,-,0,,,N,A,C,A,A,H,-,A,A,0,,,,,Y,,-,- ,0,1,0,0,0,0,0,0,0,- ,- ,,,IMPERIAL,EL CENTRO,-115.5698395,32.78969955
8842871,2019,4/25/2019,1304,4/10/2019,839,324,,3,5,4,1304,0,0,0,,0,EAST,E GILLETTE RD,COOLEY RD,0,W,N,A,-,N,,,,,,,,,,Y,4,0,1,1,A,-,17,21658,B,N,A,I,A,A,H,-,A,D,0,,,,,Y,,A,1,0,0,1,0,0,0,0,0,0,- ,- ,32.79272842,-115.5238724,IMPERIAL,EL CENTRO,-115.5184097,32.7928009
8861364,2019,6/6/2019,1304,5/3/2019,1539,327,EWEST,5,5,4,1304,0,0,0,,0,WEST,1000 W. STATE,12TH ST,124,E,-,A,-,N,,,,,,,,,,Y,3,0,3,2,A,-,3,22350,,N,C,C,A,A,H,-,A,D,0,,,,,Y,,A,1,0,1,2,0,0,0,0,0,0,- ,- ,,,IMPERIAL,EL CENTRO,-115.5651169,32.79174423
8867803,2019,5/28/2019,1304,5/7/2019,2016,E0031,E1,2,5,4,1304,0,0,0,,0,EAST,S 7TH ST,WENSLEY,0,,Y,A,-,N,,,,,,,,,,N,3,0,1,2,A,-,10,21950,A,N,G,B,B,A,H,-,C,A,0,Y,,,,Y,,-,,0,1,0,0,1,0,0,0,0,- ,- ,,,IMPERIAL,EL CENTRO,-115.5590591,32.78403091
8884925,2019,7/2/2019,1304,6/8/2019,2211,333,E1,6,5,4,1304,0,0,0,,0,WEST,LOTUS AV,MAIN ST,0,,Y,A,-,N,,,,,,,,,,Y,4,0,1,2,A,-,9,21800,A,N,D,C,A,A,H,-,C,A,0,,,,,Y,,A,1,0,0,1,0,0,0,0,0,0,- ,- ,,,IMPERIAL,EL CENTRO,-115.5847473,32.79281998