CASE_ID,ACCIDENT_YEAR,PROC_DATE,JURIS,COLLISION_DATE,COLLISION_TIME,OFFICER_ID,REPORTING_DISTRICT,DAY_OF_WEEK,CHP_SHIFT,POPULATION,CNTY_CITY_LOC,SPECIAL_COND,BEAT_TYPE,CHP_BEAT_TYPE,CITY_DIVISION_LAPD,CHP_BEAT_CLASS,BEAT_NUMBER,PRIMARY_RD,SECONDARY_RD,DISTANCE,DIRECTION,INTERSECTION,WEATHER_1,WEATHER_2,STATE_HWY_IND,CALTRANS_COUNTY,CALTRANS_DISTRICT,STATE_ROUTE,ROUTE_SUFFIX,POSTMILE_PREFIX,POSTMILE,LOCATION_TYPE,RAMP_INTERSECTION,SIDE_OF_HWY,TOW_AWAY,COLLISION_SEVERITY,NUMBER_KILLED,NUMBER_INJURED,PARTY_COUNT,PRIMARY_COLL_FACTOR,PCF_CODE_OF_VIOL,PCF_VIOL_CATEGORY,PCF_VIOLATION,PCF_VIOL_SUBSECTION,HIT_AND_RUN,TYPE_OF_COLLISION,MVIW,PED_ACTION,ROAD_SURFACE,ROAD_COND_1,ROAD_COND_2,LIGHTING,CONTROL_DEVICE,CHP_ROAD_TYPE,PEDESTRIAN_ACCIDENT,BICYCLE_ACCIDENT,MOTORCYCLE_ACCIDENT,TRUCK_ACCIDENT,NOT_PRIVATE_PROPERTY,ALCOHOL_INVOLVED,STWD_VEHTYPE_AT_FAULT,CHP_VEHTYPE_AT_FAULT,COUNT_SEVERE_INJ,COUNT_VISIBLE_INJ,COUNT_COMPLAINT_PAIN,COUNT_PED_KILLED,COUNT_PED_INJURED,COUNT_BICYCLIST_KILLED,COUNT_BICYCLIST_INJURED,COUNT_MC_KILLED,COUNT_MC_INJURED,PRIMARY_RAMP,SECONDARY_RAMP,LATITUDE,LONGITUDE,COUNTY,CITY,POINT_X,POINT_Y
8887811,2019,7/22/2019,1304,6/5/2019,1814,332,EAST,3,5,4,1304,0,0,0,,0,EAST,8TH,RAIL ROAD,500,S,N,A,-,N,,,,,,,,,,Y,4,0,4,3,A,-,3,22350,,N,B,C,A,A,H,-,A,D,0,,,,,Y,,-,,0,0,4,0,0,0,0,0,0,- ,- ,,,IMPERIAL,EL CENTRO,-115.5615311,32.81746674
8900106,2019,7/30/2019,1304,7/3/2019,125,E0031,ELCE,3,5,4,1304,0,0,0,,0,EAST,3RD,MAGNOLIA,0,N,N,A,-,N,,,,,,,,,,Y,3,0,1,3,A,-,1,23152,A,N,B,E,A,A,H,-,C,D,0,,,,,Y,Y,-,,0,1,0,0,0,0,0,0,0,- ,- ,,,IMPERIAL,EL CENTRO,-115.5488129,32.8014183
8900150,2019,7/30/2019,1304,7/11/2019,1415,327,EWEST,4,5,4,1304,0,0,0,,0,WEST,S IMPERIAL,PEPPER,82,N,N,A,-,N,,,,,,,,,,N,3,0,3,2,A,-,9,21804,A,N,D,C,A,A,H,-,A,D,0,,,,,Y,,A,1,0,1,2,0,0,0,0,0,0,- ,- ,,,IMPERIAL,EL CENTRO,-115.5697098,32.77963257
8900311,2019,7/29/2019,1304,6/10/2019,954,331,,1,5,4,1304,0,0,0,,0,WEST,MAIN ST,11TH ST,0,,Y,A,-,N,,,,,,,,,,Y,3,0,2,2,A,-,9,21802,A,N,D,C,A,A,H,-,A,A,0,,,,,Y,,A,1,0,2,0,0,0,0,0,0,0,- ,- ,,,IMPERIAL,EL CENTRO,-115.5644302,32.79283142
8905405,2018,9/9/2019,1302,12/6/2018,1803,562,1302,4,5,4,1302,0,0,0,,0,2,EAST 5TH ST,HEFFERNAN AV,42,W,N,C,-,N,,,,,,,,,,N,4,0,1,2,A,-,11,21950,B,N,G,B,D,B,H,-,C,A,0,Y,,,,Y,,N,60,0,0,1,0,1,0,0,0,0,- ,- ,,,IMPERIAL,CALEXICO,-115.4950256,32.66983032
8906218,2019,7/30/2019,1301,5/10/2019,1636,917,BRAWL,5,5,3,1301,0,0,0,,0,0B4,J ST,S 13TH ST,137,E,N,A,-,N,,,,,,,,,,N,3,0,1,1,A,-,3,22350,,N,E,H,A,A,H,-,A,D,0,,,Y,,Y,,C,2,0,1,0,0,0,0,0,0,1,- ,- ,,,IMPERIAL,BRAWLEY,-115.5193863,32.9742012
8911464,2020,8/25/2020,1301,7/2/2020,2126,908,BRAWL,4,5,3,1301,0,0,0,,0,0B2,DOGWOOD,MEAD RD,0,,-,A,-,N,,,,,,,,,,Y,1,1,1,1,A,-,3,22350,,N,E,I,A,A,H,-,D,D,0,,,,,Y,,A,1,0,1,0,0,0,0,0,0,0,- ,- ,32.95576096,-115.9356384,IMPERIAL,BRAWLEY,-115.5352325,32.95632935
8912770,2019,9/10/2019,1304,7/26/2019,832,360,EAST,5,5,4,1304,0,0,0,,0,EAST,MAIN,3RD,0,,Y,A,-,N,,,,,,,,,,N,3,0,2,3,A,-,9,21802,A,N,D,C,A,A,H,-,A,A,0,,,,,Y,,A,1,0,2,0,0,0,0,0,0,0,- ,- ,32.79285812,-115.5487595,IMPERIAL,EL CENTRO,-115.5487976,32.79283905
8912882,2019,9/3/2019,1304,8/10/2019,2032,337,ELCE,6,5,4,1304,0,0,0,,0,WEST,OCOTILLO,COTTONWOOD,0,,Y,A,-,N,,,,,,,,,,N,3,0,1,2,D,-,0,,,N,G,B,E,A,H,-,C,D,0,Y,,,,Y,,-,- ,0,1,0,0,1,0,0,0,0,- ,- ,32.77714157,-115.5709305,IMPERIAL,EL CENTRO,-115.5709915,32.77717972
8912954,2019,6/3/2021,1304,7/28/2019,2031,369,E1,7,5,4,1304,0,0,0,,0,ECWEST,IMPERIAL,BARBARA WORTH,0,,Y,A,-,N,,,,,,,,,,N,3,0,1,2,A,-,11,21954,A,N,G,B,D,A,H,-,C,D,0,Y,,,,Y,Y,N,60,0,1,0,0,1,0,0,0,0,- ,- ,,,IMPERIAL,EL CENTRO,-115.5699463,32.79462814
8921151,2018,9/4/2019,1302,3/23/2018,1956,565,1302,5,5,4,1302,0,0,0,,0,2,EMERSON AV,MCKINLEY ST,0,,Y,-,-,N,,,,,,,,,,Y,4,0,2,2,A,-,9,21802,A,N,D,C,A,A,H,-,C,A,0,,,,Y,Y,,A,1,0,0,2,0,0,0,0,0,0,- ,- ,,,IMPERIAL,CALEXICO,-115.4999237,32.67610931
8921284,2018,9/10/2019,1302,12/7/2018,759,564,1302,5,5,4,1302,0,0,0,,0,2,ROCKWOOD AV,7TH ST,0,,Y,A,-,N,,,,,,,,,,N,4,0,1,2,A,-,11,21950,B,N,G,B,B,B,H,-,A,A,0,Y,,,,Y,,N,60,0,0,1,0,1,0,0,0,0,- ,- ,,,IMPERIAL,CALEXICO,-115.4962921,32.67192078
8921292,2018,9/10/2019,1302,11/30/2018,1546,562,1302,5,5,4,1302,0,0,0,,0,4,ANDRADE AV,ROSAS ST,0,,Y,A,-,N,,,,,,,,,,Y,4,0,1,2,A,-,9,21804,A,N,D,D,A,A,H,-,A,A,0,,,,,Y,,A,1,0,0,1,0,0,0,0,0,0,- ,- ,,,IMPERIAL,CALEXICO,-115.4825592,32.68046188
8921300,2018,9/10/2019,1302,11/8/2018,1120,535,1302,4,5,4,1302,0,0,0,,0,4,COLE BL,ROCKWOOD AV,0,W,N,A,-,N,,,,,,,,,,Y,4,0,1,2,A,-,3,22350,,N,C,C,A,A,H,-,A,A,0,,,,,Y,,A,1,0,0,1,0,0,0,0,0,0,- ,- ,,,IMPERIAL,CALEXICO,-115.4962769,32.69395828
8921328,2018,9/6/2019,1302,9/26/2018,1527,561,1302,3,5,4,1302,0,0,0,,0,CX1,GRANT ST,PIERRE AV,0,,Y,A,-,N,,,,,,,,,,N,4,0,1,2,A,-,10,21950,A,N,G,B,B,A,H,-,A,A,0,Y,,,,Y,,A,1,0,0,1,0,1,0,0,0,0,- ,- ,,,IMPERIAL,CALEXICO,-115.5052032,32.6740303
8921351,2018,9/10/2019,1302,12/4/2018,138,CX014,1302,2,5,4,1302,0,0,0,,0,2,1ST ST,ANDRADE AV,235,W,N,A,-,N,,,,,,,,,,Y,2,0,1,2,A,-,1,23152,B,N,G,B,E,A,H,-,C,A,0,Y,,,,Y,Y,A,1,1,0,0,0,1,0,0,0,0,- ,- ,,,IMPERIAL,CALEXICO,-115.4833069,32.66594315
8921355,2018,9/10/2019,1302,12/13/2018,814,557,1302,4,5,4,1302,0,0,0,,0,4,ROCKWOOD AV,AVENIDA CAMPILLO,12,S,N,A,-,N,,,,,,,,,,N,4,0,1,2,A,-,10,21950,A,N,G,B,B,A,H,-,A,A,0,Y,,,,Y,,A,1,0,0,1,0,1,0,0,0,0,- ,- ,,,IMPERIAL,CALEXICO,-115.4962769,32.69224548
8922330,2019,8/30/2019,1302,5/22/2019,1203,565,1302,3,5,4,1302,0,0,0,,0,4,COLE RD,SCARONI AV,0,,Y,A,-,N,,,,,,,,,,N,4,0,1,2,A,-,12,22450,A,N,B,C,A,A,H,-,A,A,0,,,,,Y,,A,1,0,0,1,0,0,0,0,0,0,- ,- ,,,IMPERIAL,CALEXICO,-115.5002365,32.69396973
8924004,2018,9/13/2019,1302,9/27/2018,747,542,1302,4,5,4,1302,0,0,0,,0,1,RT 98,EADY AV,0,,Y,A,-,Y,IMP,11,98,-,-,31.51,H,-,E,Y,3,0,1,4,A,-,3,22350,,N,C,C,A,A,H,-,A,A,0,,,,,Y,,A,7,0,1,0,0,0,0,0,0,0,- ,- ,,,IMPERIAL,CALEXICO,-115.5126419,32.67917252
8924008,2018,9/13/2019,1302,10/17/2018,1139,557,1302,3,5,4,1302,0,0,0,,0,2,RT 111,RT 98,0,,Y,A,-,Y,IMP,11,98,-,-,32.314,I,5,E,Y,4,0,1,2,A,-,9,21453,C,N,A,C,A,A,H,-,A,A,0,,,,,Y,,A,1,0,0,1,0,0,0,0,0,0,- ,- ,,,IMPERIAL,CALEXICO,-115.4987259,32.67908859
8924027,2018,9/13/2019,1302,1/2/2018,329,CX014,1302,2,5,4,1302,0,0,0,,0,0C2,RT 111,3RD ST,132,N,N,A,-,Y,IMP,11,111,-,-,0.43,H,-,N,N,3,0,1,2,A,-,11,21954,A,N,G,B,D,A,H,-,C,A,0,Y,,,,Y,,N,60,0,1,0,0,1,0,0,0,0,- ,- ,,,IMPERIAL,CALEXICO,-115.4986801,32.66801834
8924028,2018,9/13/2019,1302,10/18/2018,1044,CX164,1302,4,5,4,1302,0,0,0,,0,4,E COLE RD,RT 111,27,E,N,A,-,Y,IMP,11,111,-,R,2.211,I,6,N,N,4,0,1,2,A,-,3,22350,,N,C,C,A,A,H,-,A,A,0,,,,,Y,,A,1,0,0,1,0,0,0,0,0,0,- ,- ,,,IMPERIAL,CALEXICO,-115.4992752,32.69402313
8924036,2018,9/13/2019,1302,10/29/2018,1101,CX010,1302,1,5,4,1302,0,0,0,,0,3,RT 111,RT 111 2300,0,,Y,A,-,Y,IMP,11,111,-,R,2.19,H,-,N,N,4,0,1,2,A,-,3,22350,,N,C,C,A,A,H,-,A,A,0,,,,,Y,,A,1,0,0,1,0,0,0,0,0,0,- ,- ,,,IMPERIAL,CALEXICO,-115.4992752,32.69371796
8924040,2018,9/13/2019,1302,11/17/2018,1135,562,1302,6,5,4,1302,0,0,0,,0,3,IMPERIAL AV,W 3RD ST,89,S,N,A,-,Y,IMP,11,111,-,-,0.39,H,-,S,N,3,0,1,2,A,-,6,21755,,N,D,C,A,A,H,-,A,D,0,,,Y,,Y,,C,2,0,1,0,0,0,0,0,0,1,- ,- ,,,IMPERIAL,CALEXICO,-115.4986801,32.66755676
8924047,2018,9/13/2019,1302,1/25/2018,1730,561,1302,4,5,4,1302,0,0,0,,0,4,IMPERIAL W AVE,LIGHT POLE 1191611C,82,N,N,A,-,Y,IMP,11,98,-,-,32.24,H,-,W,N,4,0,1,2,A,-,8,22107,,N,D,C,A,A,H,-,C,A,0,,,Y,,Y,,A,1,0,0,1,0,0,0,0,0,1,- ,- ,,,IMPERIAL,CALEXICO,-115.5000229,32.67911148
8924052,2018,9/17/2019,1302,11/11/2018,1739,561,1302,7,5,4,1302,0,0,0,,0,CX2,RT 111,9TH ST,0,,Y,A,-,Y,IMP,11,111,-,-,0.949,I,5,N,N,4,0,2,2,A,-,8,22107,,N,B,C,A,A,H,-,C,A,0,,,,,Y,,A,1,0,0,2,0,0,0,0,0,0,- ,- ,,,IMPERIAL,CALEXICO,-115.4986801,32.67568588
8924055,2018,9/13/2019,1302,3/19/2018,1709,CX088,1302,1,5,4,1302,0,0,0,,0,1,RT 98,RT 98 1000,0,,Y,A,-,Y,IMP,11,98,-,-,25.06,H,-,E,Y,4,0,1,2,A,-,3,22350,,F,C,C,A,A,H,-,A,D,0,,,,,Y,,A,1,0,0,1,0,0,0,0,0,0,- ,- ,,,IMPERIAL,CALEXICO,-115.6215057,32.67922974
8924067,2018,9/13/2019,1302,5/10/2018,1315,CX156,1302,4,5,4,1302,0,0,0,,0,4,RT 111,JASPER RD,974,S,N,A,-,Y,IMP,11,111,-,R,3.05,H,-,N,Y,4,0,1,3,A,-,3,22350,,N,C,C,A,A,H,-,A,A,0,,,,,Y,,A,1,0,0,1,0,0,0,0,0,0,- ,- ,,,IMPERIAL,CALEXICO,-115.4993973,32.70628738
8924071,2018,9/17/2019,1302,5/9/2018,1605,565,1302,3,5,4,1302,0,0,0,,0,2,RT 111,7TH ST,0,,Y,A,-,Y,IMP,11,111,-,-,0.693,I,5,N,Y,4,0,1,2,A,-,17,21100,3,N,D,C,A,A,H,-,A,A,0,,,,,Y,,A,1,0,0,1,0,0,0,0,0,0,- ,- ,,,IMPERIAL,CALEXICO,-115.4986801,32.67193604
8924075,2018,9/13/2019,1302,9/17/2018,820,CX527,1302,1,5,4,1302,0,0,0,,0,1,RT 111,LANE 1,9,W,N,A,-,Y,IMP,11,111,-,R,0.03,H,-,N,N,4,0,1,2,A,-,3,22350,,N,C,C,A,-,H,-,-,A,0,,,Y,,Y,,A,1,0,0,1,0,0,0,0,0,1,- ,- ,,,IMPERIAL,CALEXICO,-115.4965439,32.66519928
8924079,2018,9/30/2019,1302,9/13/2018,810,I0005,1302,4,5,4,1302,0,0,0,,0,4,RT 98,PAULIN AV,76,E,N,A,-,Y,IMP,11,98,-,-,32.4,H,-,W,N,4,0,1,3,A,-,3,22350,,N,C,C,A,A,H,-,A,-,0,,,,,Y,,D,22,0,0,1,0,0,0,0,0,0,- ,- ,,,IMPERIAL,CALEXICO,-115.4972992,32.67912292
8924126,2018,9/12/2019,1302,3/2/2018,1713,I0005,1302,5,5,4,1302,0,0,0,,0,3,RT 111,4TH ST,27,S,N,A,-,Y,IMP,11,111,-,-,0.47,H,-,S,N,4,0,2,3,A,-,11,21954,A,N,B,B,D,A,H,-,A,D,0,Y,,Y,,Y,,N,60,0,0,2,0,1,0,0,0,1,- ,- ,,,IMPERIAL,CALEXICO,-115.4986801,32.66867065
8924130,2018,9/12/2019,1302,3/8/2018,808,I0005,1302,4,5,4,1302,0,0,0,,0,4,RT 98,CALLE DEL ORO AV,0,,Y,A,-,Y,IMP,11,98,-,-,32.884,I,5,W,Y,4,0,2,2,A,-,9,21801,A,N,D,C,A,A,H,-,A,D,0,,,,,Y,,A,1,0,0,2,0,0,0,0,0,0,- ,- ,,,IMPERIAL,CALEXICO,-115.4889297,32.67926025
8924157,2018,9/12/2019,1302,2/2/2018,1843,CX118,1302,5,5,4,1302,0,0,0,,0,2,RT 111,RT 98,211,S,N,A,-,Y,IMP,11,111,-,-,1.14,H,-,N,Y,4,0,1,2,A,-,7,21658,A,N,D,C,A,A,H,-,C,A,0,,,,,Y,,A,1,0,0,1,0,0,0,0,0,0,- ,- ,,,IMPERIAL,CALEXICO,-115.4986954,32.67844009
8924263,2019,6/16/2020,1302,2/21/2019,810,561,1302,4,5,4,1302,0,0,0,,0,CX4,RT 98,AVENIDA DE ORO,0,,Y,A,-,Y,IMP,11,98,-,-,32.884,I,5,W,Y,3,0,3,4,A,-,8,22107,,N,D,C,A,A,H,-,A,A,0,,,,,Y,,A,1,0,1,2,0,0,0,0,0,0,- ,- ,,,IMPERIAL,CALEXICO,-115.4889297,32.67926025
8924299,2019,5/28/2020,1302,4/15/2019,1742,535,1302,1,5,4,1302,0,0,0,,0,2,RT 111,GRANT ST,0,,Y,A,-,Y,IMP,11,111,-,-,0.836,I,5,N,Y,4,0,1,2,A,-,12,21453,A,N,D,C,A,A,H,-,A,A,0,,,,,Y,,A,1,0,0,1,0,0,0,0,0,0,- ,- ,,,IMPERIAL,CALEXICO,-115.4986801,32.67403412
8924303,2019,9/18/2020,1302,4/17/2019,1523,557,1302,3,5,4,1302,0,0,0,,0,1,RT 98,KLOKE AV,150,E,N,A,-,Y,IMP,11,98,-,-,3.134,H,-,E,Y,4,0,1,3,A,-,3,22350,A,N,C,C,A,A,H,-,A,A,0,,,,,Y,,A,1,0,0,1,0,0,0,0,0,0,- ,- ,,,IMPERIAL,CALEXICO,-115.9681625,32.72257233
8924758,2018,9/3/2019,1302,7/20/2018,1050,542,1302,5,5,4,1302,0,0,0,,0,4,COLE RD,ROCKWOOD AV,183,E,N,A,-,N,,,,,,,,,,Y,4,0,1,3,A,-,5,21460,A,N,D,C,A,A,H,-,A,D,0,,,,Y,Y,,F,26,0,0,1,0,0,0,0,0,0,- ,- ,,,IMPERIAL,CALEXICO,-115.4956894,32.69395828
8925229,2018,8/28/2019,1302,6/9/2018,1716, CX172,1302,6,5,4,1302,0,0,0,,0,CX2,EAST 7TH ST,IMPERIAL AV,5,E,N,A,-,N,,,,,,,,,,N,3,0,1,2,A,-,1,23152,A,N,D,C,A,A,H,-,A,A,0,,,,,Y,Y,A,1,0,1,0,0,0,0,0,0,0,- ,- ,,,IMPERIAL,CALEXICO,-115.569931,32.84645844
8927062,2019,9/12/2019,1302,6/7/2019,1258,554,1302,5,5,4,1302,0,0,0,,0,0B3,HEBER AV,ETHEL ST,0,,Y,A,-,N,,,,,,,,,,Y,4,0,1,2,A,-,7,21658,A,N,C,E,A,A,H,-,A,D,0,,,,,Y,,A,1,0,0,1,0,0,0,0,0,0,- ,- ,,,IMPERIAL,CALEXICO,-115.4935226,32.67599106
8927113,2019,9/4/2019,1302,2/15/2019,1923,567,1302,5,5,4,1302,0,0,0,,0,3,HEFFERNAN AV,3RD ST,0,,Y,G,-,N,,,,,,,,,,N,4,0,1,2,A,-,10,21950,A,N,G,B,B,A,H,-,C,A,0,Y,,,,Y,,D,22,0,0,1,0,1,0,0,0,0,- ,- ,,,IMPERIAL,CALEXICO,-115.4948883,32.66775894
8927831,2018,8/29/2019,1302,6/21/2018,48,CX014,1302,4,5,4,1302,0,0,0,,0,2,5TH ST,MARY AV,0,,Y,A,-,N,,,,,,,,,,Y,4,0,1,2,A,-,9,21802,A,N,D,D,A,A,H,-,C,A,0,,,,,Y,,A,7,0,0,1,0,0,0,0,0,0,- ,- ,,,IMPERIAL,CALEXICO,-115.4921036,32.66983032
8929045,2019,9/10/2019,1302,2/12/2019,1324,CX186,1302,2,5,4,1302,0,0,0,,0,1,KLOKE AV,NOSOTROS ST,0,,Y,A,-,N,,,,,,,,,,Y,3,0,1,2,A,-,3,22350,,N,C,C,A,A,H,-,A,A,0,,,,,Y,,A,1,0,1,0,0,0,0,0,0,0,- ,- ,,,IMPERIAL,CALEXICO,-115.5159531,32.67605972
8929049,2019,9/10/2019,1302,1/12/2019,459,CX187,1302,6,5,4,1302,0,0,0,,0,0C4,BOWKER RD,COLE RD,43,N,N,A,-,N,,,,,,,,,,Y,4,0,1,1,A,-,1,23152,B,N,E,I,A,A,H,-,C,D,0,,,,,Y,Y,A,1,0,0,1,0,0,0,0,0,0,- ,- ,,,IMPERIAL,CALEXICO,-115.4652176,32.69402695
8929065,2019,9/10/2019,1302,4/24/2019,1047,562,1302,3,5,4,1302,0,0,0,,0,3,E 2ND ST,MARY AV,0,,Y,A,-,N,,,,,,,,,,N,4,0,2,2,A,-,9,21804,A,N,D,C,A,A,H,-,A,A,0,,,,,Y,,A,1,0,0,2,0,0,0,0,0,0,- ,- ,,,IMPERIAL,CALEXICO,-115.4920807,32.66669083
8930653,2019,9/4/2019,1302,6/11/2019,755,561,1302,2,5,4,1302,0,0,0,,0,0C4,F TORRES ST,F TORRES ST 1000,0,,Y,A,-,N,,,,,,,,,,N,3,0,1,2,A,-,9,21804,A,N,B,C,A,A,H,-,A,A,0,,,,,Y,,A,1,0,1,0,0,0,0,0,0,0,- ,- ,,,IMPERIAL,CALEXICO,,
8934729,2018,9/10/2019,1302,4/19/2018,801,561,1302,4,5,4,1302,0,0,0,,0,3,VEHICLE INSPECTION LANE #4,1ST ST,200,E,N,A,-,N,,,,,,,,,,N,3,0,1,2,A,-,8,22107,,N,B,C,A,A,H,-,A,D,0,,,Y,,Y,,C,2,0,1,0,0,0,0,0,0,1,- ,- ,,,IMPERIAL,CALEXICO,,
8934737,2018,9/10/2019,1302,9/5/2018,1015,CX27,1302,3,5,4,1302,0,0,0,,0,2,GRANT ST,EMERSON AV,0,,Y,A,-,N,,,,,,,,,,N,4,0,1,2,A,-,9,21802,A,N,D,C,A,A,H,-,A,-,0,,,,,Y,,A,1,0,0,1,0,0,0,0,0,0,- ,- ,,,IMPERIAL,CALEXICO,-115.4999237,32.6740303
8934741,2018,9/9/2019,1302,9/17/2018,1559,CX527,1302,1,5,4,1302,0,0,0,,0,4,ROCKWOOD AV,ROCKWOOD AV 2400,0,,Y,A,-,N,,,,,,,,,,N,4,0,1,2,A,-,9,21804,A,N,D,C,A,A,H,-,A,A,0,,,Y,,Y,,A,1,0,0,1,0,0,0,0,0,0,- ,- ,32.69551849,-115.497673,IMPERIAL,CALEXICO,-115.497673,32.695518
8934757,2018,9/10/2019,1302,12/3/2018,1709,561,1302,1,5,4,1302,0,0,0,,0,CX2,ROCKWOOD AV,ROCKWOOD AV 900,0,,Y,A,-,N,,,,,,,,,,Y,4,0,1,2,A,-,3,22350,,N,C,C,A,A,H,-,C,D,0,,,,,Y,,A,1,0,0,1,0,0,0,0,0,0,- ,- ,,,IMPERIAL,CALEXICO,-115.496298,32.67502
8934880,2018,9/30/2019,1302,6/22/2018,1517,565,1302,5,5,4,1302,0,0,0,,0,2,ANDRADE AV,RT 98,0,,Y,A,-,Y,IMP,11,98,-,-,33.253,I,5,E,Y,4,0,1,2,A,-,12,21453,A,N,D,C,A,A,H,-,A,A,0,,,,,Y,,A,1,0,0,1,0,0,0,0,0,0,- ,- ,,,IMPERIAL,CALEXICO,-115.4825439,32.67933655
8934973,2018,9/30/2019,1302,11/27/2018,1347,561,1302,2,5,4,1302,0,0,0,,0,CX3,US PORT OF ENTRY LANE NUMBER 3,US PORT OF ENTRY,0,,Y,A,-,Y,IMP,11,111,-,R,0.03,H,-,N,N,4,0,1,2,A,-,7,21658,A,N,D,C,A,A,H,-,A,D,0,,,Y,,Y,,C,2,0,0,1,0,0,0,0,0,1,- ,- ,,,IMPERIAL,CALEXICO,-115.4965439,32.66519928
8936351,2019,1/28/2020,1307,8/20/2019,1500,856,WESTM,2,5,1,1307,0,0,0,,0,,RT 86,CENTER ST,61,E,N,A,-,Y,IMP,11,86,-,-,27.5,H,-,N,N,4,0,4,2,A,-,4,21703,,N,C,C,A,A,H,-,A,A,0,,,,,Y,,A,7,0,0,4,0,0,0,0,0,0,- ,- ,,,IMPERIAL,WESTMORLAND,-115.6214371,33.03736496
8956972,2019,10/24/2019,1304,9/4/2019,1425,361,ELCE,3,5,4,1304,0,0,0,,0,WEST,IMPERIAL,HOLT,0,,Y,A,-,N,,,,,,,,,,Y,4,0,1,2,A,-,9,21801,A,N,D,C,A,A,H,-,A,A,0,,,,,Y,,D,22,0,0,1,0,0,0,0,0,0,- ,- ,,,IMPERIAL,EL CENTRO,-115.5698166,32.7879715
8956976,2019,10/30/2019,1304,8/16/2019,1432,338,EAST,5,5,4,1304,0,0,0,,0,EAST,4TH ST,ORANGE,0,N,N,A,-,N,,,,,,,,,,Y,4,0,4,3,C,-,18,,,N,C,C,A,A,H,-,A,A,0,,,,,Y,,-,- ,0,0,4,0,0,0,0,0,0,- ,- ,,,IMPERIAL,EL CENTRO,-115.5525131,32.78876877
8957541,2019,10/22/2019,1304,8/9/2019,951,361,EAST,5,5,4,1304,0,0,0,,0,EAST,W ROSS,3RD ST,170,W,N,A,-,N,,,,,,,,,,N,3,0,1,2,A,-,9,21801,A,N,G,B,E,A,H,-,A,D,0,Y,,,,Y,,A,1,0,1,0,0,1,0,0,0,0,- ,- ,,,IMPERIAL,EL CENTRO,-115.5508575,32.78145981
8957545,2019,10/22/2019,1304,8/30/2019,1948,357,EEAST,5,5,4,1304,0,0,0,,0,EAST,MAIN,LA BRUCHERIE,0,,Y,A,-,N,,,,,,,,,,N,3,0,1,2,A,-,9,21800,B,N,D,D,A,A,H,-,C,A,0,,,,,Y,,-,,0,1,0,0,0,0,0,0,0,- ,- ,32.79281998,-115.5786591,IMPERIAL,EL CENTRO,-115.5786285,32.79286194
8959077,2019,10/30/2019,1301,7/10/2019,447,916,BRAWL,3,5,3,1301,0,0,0,,0,1,WESTERN,E ST,0,,Y,A,-,N,,,,,,,,,,Y,2,0,3,2,A,-,1,23152,A,N,D,C,A,A,H,-,B,A,0,,,,,Y,Y,A,1,3,0,0,0,0,0,0,0,0,- ,- ,,,IMPERIAL,BRAWLEY,-115.5436478,32.97977066
8968400,2019,12/2/2019,1304,9/15/2019,1154,369,EEAS,7,5,4,1304,0,0,0,,0,EAST,8TH,WENSLEY,0,,Y,A,-,N,,,,,,,,,,Y,3,0,1,2,A,-,9,21800,A,N,D,C,A,A,H,-,A,A,0,,,,,Y,,A,8,0,1,0,0,0,0,0,0,0,- ,- ,,,IMPERIAL,EL CENTRO,-115.5613098,32.78401947
8968597,2019,11/15/2019,1304,10/12/2019,1127,361,ELCE,6,5,4,1304,0,0,0,,0,EAST,ROSS,5TH,0,,Y,A,-,N,,,,,,,,,,N,4,0,1,2,A,-,12,22450,A,N,D,C,A,A,H,-,A,A,0,,,,,Y,,A,7,0,0,1,0,0,0,0,0,0,- ,- ,,,IMPERIAL,EL CENTRO,-115.5546188,32.78144836
8968609,2019,12/12/2019,1304,10/9/2019,2355,#332,EWES,3,5,4,1304,0,0,0,,0,WEST,LA BRUCHERIE,SANDALWOOD,10,N,N,A,-,N,,,,,,,,,,Y,3,0,1,1,A,-,3,22350,,N,E,I,A,A,H,-,C,D,0,,,,,Y,,-,,0,1,0,0,0,0,0,0,0,- ,- ,32.78216171,-115.5784912,IMPERIAL,EL CENTRO,-115.5784912,32.78236771
8968621,2019,11/15/2019,1304,10/22/2019,1654,363,ECSO,2,5,4,1304,0,0,0,,0,WEST,LA BRUCHERIE,ORANGE,0,,Y,A,-,N,,,,,,,,,,N,3,0,1,2,A,-,3,22350,,N,D,G,A,A,H,-,A,A,0,,Y,,,Y,,-,,0,1,0,0,0,0,1,0,0,- ,- ,32.78865051,-115.5786514,IMPERIAL,EL CENTRO,-115.5785828,32.78876877
8968625,2019,11/15/2019,1304,10/13/2019,227,E0231,,7,5,4,1304,0,0,0,,0,EAST,6TH ST,EUCLID,62,N,N,A,-,N,,,,,,,,,,Y,3,0,1,2,A,-,8,22107,,N,-,E,A,A,H,-,C,D,0,,,,,Y,Y,A,1,0,1,0,0,0,0,0,0,0,- ,- ,,,IMPERIAL,EL CENTRO,-115.5570908,32.79853821
8969008,2019,11/8/2019,1304,10/21/2019,1238,346,,1,5,4,1304,0,0,0,,0,WEST,8TH ST,OLEANDER,0,,Y,A,-,N,,,,,,,,,,Y,4,0,1,2,A,-,9,21804,A,N,D,C,A,A,H,-,A,A,0,,,,,Y,,-,,0,0,1,0,0,0,0,0,0,- ,- ,32.80353928,-115.5615387,IMPERIAL,EL CENTRO,-115.56147,32.80323029
8969705,2019,11/15/2019,1304,9/16/2019,734,327,EEAST,1,5,4,1304,0,0,0,,0,EAST,8TH,HAMILTON,0,,Y,A,-,N,,,,,,,,,,N,2,0,1,2,A,-,9,21802,A,N,D,G,A,A,H,-,A,A,0,,Y,,,Y,,L,4,1,0,0,0,0,0,1,0,0,- ,- ,,,IMPERIAL,EL CENTRO,-115.5613403,32.78588867
8981715,2019,12/27/2019,1304,10/14/2019,2305,369,E1,1,5,4,1304,0,0,0,,0,EAST,EUCLID,4TH ST,0,,N,A,-,N,,,,,,,,,,N,3,0,1,2,D,-,0,,,F,-,G,A,A,H,-,D,D,0,,Y,,,Y,Y,-,- ,0,1,0,0,0,0,1,0,0,- ,- ,32.79840088,-115.5531998,IMPERIAL,EL CENTRO,-115.5527878,32.79837036