CASE_ID,ACCIDENT_YEAR,PROC_DATE,JURIS,COLLISION_DATE,COLLISION_TIME,OFFICER_ID,REPORTING_DISTRICT,DAY_OF_WEEK,CHP_SHIFT,POPULATION,CNTY_CITY_LOC,SPECIAL_COND,BEAT_TYPE,CHP_BEAT_TYPE,CITY_DIVISION_LAPD,CHP_BEAT_CLASS,BEAT_NUMBER,PRIMARY_RD,SECONDARY_RD,DISTANCE,DIRECTION,INTERSECTION,WEATHER_1,WEATHER_2,STATE_HWY_IND,CALTRANS_COUNTY,CALTRANS_DISTRICT,STATE_ROUTE,ROUTE_SUFFIX,POSTMILE_PREFIX,POSTMILE,LOCATION_TYPE,RAMP_INTERSECTION,SIDE_OF_HWY,TOW_AWAY,COLLISION_SEVERITY,NUMBER_KILLED,NUMBER_INJURED,PARTY_COUNT,PRIMARY_COLL_FACTOR,PCF_CODE_OF_VIOL,PCF_VIOL_CATEGORY,PCF_VIOLATION,PCF_VIOL_SUBSECTION,HIT_AND_RUN,TYPE_OF_COLLISION,MVIW,PED_ACTION,ROAD_SURFACE,ROAD_COND_1,ROAD_COND_2,LIGHTING,CONTROL_DEVICE,CHP_ROAD_TYPE,PEDESTRIAN_ACCIDENT,BICYCLE_ACCIDENT,MOTORCYCLE_ACCIDENT,TRUCK_ACCIDENT,NOT_PRIVATE_PROPERTY,ALCOHOL_INVOLVED,STWD_VEHTYPE_AT_FAULT,CHP_VEHTYPE_AT_FAULT,COUNT_SEVERE_INJ,COUNT_VISIBLE_INJ,COUNT_COMPLAINT_PAIN,COUNT_PED_KILLED,COUNT_PED_INJURED,COUNT_BICYCLIST_KILLED,COUNT_BICYCLIST_INJURED,COUNT_MC_KILLED,COUNT_MC_INJURED,PRIMARY_RAMP,SECONDARY_RAMP,LATITUDE,LONGITUDE,COUNTY,CITY,POINT_X,POINT_Y
8983969,2019,8/4/2020,1302,3/25/2019,1731,CX187,1302,1,5,4,1302,0,0,0,,0,0B2,OLLIE AV,RT 98,113,S,N,A,-,Y,IMP,11,98,-,-,32.102,I,6,E,N,4,0,1,3,A,-,3,22350,,N,C,C,A,A,H,-,A,A,0,,,,,Y,,A,1,0,0,1,0,0,0,0,0,0,- ,- ,,,IMPERIAL,CALEXICO,-115.5024033,32.6791153
8991967,2019,1/29/2020,1304,11/18/2019,2000,354,EAST,1,5,4,1304,0,0,0,,0,,8TH,PICO,0,,Y,A,-,N,,,,,,,,,,N,3,0,1,2,A,-,9,21802,A,N,D,G,A,A,H,-,C,A,0,,Y,,,Y,,-,,0,1,0,0,0,0,1,0,0,- ,- ,,,IMPERIAL,EL CENTRO,-115.561409,32.8056488
8991971,2019,1/29/2020,1304,11/3/2019,1826,326,EWES,7,5,4,1304,0,0,0,,0,,8TH,AURORA,0,,Y,A,-,N,,,,,,,,,,Y,4,0,1,2,A,-,9,21800,A,N,-,C,A,A,H,-,C,A,0,,,,,Y,,A,1,0,0,1,0,0,0,0,0,0,- ,- ,,,IMPERIAL,EL CENTRO,-115.5611801,32.77841949
8991975,2019,3/2/2020,1304,11/12/2019,1834,369,E1,2,5,4,1304,0,0,0,,0,WEST,8TH ST,ROSE AV,135,N,N,A,-,N,,,,,,,,,,Y,3,0,1,1,A,-,3,22350,,M,E,I,A,A,H,-,C,A,0,,,,,Y,,A,7,0,1,0,0,0,0,0,0,0,- ,- ,,,IMPERIAL,EL CENTRO,-115.56147,32.80271912
9009250,2019,1/6/2020,1304,11/15/2019,1231,326,EWES,5,5,4,1304,0,0,0,,0,,IMPERIAL,SCOTT,150,S,N,A,-,N,,,86,,,,,,,N,4,0,2,4,A,-,3,22350,,N,C,C,A,A,H,-,A,A,0,,,,,Y,,A,7,0,0,2,0,0,0,0,0,0,- ,- ,32.80086899,-115.5699921,IMPERIAL,EL CENTRO,-115.5699158,32.80086899
90095386,2016,1/14/2016,9625,1/5/2016,815,17727,,2,1,9,1300,0,2,4,,2,47,ATEN ROAD,FORRESTER ROAD,0,,Y,A,-,N,,,,,,,,,,Y,4,0,1,2,A,-,9,21802,A,N,D,C,A,B,H,-,A,A,0,,,,,Y,,D,22,0,0,1,0,0,0,0,0,0,- ,- ,32.82548,-115.62072,IMPERIAL,UNINCORPORATED,-115.6206801,32.81822012
9009892,2019,1/31/2020,1304,10/12/2019,2250,335,EWEST,6,5,4,1304,0,0,0,,0,WEST,IMPERIAL,BARBARA WORTH,0,,Y,A,-,N,,,,,,,,,,Y,2,0,1,2,D,-,0,,,N,H,A,A,A,H,-,C,D,0,,,Y,,Y,,-,- ,1,0,0,0,0,0,0,0,0,- ,- ,,,IMPERIAL,EL CENTRO,-115.5699463,32.79462814
90100607,2016,1/22/2016,9625,1/20/2016,1240,18933,,3,1,9,1300,0,3,5,,2,40,CLARK ROAD,ATEN ROAD,175,S,N,A,-,N,,,,,,,,,,N,4,0,1,3,A,-,3,22350,,N,C,C,A,A,H,-,A,A,0,,,,,Y,,A,1,0,0,1,0,0,0,0,0,0,- ,- ,32.82498,-115.56152,IMPERIAL,UNINCORPORATED,-115.5615465,32.82495191
90101883,2016,1/25/2016,9625,1/13/2016,835,18792,,3,1,9,1300,0,1,1,,2,6,I-8 W/B,SR-115,2323,W,N,A,-,Y,,,8,,,,,,W,Y,3,0,1,1,A,-,8,22107,,N,F,I,A,A,H,-,A,D,0,,,,,Y,,A,1,0,1,0,0,0,0,0,0,0,- ,- ,32.77351,-115.29327,IMPERIAL,UNINCORPORATED,-115.2932701,32.77339938
90105231,2016,1/29/2016,9625,1/21/2016,1805,20516,,4,2,9,1300,0,2,4,,2,57,EVAN HEWES HIGHWAY,OLD HIGHWAY 111,0,,Y,A,-,N,,,,,,,,,,Y,4,0,3,2,A,-,9,21801,A,N,D,C,A,A,H,-,C,D,0,,,,,Y,,A,1,0,0,3,0,0,0,0,0,0,- ,- ,32.7996,-115.50151,IMPERIAL,UNINCORPORATED,-115.5016301,32.79949008
90106912,2016,2/1/2016,9625,1/23/2016,1155,18368,,6,1,9,1300,0,3,5,,2,40,IMPERIAL HIGHWAY,THIRD ST.,87,W,N,A,-,N,,,,,,,,,,Y,2,0,1,1,C,-,18,,,N,H,H,A,A,H,-,A,D,0,,,Y,,Y,,-,- ,1,0,0,0,0,0,0,0,1,- ,- ,32.7472,-115.9987,IMPERIAL,UNINCORPORATED,-115.9987116,32.74717
90111449,2016,2/8/2016,9625,1/30/2016,750,20111,,6,1,9,1300,0,1,3,,1,42,SR 98 E/B,MT. SIGNAL RD,33792,W,N,A,-,Y,,,98,,,,,,E,Y,2,0,1,1,A,-,8,22107,,N,F,A,A,A,H,-,A,D,0,,,,,Y,,A,7,1,0,0,0,0,0,0,0,0,- ,- ,32.67449,-115.80071,IMPERIAL,UNINCORPORATED,-115.8007418,32.67507156
90111529,2016,4/19/2016,9620,1/18/2016,2500,14803,,1,4,9,1300,0,1,1,,2,81,INTERSTATE 8 EASTBOUND,RT 98,1919,E,N,B,-,Y,,,8,,,,,,E,Y,1,1,2,1,A,-,8,22107,,N,F,A,A,A,H,-,D,D,0,,,,,Y,,D,22,2,0,0,0,0,0,0,0,0,- ,- ,32.70795,-115.08184,IMPERIAL,UNINCORPORATED,-115.0817998,32.70814978
90119320,2016,2/22/2016,9625,2/16/2016,755,13627,,2,1,9,1300,0,1,3,,1,54,SR-111 (N/B),EVAN HEWES HIGHWAY,815,S,N,A,-,Y,,,111,,,,,,,Y,4,0,2,3,A,-,3,22350,,N,C,C,A,A,H,-,A,A,0,,,,,Y,,A,1,0,0,2,0,0,0,0,0,0,- ,- ,32.79761,-115.50058,IMPERIAL,UNINCORPORATED,-115.5006279,32.79760998
90119333,2016,2/22/2016,9625,2/10/2016,525,20111,,3,3,9,1300,0,1,3,,2,52,RT 98,BONDS CORNER ROAD,0,,Y,A,-,N,,,98,,,,,,,Y,4,0,1,2,A,-,9,21801,A,N,D,C,A,A,H,-,B,D,0,,,,,Y,,A,1,0,0,1,0,0,0,0,0,0,- ,- ,32.69341,-115.33702,IMPERIAL,UNINCORPORATED,-115.3370192,32.69385563
90126641,2016,3/1/2016,9625,2/27/2016,925,18464,,6,1,9,1300,0,2,4,,2,47,FORRESTER ROAD,MONTE ROAD,1590,N,N,A,-,N,,,,,,,,,,Y,4,0,1,1,A,-,8,22107,,N,F,A,A,A,C,H,A,D,0,,,,,Y,,A,1,0,0,1,0,0,0,0,0,0,- ,- ,33.0034,-115.62394,IMPERIAL,UNINCORPORATED,-115.6238832,33.0035183
90130777,2016,3/7/2016,9625,2/29/2016,800,18464,,1,1,9,1300,0,1,3,,1,42,SR-98,PULLIAM ROAD,1590,W,N,A,-,Y,,,98,,,,,,,Y,4,0,1,1,A,-,8,22107,,N,F,A,A,A,H,-,A,D,0,,,,,Y,,A,1,0,0,1,0,0,0,0,0,0,- ,- ,32.67933,-115.65964,IMPERIAL,UNINCORPORATED,-115.6596399,32.67945449
90131069,2016,3/7/2016,9625,3/5/2016,954,13627,,6,1,9,1300,0,3,5,,2,50,MENVIELLE ROAD,SR-98,546,S,N,B,-,N,,,,,,,,,,N,4,0,1,3,A,-,3,22350,,N,C,C,A,A,H,-,A,A,0,,,,,Y,,A,1,0,0,1,0,0,0,0,0,0,- ,- ,32.69215,-115.38715,IMPERIAL,UNINCORPORATED,-115.3871944,32.69225816
90131884,2016,3/8/2016,9625,2/29/2016,950,18978,,1,1,9,1300,0,3,5,,2,20,BEST ROAD,RUTHERFORD ROAD,0,,Y,A,-,N,,,,,,,,,,Y,3,0,1,1,A,-,3,22350,,N,B,I,A,A,H,-,A,A,0,,,,,Y,Y,A,7,0,1,0,0,0,0,0,0,0,- ,- ,33.04451,-115.50947,IMPERIAL,UNINCORPORATED,-115.50926,33.04450007
90132508,2016,3/9/2016,9625,2/28/2016,1505,18468,,7,2,9,1300,0,1,3,,2,52,STATE ROUTE 98,STATE ROUTE 7,0,,Y,A,-,Y,,,98,,,,,,,Y,4,0,2,2,A,-,12,21453,A,N,D,C,A,A,H,-,A,A,0,,,,,Y,,-,- ,0,0,2,0,0,0,0,0,0,- ,- ,32.69379,-115.37883,IMPERIAL,UNINCORPORATED,-115.3788298,32.69378232
90132526,2016,3/9/2016,9625,3/5/2016,2315,17958,,6,3,9,1300,0,1,3,,1,12,GOLDEN AVENUE,SERVICE ROAD,0,,Y,A,G,N,,,,,,,,,,Y,3,0,3,2,A,-,1,23152,A,N,D,C,A,A,H,-,D,D,0,,,,,Y,Y,A,7,0,2,1,0,0,0,0,0,0,- ,- ,33.28437,-115.96886,IMPERIAL,UNINCORPORATED,-115.9688701,33.28437005
90133160,2016,3/9/2016,9625,3/8/2016,733,13627,,2,1,9,1300,0,2,4,,2,57,EVAN HEWES HIGHWAY,OLD HIGHWAY 111,0,,Y,A,-,N,,,,,,,,,,Y,3,0,2,2,A,-,9,21801,A,N,A,C,A,A,H,-,A,D,0,,,,,Y,,A,1,0,1,1,0,0,0,0,0,0,- ,- ,32.79953,-115.5016,IMPERIAL,UNINCORPORATED,-115.5016301,32.79949008
90138312,2016,3/16/2016,9625,3/9/2016,813,13627,,3,1,9,1300,0,2,4,,2,46,DOGWOOD ROAD,BLACK HILLS ROAD,0,,Y,A,-,N,,,,,,,,,,Y,3,0,2,2,A,-,9,21802,,N,D,C,A,A,H,-,A,A,0,,,,,Y,,A,1,0,1,1,0,0,0,0,0,0,- ,- ,32.7416,-115.53469,IMPERIAL,UNINCORPORATED,-115.53467,32.74157004
90138741,2016,3/17/2016,9625,3/12/2016,1600,18617,,6,2,9,1300,0,1,3,,2,24,STATE ROUTE 78,GECKO PARK ROAD,5675,W,N,A,-,Y,,,78,,,,,,,Y,4,0,1,1,A,-,16,24002,A,N,F,A,A,A,H,-,A,D,0,,,Y,,Y,,C,2,0,0,1,0,0,0,0,0,1,- ,- ,32.96921,-115.19107,IMPERIAL,UNINCORPORATED,-115.1910673,32.96919741
90140084,2016,3/21/2016,9625,1/14/2016,1714,18773,,4,2,9,1300,0,1,3,,1,11,SR-86 N/B,LACK ROAD,0,,Y,A,-,Y,,,86,,,,,,N,Y,1,2,1,2,A,-,9,21803,A,N,D,C,A,A,H,-,B,A,0,,,,Y,Y,,A,1,1,0,0,0,0,0,0,0,0,- ,- ,33.03725,-115.64728,IMPERIAL,UNINCORPORATED,-115.6472798,33.03739209
90148526,2016,3/31/2016,9625,3/18/2016,1820,18792,,5,2,9,1300,0,1,1,,2,1,I-8 E/B,MOUNTAIN SPRINGS ROAD,14256,E,N,A,-,Y,,,8,,,,,,E,Y,3,0,1,1,A,-,8,22107,,N,F,A,A,A,H,-,A,D,0,,,,,Y,,A,1,0,1,0,0,0,0,0,0,0,- ,- ,32.68892,-116.06443,IMPERIAL,UNINCORPORATED,-116.0644723,32.68894336
90149676,2016,4/4/2016,9625,3/18/2016,2352,19668,,5,3,9,1300,0,1,3,,1,21,SR-111 S/B,LINDSEY ROAD,89,N,N,A,-,Y,,,111,,,,,,S,Y,2,0,2,1,A,-,5,21752,D,N,E,I,A,A,H,-,D,D,0,,,,,Y,,A,1,1,1,0,0,0,0,0,0,0,- ,- ,33.14737,-115.519,IMPERIAL,UNINCORPORATED,-115.5190677,33.14736993
90154549,2016,4/11/2016,9625,1/9/2016,220,19667,,6,3,9,1300,0,1,3,,1,12,STATE ROUTE 86 NORTHBOUND,SALTON CITY DUMP ROAD,7392,S,N,A,-,Y,,,86,,,,,,N,Y,1,2,2,1,A,-,1,23152,A,N,F,A,A,A,H,-,D,D,0,,,,,Y,Y,D,22,2,0,0,0,0,0,0,0,0,- ,- ,33.22639,-115.92205,IMPERIAL,UNINCORPORATED,-115.9220987,33.2263421
90159405,2016,4/18/2016,9625,4/5/2016,1404,16248,,2,2,9,1300,0,1,1,,2,5,I-8 E/B,DOGWOOD ROAD,5650,E,N,A,-,Y,,,8,,,,,,E,Y,4,0,1,1,A,-,8,22107,,N,E,I,A,A,H,-,A,D,0,,,,,Y,,D,22,0,0,1,0,0,0,0,0,0,- ,- ,32.77374,-115.51544,IMPERIAL,UNINCORPORATED,-115.51544,32.77373033
90162524,2016,4/21/2016,9625,4/18/2016,1719,18468,,1,2,9,1300,0,3,5,,2,40,MCCABE ROAD,STATE ROUTE 86,51,W,N,A,-,Y,,,,,,,,,,N,4,0,1,2,A,-,3,22350,,N,C,C,A,A,H,-,A,A,0,,,,,Y,,J,48,0,0,1,0,0,0,0,0,0,- ,- ,32.75236,-115.55214,IMPERIAL,UNINCORPORATED,-115.5519949,32.75237
90171474,2016,5/3/2016,9625,4/25/2016,620,18368,,1,1,9,1300,0,1,1,,2,4,I-8 (E/B),WESTSIDE ROAD,2806,W,N,G,-,Y,,,8,,,,,,,Y,3,0,1,1,A,-,8,22107,,N,F,A,A,A,H,-,A,D,0,,,,,Y,,D,22,0,1,0,0,0,0,0,0,0,- ,- ,32.77405,-115.74091,IMPERIAL,UNINCORPORATED,-115.7409128,32.77416283
90172132,2016,5/3/2016,9625,4/26/2016,1510,19582,,2,2,9,1300,0,3,5,,2,50,MCCABE ROAD,BOWKER ROAD,0,,Y,A,-,N,,,,,,,,,,Y,2,0,2,2,A,-,9,21801,A,N,A,C,A,A,H,-,A,A,0,,,,,Y,,A,1,1,1,0,0,0,0,0,0,0,- ,- ,32.75214,-115.46504,IMPERIAL,UNINCORPORATED,-115.4650201,32.75211007
90178144,2016,5/12/2016,9625,5/9/2016,2016,18933,,1,2,4,1304,0,2,S,,2,901,6TH STREET,COMMERCIAL AVENUE,0,,Y,A,-,N,,,,,,,,,,Y,4,0,1,2,A,-,12,22450,A,F,D,C,A,A,H,-,C,A,0,,,,,Y,,A,1,0,0,1,0,0,0,0,0,0,- ,- ,32.7949,-115.55688,IMPERIAL,EL CENTRO,-115.5569501,32.79488003
90178901,2016,5/13/2016,9625,5/6/2016,1000,15990,,5,1,9,1300,0,1,1,,2,3,I-8 W/B,SILSBEE ROAD,554,W,N,A,-,Y,,,8,,,,,,W,Y,3,0,1,1,A,-,8,22107,,N,F,A,A,A,H,-,A,D,0,,,,,Y,,A,1,0,1,0,0,0,0,0,0,0,- ,- ,32.77394,-115.64818,IMPERIAL,UNINCORPORATED,-115.6481797,32.7739827
90182602,2016,5/18/2016,9625,5/12/2016,1145,13781,,4,1,9,1300,0,2,4,,2,45,EVAN HEWES HIGHWAY,PAINTED GORGE ROAD,10454,E,N,A,-,N,,,,,,,,,,Y,3,0,1,1,A,-,8,22107,,N,E,I,A,A,H,-,A,D,0,,,,,Y,,A,7,0,1,0,0,0,0,0,0,0,- ,- ,32.77797,-115.90278,IMPERIAL,UNINCORPORATED,-115.9028226,32.77781753
90184643,2016,5/23/2016,9625,5/9/2016,40,18617,,1,3,9,1300,0,1,3,,2,14,STATE ROUTE 78,ELDER ROAD,0,,Y,A,-,Y,,,,,,,,,,Y,4,0,2,1,A,-,3,22350,,N,E,J,A,A,H,-,D,A,0,,,,,Y,,A,1,0,0,2,0,0,0,0,0,0,- ,- ,32.999,-115.58988,IMPERIAL,UNINCORPORATED,,
90187950,2016,5/26/2016,9625,5/23/2016,2105,18207,,1,2,9,1300,0,1,3,,1,21,SR-111,SIMPSON ROAD,0,,Y,A,-,Y,,,111,,,,,,,N,4,0,1,1,A,-,3,22350,,N,E,H,A,A,H,-,D,D,0,,,,,Y,,A,1,0,0,1,0,0,0,0,0,0,- ,- ,33.19117,-115.51908,IMPERIAL,UNINCORPORATED,-115.5190586,33.19117
90190021,2016,5/31/2016,9625,5/26/2016,1145,13627,,4,1,9,1300,0,3,5,,2,50,PRIVATE DIRT ROAD,JASPER ROAD,22,S,N,A,-,N,,,,,,,,,,Y,3,0,1,1,A,-,3,38305,,N,F,A,A,A,H,-,A,D,0,,,,,Y,,A,7,0,1,0,0,0,0,0,0,0,- ,- ,32.70851,-115.45673,IMPERIAL,UNINCORPORATED,,
90192476,2016,6/1/2016,9625,5/27/2016,1145,13627,,5,1,9,1300,0,1,1,,2,2,INTERSTATE 8 W/B,SR-98,3352,W,N,A,-,Y,,,8,,,,,,W,Y,4,0,1,2,A,-,7,21658,,N,B,C,A,A,H,-,A,D,0,,,,,Y,,A,1,0,0,1,0,0,0,0,0,0,- ,- ,32.7259,-116.03214,IMPERIAL,UNINCORPORATED,-116.0321538,32.72598068
9019593,2019,7/16/2020,1304,12/25/2019,2222,343,ELCE,3,5,4,1304,0,0,0,,0,WESST,ADAMS AV,12TH ST,0,,Y,A,-,Y,IMP,11,86,-,L,8.266,I,5,S,Y,4,0,2,2,A,-,9,21802,A,N,D,C,A,A,H,-,C,D,0,,,,,Y,,D,22,0,0,2,0,0,0,0,0,0,- ,- ,,,IMPERIAL,EL CENTRO,-115.5656052,32.79655457
90196645,2016,6/8/2016,9625,5/30/2016,1209,18978,,1,1,9,1300,0,1,1,,2,6,INTERSTATE 8 WB,BONDS CORNER ROAD,4224,W,N,A,-,Y,,,8,,,,,,W,Y,4,0,5,2,A,-,3,22350,,N,C,C,A,A,D,-,A,A,0,,,,,Y,,A,8,0,0,5,0,0,0,0,0,0,- ,- ,32.77344,-115.34932,IMPERIAL,UNINCORPORATED,-115.34932,32.77346237
90197720,2016,6/9/2016,9625,6/2/2016,1245,13627,,4,1,9,1300,0,1,3,,2,52,SR-98 E/B,MENVIELLE ROAD,2640,W,N,A,-,Y,,,98,,,,,,E,Y,3,0,4,2,A,-,5,21650,,N,A,C,A,A,H,-,A,D,0,,,,,Y,,A,1,0,3,1,0,0,0,0,0,0,- ,- ,32.69378,-115.39585,IMPERIAL,UNINCORPORATED,-115.3958505,32.69373384
90198370,2016,6/9/2016,9625,5/30/2016,1120,17055,,1,1,9,1300,0,1,3,,1,22,SR-111 (N/B),RANGE ROAD,11616,N,N,A,-,Y,,,111,,,,,,,Y,3,0,1,1,A,-,8,22107,,N,F,A,A,A,H,-,A,A,0,,,,,Y,,A,7,0,1,0,0,0,0,0,0,0,- ,- ,33.39224,-115.7951,IMPERIAL,UNINCORPORATED,-115.7951035,33.39223731
90202315,2016,6/15/2016,9625,6/9/2016,420,20704,,4,3,9,1300,0,1,1,,2,1,I-8 (E/B),SR-98,7920,W,N,A,-,Y,,,8,,,,,,,Y,4,0,1,1,A,-,8,22107,,N,F,A,A,A,H,-,D,A,0,,,,,Y,,A,1,0,0,1,0,0,0,0,0,0,- ,- ,32.72079,-116.0449,IMPERIAL,UNINCORPORATED,-116.0448946,32.72076976
90202905,2016,6/16/2016,9625,6/3/2016,555,13781,,5,3,9,1300,0,2,4,,2,46,DOGWOOD ROAD,CAREY ROAD,460,N,N,A,-,N,,,,,,,,,,Y,3,0,2,2,A,-,5,21650,,N,B,C,A,A,H,-,A,D,0,,,,,Y,,A,1,0,1,1,0,0,0,0,0,0,- ,- ,32.92895,-115.53561,IMPERIAL,UNINCORPORATED,-115.5355342,32.92852716
90204432,2016,6/20/2016,9625,6/7/2016,1605,16248,,2,2,9,1300,0,1,1,,2,5,I8 W/B,RT 115,1056,W,N,A,-,Y,,,,,,,,,,Y,4,0,1,2,A,-,13,21718,,N,C,C,A,A,D,-,A,D,0,,,,,Y,,A,7,0,0,1,0,0,0,0,0,0,- ,- ,32.77353,-115.29406,IMPERIAL,UNINCORPORATED,-115.2889944,32.77335433
90204435,2016,6/20/2016,9625,6/11/2016,1135,13627,,6,1,9,1300,0,2,4,,2,47,FORRESTER ROAD (S/B),WORTHINGTON ROAD,5016,N,N,A,-,N,,,,,,,,,,Y,3,0,1,1,A,-,8,22107,,N,F,A,A,A,H,-,A,D,0,,,,,Y,,D,22,0,1,0,0,0,0,0,0,0,- ,- ,32.86086,-115.62091,IMPERIAL,UNINCORPORATED,-115.6208046,32.8611004
90206504,2016,6/21/2016,9620,6/17/2016,940,14803,,5,1,9,1300,0,2,4,,1,61,S34 (OGILBY RD),HYDUKE MINE RD,2640,S,N,A,-,N,,,,,,,,,,Y,4,0,1,1,A,-,8,22107,,N,F,A,A,A,H,-,A,D,0,,,,,Y,,A,1,0,0,1,0,0,0,0,0,0,- ,- ,32.9268,-114.84135,IMPERIAL,UNINCORPORATED,-114.8414066,32.9267904
90208831,2016,6/24/2016,9625,6/15/2016,940,13781,,3,1,9,1300,0,1,1,,2,4,I-8 (WESTBOUND),IMPERIAL HIGHWAY,10349,E,N,A,-,Y,,,8,,,,,,,Y,3,0,2,1,A,-,8,22107,,N,F,A,A,A,C,-,A,D,0,,,,,Y,,A,1,0,2,0,0,0,0,0,0,0,- ,- ,32.74308,-115.96218,IMPERIAL,UNINCORPORATED,-115.9621666,32.74302978
90211344,2016,6/28/2016,9625,6/26/2016,505,17958,,7,3,9,1300,0,1,3,,1,54,STATE ROUTE 111 (N/B),EVAN HEWES HIGHWAY,667,N,N,A,-,Y,,,111,,,,,,,Y,4,0,1,1,A,-,1,23152,A,N,F,A,A,A,H,-,B,D,0,,,,,Y,Y,D,22,0,0,1,0,0,0,0,0,0,- ,- ,32.80235,-115.50036,IMPERIAL,UNINCORPORATED,-115.5005145,32.80235155
90211695,2016,6/29/2016,9625,6/23/2016,1255,13781,,4,1,9,1300,0,1,3,,1,42,SR-98,ANZA ROAD,8290,E,N,A,-,Y,,,98,,,,,,,Y,3,0,1,1,A,-,5,21650,,N,E,I,A,A,H,-,A,D,0,,,,,Y,,A,7,0,1,0,0,0,0,0,0,0,- ,- ,32.67072,-115.85407,IMPERIAL,UNINCORPORATED,-115.8540601,32.67066322
90216984,2016,7/6/2016,9625,7/1/2016,2355,18773,,5,3,9,1300,0,1,3,,2,53,SR-111 S/B,MCCABE ROAD,0,,N,A,-,Y,,,111,,,,,,S,Y,4,0,1,2,A,-,3,22350,,N,C,C,A,A,H,-,C,A,0,,,,,Y,Y,A,1,0,0,1,0,0,0,0,0,0,- ,- ,32.75266,-115.50084,IMPERIAL,UNINCORPORATED,-115.5007632,32.75266077
90217132,2016,7/6/2016,9625,6/18/2016,710,15990,,6,1,9,1300,0,1,3,,2,56,SR-115,NORRISH ROAD,27,N,N,A,-,Y,,,115,,,,,,,Y,1,1,0,2,A,-,3,22350,,N,C,C,A,A,H,-,A,D,0,,,Y,Y,Y,,C,2,0,0,0,0,0,0,0,1,0,- ,- ,32.83296,-115.40623,IMPERIAL,UNINCORPORATED,-115.406169,32.83296012
90217408,2016,7/7/2016,9620,6/29/2016,1915,17466,,3,2,9,1300,0,1,3,,1,63,SR-78,MIDWAY WELL RD,18480,E,N,A,-,Y,,,78,,,,,,,Y,4,0,1,1,A,-,8,22107,,N,E,I,A,A,H,-,A,D,0,,,,Y,Y,,G,27,0,0,1,0,0,0,0,0,0,- ,- ,33.2564,-114.8104,IMPERIAL,UNINCORPORATED,-114.8105012,33.25650518
90218374,2016,7/7/2016,9625,7/5/2016,1200,13627,,2,1,9,1300,0,1,3,,2,52,STATE ROUTE 98 (E/B),BONESTEELE ROAD,1690,W,N,A,-,Y,,,98,,,,,,,Y,3,0,1,2,C,-,18,,,F,F,A,A,A,H,-,A,D,0,,,,Y,Y,,-,- ,0,1,0,0,0,0,0,0,0,- ,- ,32.69443,-115.31525,IMPERIAL,UNINCORPORATED,-115.3152499,32.69440324
90219183,2016,7/8/2016,9625,7/1/2016,1055,13781,,5,1,9,1300,0,2,4,,2,47,ATEN ROAD,FORRESTER ROAD,0,,Y,A,-,N,,,,,,,,,,Y,3,0,2,2,A,-,9,21802,A,N,D,C,A,A,H,-,A,A,0,,,,Y,Y,,G,25,0,2,0,0,0,0,0,0,0,- ,- ,32.82553,-115.62075,IMPERIAL,UNINCORPORATED,-115.6206801,32.81822012
90224206,2016,7/18/2016,9625,7/6/2016,750,17055,,3,1,9,1300,0,1,1,,2,4,I-8  (W/B),MOUNTAIN SPRINGS ROAD,57,W,N,A,-,Y,,,8,,,,,,,Y,4,0,1,1,A,-,8,22107,,N,E,I,A,A,H,-,A,D,0,,,,,Y,,A,1,0,0,1,0,0,0,0,0,0,- ,- ,32.67839,-116.10024,IMPERIAL,UNINCORPORATED,-116.1002394,32.6785095
90224815,2016,7/18/2016,9625,7/11/2016,1255,18368,,1,1,4,1304,0,1,1,,2,3,I-8 E/B,DOGWOOD RD,1440,W,N,A,-,Y,,,8,,,,,,E,Y,3,0,1,1,A,-,8,22107,,N,E,I,A,A,H,-,A,D,0,,,,,Y,,A,1,0,1,0,0,0,0,0,0,0,- ,- ,32.77364,-115.53979,IMPERIAL,EL CENTRO,-115.53979,32.77367987
90224839,2016,7/18/2016,9620,5/26/2016,2315,18734,,4,3,9,1300,0,1,3,,1,63,OGILBY RD,WALKER WAY,60,N,N,A,-,N,,,,,,,,,,Y,1,1,2,1,A,-,8,22107,,N,F,A,A,A,H,-,D,D,0,,,,,Y,,A,1,0,0,2,0,0,0,0,0,0,- ,- ,32.94686,-114.89064,IMPERIAL,UNINCORPORATED,-114.8894271,32.94632355
90225384,2016,7/19/2016,9625,7/12/2016,420,18930,,2,3,9,1300,0,1,1,,2,1,SR-86 S/B,SR-78,15840,N,N,A,-,Y,,,86,,,,,,S,Y,4,0,1,1,A,-,8,22107,,N,E,I,A,A,H,-,D,D,0,,,,,Y,,A,1,0,0,1,0,0,0,0,0,0,- ,- ,33.16554,-115.87259,IMPERIAL,UNINCORPORATED,-115.8730446,33.16518788
90228571,2016,7/22/2016,9625,7/16/2016,1527,19582,,6,2,9,1300,0,2,4,,2,46,DOGWOOD ROAD,SCHARTZ ROAD,1186,N,N,A,-,N,,,,,,,,,,Y,4,0,1,1,A,-,8,22107,,N,E,I,A,A,H,-,A,D,0,,,,,Y,,A,7,0,0,1,0,0,0,0,0,0,- ,- ,32.94916,-115.52998,IMPERIAL,UNINCORPORATED,-115.5355259,32.94503128