CASE_ID,ACCIDENT_YEAR,PROC_DATE,JURIS,COLLISION_DATE,COLLISION_TIME,OFFICER_ID,REPORTING_DISTRICT,DAY_OF_WEEK,CHP_SHIFT,POPULATION,CNTY_CITY_LOC,SPECIAL_COND,BEAT_TYPE,CHP_BEAT_TYPE,CITY_DIVISION_LAPD,CHP_BEAT_CLASS,BEAT_NUMBER,PRIMARY_RD,SECONDARY_RD,DISTANCE,DIRECTION,INTERSECTION,WEATHER_1,WEATHER_2,STATE_HWY_IND,CALTRANS_COUNTY,CALTRANS_DISTRICT,STATE_ROUTE,ROUTE_SUFFIX,POSTMILE_PREFIX,POSTMILE,LOCATION_TYPE,RAMP_INTERSECTION,SIDE_OF_HWY,TOW_AWAY,COLLISION_SEVERITY,NUMBER_KILLED,NUMBER_INJURED,PARTY_COUNT,PRIMARY_COLL_FACTOR,PCF_CODE_OF_VIOL,PCF_VIOL_CATEGORY,PCF_VIOLATION,PCF_VIOL_SUBSECTION,HIT_AND_RUN,TYPE_OF_COLLISION,MVIW,PED_ACTION,ROAD_SURFACE,ROAD_COND_1,ROAD_COND_2,LIGHTING,CONTROL_DEVICE,CHP_ROAD_TYPE,PEDESTRIAN_ACCIDENT,BICYCLE_ACCIDENT,MOTORCYCLE_ACCIDENT,TRUCK_ACCIDENT,NOT_PRIVATE_PROPERTY,ALCOHOL_INVOLVED,STWD_VEHTYPE_AT_FAULT,CHP_VEHTYPE_AT_FAULT,COUNT_SEVERE_INJ,COUNT_VISIBLE_INJ,COUNT_COMPLAINT_PAIN,COUNT_PED_KILLED,COUNT_PED_INJURED,COUNT_BICYCLIST_KILLED,COUNT_BICYCLIST_INJURED,COUNT_MC_KILLED,COUNT_MC_INJURED,PRIMARY_RAMP,SECONDARY_RAMP,LATITUDE,LONGITUDE,COUNTY,CITY,POINT_X,POINT_Y
90232029,2016,7/28/2016,9625,7/23/2016,325,20111,,6,3,9,1300,0,1,1,,2,3,I-8 W/B,IMPERIAL HWY,24024,E,N,A,-,Y,,,8,,,,,,W,Y,4,0,1,1,A,-,8,22107,,N,F,A,A,A,H,-,E,D,0,,,,,Y,,A,1,0,0,1,0,0,0,0,0,0,- ,- ,32.74927,-115.91815,IMPERIAL,UNINCORPORATED,-115.9181457,32.74923808
90235143,2016,8/2/2016,9625,7/22/2016,1230,17727,,5,1,9,1300,0,1,3,,1,12,SR-86 (S/B),S-22,87,N,N,A,-,Y,,,86,,,,,,,N,4,0,3,2,A,-,3,22350,,N,C,C,A,A,H,-,A,A,0,,,,,Y,,-,28,0,0,3,0,0,0,0,0,0,- ,- ,33.27952,-115.96474,IMPERIAL,UNINCORPORATED,-115.9647193,33.27953539
90236877,2016,8/3/2016,9625,7/26/2016,1442,20516,,2,2,9,1300,0,1,3,,2,43,SR-86,DOGWOOD ROAD,0,,Y,A,-,Y,,,86,,,,,,,N,4,0,1,2,A,-,9,21800,A,N,D,C,A,A,H,-,A,A,0,,,,,Y,,D,22,0,0,1,0,0,0,0,0,0,- ,- ,32.73075,-115.53429,IMPERIAL,UNINCORPORATED,-115.5342891,32.73065701
90242645,2016,8/11/2016,9625,8/4/2016,2015,19582,,4,2,9,1300,0,3,5,,2,40,AUSTIN RD,ATEN RD.,3696,S,N,A,-,N,,,,,,,,,,Y,3,0,1,1,A,-,8,22107,,N,E,I,A,A,H,-,C,D,0,,,,,Y,,A,1,0,1,0,0,0,0,0,0,0,- ,- ,32.81465,-115.59505,IMPERIAL,UNINCORPORATED,-115.59498,32.81540828
90244898,2016,8/15/2016,9625,8/9/2016,535,13627,,2,3,9,1300,0,3,5,,2,50,WARE ROAD,FAWCETT ROAD,2112,S,N,A,-,N,,,,,,,,,,Y,4,0,1,1,A,-,8,22107,,N,F,A,A,A,H,-,B,D,0,,,,,Y,,A,7,0,0,1,0,0,0,0,0,0,- ,- ,32.71746,-115.52572,IMPERIAL,UNINCORPORATED,-115.5256132,32.71760806
90247369,2016,8/18/2016,9625,8/10/2016,1755,18792,,3,2,9,1300,0,2,4,,2,45,EVAN HEWES HIGHWAY,SILSBEE ROAD,1651,E,N,A,-,N,,,,,,,,,,Y,2,0,1,2,A,-,5,21650,,N,A,C,A,A,H,-,A,D,0,,,,Y,Y,,A,1,1,0,0,0,0,0,0,0,0,- ,- ,32.79656,-115.641,IMPERIAL,UNINCORPORATED,-115.6411067,32.79657
90250520,2016,8/23/2016,9625,8/21/2016,255,17958,,7,3,9,1300,0,1,3,,2,14,STATE ROUTE 78 (SR-78) W/B,ELDER ROAD,0,,Y,A,-,Y,,,,,,,,,,Y,4,0,1,1,A,-,3,22350,,N,E,I,A,A,H,-,D,A,0,,,,,Y,,A,1,0,0,1,0,0,0,0,0,0,- ,- ,32.99902,-115.58985,IMPERIAL,UNINCORPORATED,,
90256833,2016,4/3/2017,9620,8/9/2016,2102,19035,,2,2,9,1300,0,1,1,,2,81,INTERSTATE 8 EAST,GORDONS WELL RD.,12144,E,N,A,-,Y,,,,,,,,,,N,1,1,0,2,A,-,0,21461,,N,G,B,D,A,H,-,D,D,0,Y,,,Y,Y,Y,N,60,0,0,0,1,0,0,0,0,0,- ,- ,32.71596,-117.91941,IMPERIAL,UNINCORPORATED,,
90257491,2016,8/31/2016,9625,8/8/2016,357,19668,,1,3,9,1300,0,2,4,,2,47,FORRESTER ROAD,IMLER ROAD,1056,S,N,A,-,N,,,,,,,,,,Y,1,1,0,1,A,-,8,22107,,N,E,I,A,A,H,-,D,D,0,,,,,Y,,D,22,0,0,0,0,0,0,0,0,0,- ,- ,32.92297,-115.62147,IMPERIAL,UNINCORPORATED,-115.6215593,32.92366479
90264129,2016,9/8/2016,9625,8/26/2016,1141,19582,,5,1,9,1300,0,1,3,,2,53,SR-111 S/B,I-8,200,N,N,A,-,Y,,,111,,,,,,S,Y,3,0,1,1,A,-,1,23152,A,N,E,I,A,A,H,-,A,D,0,,,,,Y,Y,D,22,0,1,0,0,0,0,0,0,0,- ,- ,32.77469,-115.5015,IMPERIAL,UNINCORPORATED,-115.5012463,32.77469985
90268758,2016,9/15/2016,9625,9/4/2016,743,13627,,7,1,9,1300,0,2,4,,2,57,EVAN HEWES (E/B),JAMES ROAD,913,E,N,A,-,N,,,,,,,,,,Y,3,0,1,1,A,-,1,23152,A,N,F,A,A,A,H,-,A,D,0,,,,,Y,Y,A,1,0,1,0,0,0,0,0,0,0,- ,- ,32.80328,-115.4625,IMPERIAL,UNINCORPORATED,-115.4624058,32.80335507
90269445,2016,9/16/2016,9625,9/12/2016,1525,18464,,1,2,9,1300,0,1,3,,2,13,SR-78,COUNTY LINE ROAD,1056,E,N,A,G,Y,,,78,,,,,,,Y,4,0,1,1,C,-,18,,,N,F,A,A,A,H,-,A,D,0,,,Y,,Y,,-,- ,0,0,1,0,0,0,0,0,1,- ,- ,33.13147,-116.07844,IMPERIAL,UNINCORPORATED,-116.0784296,33.1315084
90276484,2016,9/27/2016,9620,9/24/2016,418,19035,,6,3,9,1300,0,1,1,,2,82,I-8 E/B,SR-186 O/C,2098,W,N,A,-,Y,,,8,,,,,,E,Y,3,0,2,1,A,-,8,22107,,N,E,I,A,A,D,H,D,D,0,,,,,Y,,A,1,0,1,1,0,0,0,0,0,0,- ,- ,32.74438,-114.7268,IMPERIAL,UNINCORPORATED,-114.7268336,32.74411459
90276512,2016,12/8/2016,9625,9/17/2016,530,18207,,6,3,9,1300,0,3,5,,2,50,BARBARA WORTH ROAD,MCCABE ROAD,0,,Y,A,-,N,,,,,,,,,,Y,4,0,2,2,A,-,12,22450,A,N,D,C,A,A,H,-,B,A,0,,,,,Y,,A,8,0,0,2,0,0,0,0,0,0,- ,- ,32.75199,-115.43082,IMPERIAL,UNINCORPORATED,-115.43074,32.75194003
90286246,2016,10/7/2016,9620,9/30/2016,510,18247,,5,3,9,1300,0,1,1,,2,82,I-8 W/B (EVAN HEWES HWY),SR-98,3538,E,N,A,-,Y,,,,,,,,,,Y,4,0,2,1,A,-,8,22107,,N,F,A,A,A,D,-,D,A,0,,,,Y,Y,,G,25,0,0,2,0,0,0,0,0,0,- ,- ,32.70916,-115.07821,IMPERIAL,UNINCORPORATED,-115.0782545,32.70810975
90287095,2016,10/10/2016,9625,9/28/2016,345,18930,,3,3,9,1300,0,1,1,,2,1,SR-111 S/B,EVAN HEWES HIGHWAY,3168,N,N,A,-,Y,,,111,,,,,,S,Y,3,0,1,2,A,-,3,22350,,N,C,C,A,A,H,-,D,A,0,,,,,Y,,D,22,0,1,0,0,0,0,0,0,0,- ,- ,32.80756,-115.50078,IMPERIAL,UNINCORPORATED,-115.500479,32.80755744
90291790,2016,10/14/2016,9625,10/9/2016,1010,16248,,7,1,9,1300,0,3,5,,2,50,KLOKE ROAD,MADDOX ROAD,558,S,N,A,-,N,,,,,,,,,,Y,3,0,1,1,A,-,8,22107,,N,A,I,A,A,H,-,A,D,0,,,,,Y,,A,1,0,1,0,0,0,0,0,0,0,- ,- ,32.68888,-115.51641,IMPERIAL,UNINCORPORATED,-115.5164741,32.6888272
90291792,2016,10/14/2016,9625,10/9/2016,2310,20704,,7,3,9,1300,0,1,3,,1,42,SR-98,DREW ROAD,1056,W,N,A,-,Y,,,98,,,,,,,N,4,0,1,1,A,-,8,22107,,N,E,I,A,A,H,-,D,D,0,,,,,Y,,A,1,0,0,1,0,0,0,0,0,0,- ,- ,32.67843,-115.67492,IMPERIAL,UNINCORPORATED,-115.67491,32.67832821
90292667,2016,10/17/2016,9625,10/7/2016,1731,15766,,5,2,9,1300,0,1,1,,2,1,I-8 E/B,IN-KO-PAH PARK ROAD,1584,E,N,A,-,Y,,,8,,,,,,E,Y,4,0,2,3,A,-,2,22400,A,N,C,C,A,A,H,-,A,A,0,,,,,Y,,A,1,0,0,2,0,0,0,0,0,0,- ,- ,32.64701,-116.10424,IMPERIAL,UNINCORPORATED,-116.1042942,32.64704087
90292670,2016,10/17/2016,9625,10/12/2016,1130,13781,,3,1,9,1300,0,2,4,,2,47,FORRESTER ROAD,EVAN HEWES HIGHWAY,0,,Y,A,-,N,,,,,,,,,,Y,4,0,1,2,A,-,21,22106,,N,D,C,A,A,A,-,A,A,0,,,,,Y,,A,1,0,0,1,0,0,0,0,0,0,- ,- ,32.7966,-115.62082,IMPERIAL,UNINCORPORATED,-115.6207901,32.79656012
90294940,2016,10/18/2016,9625,10/9/2016,2010,18468,,7,2,9,1300,0,1,3,,1,44,STATE ROUTE 86 (S/B),KEYSTONE ROAD,1050,N,N,A,-,Y,,,86,,,,,,,N,4,0,1,2,A,-,3,22350,,N,C,C,A,A,H,-,D,D,0,,,,,Y,,A,1,0,0,1,0,0,0,0,0,0,- ,- ,32.91553,-115.57018,IMPERIAL,UNINCORPORATED,-115.5700526,32.91552968
90297041,2016,10/20/2016,9620,10/14/2016,955,14306,,5,1,9,1300,0,1,1,,2,81,I-8 EASTBOUND,SAND HILLS RD.,3960,W,N,A,-,Y,,,8,,,,,,E,Y,3,0,2,1,A,-,8,22107,,N,F,J,A,A,H,-,A,D,0,,,,,Y,,A,1,0,1,1,0,0,0,0,0,0,- ,- ,32.73009,-114.90672,IMPERIAL,UNINCORPORATED,-114.9067158,32.73008085
90298213,2016,10/21/2016,9625,10/12/2016,1750,18464,,3,2,9,1300,0,2,4,,2,46,DOGWOOD ROAD,COLE ROAD,3486,N,N,A,-,N,,,,,,,,,,Y,3,0,1,1,A,-,8,22107,,N,E,I,A,A,H,-,A,D,0,,,,,Y,,A,1,0,1,0,0,0,0,0,0,0,- ,- ,32.70348,-115.53412,IMPERIAL,UNINCORPORATED,-115.53407,32.70352583
9030263,2019,1/27/2020,1306,3/23/2019,1404,1369,OWSVR,6,5,2,1306,0,0,0,,0,906,CROSS OVER TRAIL,TIERRA DEL SOL TRL,200,S,N,A,-,N,,,,,,,,,,N,2,0,1,1,A,-,0,28314,,N,F,A,A,A,H,-,A,D,0,,,,,Y,,A,42,1,0,0,0,0,0,0,0,0,- ,- ,,,IMPERIAL,IMPERIAL,,
90310274,2016,11/3/2016,9625,10/28/2016,1115,15990,,5,1,9,1300,0,3,5,,2,10,CADY ROAD,FORRESTER ROAD,27,E,N,A,-,N,,,,,,,,,,Y,3,0,1,1,A,-,1,23152,A,N,F,A,A,A,H,-,A,A,0,,,,,Y,Y,D,22,0,1,0,0,0,0,0,0,0,- ,- ,32.97723,-115.62393,IMPERIAL,UNINCORPORATED,-115.6240124,32.97739021
90322262,2016,11/17/2016,9625,11/10/2016,1724,18464,,4,2,9,1300,0,1,3,,1,11,SR-86 (S/B),KALIN ROAD,0,,Y,A,-,Y,,,86,,,,,,,N,4,0,4,2,A,-,9,21802,A,N,D,C,A,A,H,-,B,A,0,,,,,Y,,A,1,0,0,4,0,0,0,0,0,0,- ,- ,32.98473,-115.57821,IMPERIAL,UNINCORPORATED,-115.5782178,32.98472356
90325053,2016,11/18/2016,9625,11/16/2016,1515,19582,,3,2,9,1300,0,3,5,,2,50,PITZER ROAD,CORRELL ROAD,300,N,N,A,-,N,,,,,,,,,,Y,4,0,1,1,A,-,8,22107,,N,H,A,A,A,H,-,A,D,0,,,,,Y,,A,1,0,0,1,0,0,0,0,0,0,- ,- ,32.73901,-115.51736,IMPERIAL,UNINCORPORATED,-115.5174223,32.73868981
90326998,2016,11/22/2016,9625,11/14/2016,1815,18617,,1,2,9,1300,0,3,5,,2,40,CLARK ROAD,KUBLER ROAD,1056,N,N,A,-,N,,,,,,,,,,Y,4,0,1,2,A,-,6,21751,,F,E,J,A,A,H,-,D,D,0,,,,,Y,,A,7,0,0,1,0,0,0,0,0,0,- ,- ,32.6971,-115.55984,IMPERIAL,UNINCORPORATED,-115.55987,32.69680589
90343359,2016,12/13/2016,9625,12/3/2016,215,19667,,6,3,9,1300,0,1,3,,2,52,SR-98,INTERSTATE 8,477,S,N,A,G,Y,,,98,,,,,,,Y,3,0,1,1,A,-,8,22107,,N,F,A,A,A,H,-,D,D,0,,,,Y,Y,,G,25,0,1,0,0,0,0,0,0,0,- ,- ,32.7095,-115.09036,IMPERIAL,UNINCORPORATED,-115.0903445,32.70948412
9034402,2019,7/13/2020,1304,11/22/2019,1436,361,ELCE,5,5,4,1304,0,0,0,,0,EAST,4TH,COMMERCIAL,0,,Y,A,-,Y,IMP,11,86,-,L,7.453,I,5,N,Y,4,0,2,2,A,-,9,21804,A,N,D,C,A,A,H,-,A,A,0,,,,,Y,,A,1,0,0,2,0,0,0,0,0,0,- ,- ,,,IMPERIAL,EL CENTRO,-115.5526428,32.79501343
9034406,2019,1/30/2020,1304,11/26/2019,1315,E0029,EWES,2,5,4,1304,0,0,0,,0,,NORTH IMPERIAL AV,N IMPERIAL AV 1100,0,,Y,A,-,N,,,,,,,,,,Y,3,0,1,3,A,-,3,22350,,N,C,C,A,A,H,-,A,A,0,,,,,Y,,-,,0,1,0,0,0,0,0,0,0,- ,- ,,,IMPERIAL,EL CENTRO,,
9034410,2019,7/13/2020,1304,11/27/2019,1553,361,ELCE,3,5,4,1304,0,0,0,,0,EAST,4TH,SMOKETREE,0,,Y,B,-,Y,IMP,11,86,-,-,6.114,I,5,S,Y,2,0,2,2,A,-,9,21801,A,N,D,C,A,A,H,-,A,A,0,,,,,Y,,A,1,2,0,0,0,0,0,0,0,0,- ,- ,,,IMPERIAL,EL CENTRO,-115.5522766,32.77537155
90345719,2016,12/15/2016,9620,12/6/2016,420,18703,,2,3,9,1300,0,2,4,,1,72,WINTERHAVEN DR,INTERSTATE 8,490,N,N,A,-,N,,,,,,,,,,Y,3,0,1,1,A,-,8,22107,,M,E,I,A,A,H,-,C,A,0,,,,,Y,,A,7,0,1,0,0,0,0,0,0,0,- ,- ,32.73335,-114.62467,IMPERIAL,UNINCORPORATED,-114.65062,32.73735
90348244,2016,12/20/2016,9625,12/11/2016,1645,17958,,7,2,9,1300,0,2,4,,2,46,DOGWOOD ROAD,COLE ROAD,0,,Y,A,-,N,,,,,,,,,,Y,4,0,2,2,A,-,9,21801,A,N,A,C,A,A,H,-,B,A,0,,,,,Y,,A,1,0,0,2,0,0,0,0,0,0,- ,- ,32.694,-115.53396,IMPERIAL,UNINCORPORATED,-115.5339801,32.69400007
90352687,2016,12/27/2016,9625,12/16/2016,449,19836,,5,3,9,1300,0,3,5,,2,50,COLE ROAD,DOGWOOD ROAD,70,E,N,A,-,N,,,,,,,,,,Y,4,0,1,1,A,-,8,22107,,N,F,A,A,A,H,-,D,D,0,,,,,Y,,A,7,0,0,1,0,0,0,0,0,0,- ,- ,32.69399,-115.53327,IMPERIAL,UNINCORPORATED,-115.53398,32.694
90353614,2016,12/27/2016,9625,12/17/2016,940,18978,,6,1,9,1300,0,1,3,,1,11,STATE ROUTE 86 (SB),ALLEN ROAD,2050,N,N,A,-,Y,,,86,,,,,,,Y,3,0,1,1,A,-,8,22107,,N,E,I,A,A,H,-,A,D,0,,,,,Y,,A,1,0,1,0,0,0,0,0,0,0,- ,- ,33.09856,-115.78938,IMPERIAL,UNINCORPORATED,-115.7893706,33.09858051
90354500,2016,12/27/2016,9620,12/23/2016,1145,16222,,5,1,9,1300,0,1,3,,1,63,SR-78,MILPITAS WASH RD,9504,W,N,B,-,Y,,,78,,,,,,,Y,4,0,1,1,A,-,8,22107,,N,F,A,A,A,H,-,A,D,0,,,,,Y,,A,7,0,0,1,0,0,0,0,0,0,- ,- ,33.26454,-114.80233,IMPERIAL,UNINCORPORATED,-114.8022887,33.26449778
90356700,2016,12/28/2016,9625,12/18/2016,1410,18464,,7,2,9,1300,0,3,5,,2,10,VENDEL ROAD,BANNISTER ROAD,0,,Y,A,-,N,,,,,,,,,,Y,2,0,1,2,A,-,9,21802,A,N,D,C,A,A,H,-,A,A,0,,,Y,,Y,,D,22,1,0,0,0,0,0,0,0,1,- ,- ,33.05234,-115.70774,IMPERIAL,UNINCORPORATED,-115.7077501,33.05233001
90358144,2016,12/30/2016,9625,12/25/2016,628,18978,,7,1,9,1300,0,2,4,,2,57,EVAN HEWES HIGHWAY,MELOLAND ROAD,500,E,N,A,-,Y,,,,,,,,,,Y,4,0,1,1,A,-,8,22107,,N,F,A,A,A,H,-,A,D,0,,,,,Y,,D,22,0,0,1,0,0,0,0,0,0,- ,- ,32.80331,-115.44625,IMPERIAL,UNINCORPORATED,-115.4463722,32.80332663
90359989,2016,1/3/2017,9625,12/24/2016,1410,20111,,6,2,9,1300,0,1,1,,2,1,I-8 E/B,MOUNTAIN SPRINGS,6864,W,N,C,G,Y,,,8,,,,,,E,Y,4,0,2,1,A,-,8,22107,,N,E,I,A,B,H,-,A,D,0,,,,,Y,,A,7,0,0,2,0,0,0,0,0,0,- ,- ,32.67396,-116.07607,IMPERIAL,UNINCORPORATED,-116.0760437,32.67390893
90360351,2016,3/3/2017,9625,12/26/2016,1815,18468,,1,2,9,1300,0,1,1,,2,5,INTERSTATE 8 (E/B),STATE ROUTE 111,1258,W,N,A,-,Y,,,8,,,,,,,Y,4,0,4,2,A,-,5,21651,A,N,D,C,A,A,H,-,D,D,0,,,,,Y,,D,22,0,0,4,0,0,0,0,0,0,- ,- ,32.77371,-115.50552,IMPERIAL,UNINCORPORATED,-115.50552,32.77370562
9036647,2019,2/7/2020,1304,12/26/2019,1735,326,EEAS,4,5,4,1304,0,0,0,,0,,BRIGHTON,8TH,0,,Y,A,-,N,,,,,,,,,,N,3,0,1,2,A,-,3,22350,,N,B,G,A,A,H,-,D,A,0,,Y,,,Y,,A,1,0,1,0,0,0,0,1,0,0,- ,- ,,,IMPERIAL,EL CENTRO,-115.5613937,32.78977966
9036659,2019,2/10/2020,1304,12/7/2019,1821,E0231,ELCE,6,5,4,1304,0,0,0,,0,WEST,LA BRUCHERIE,BRADSHAW,0,,Y,C,-,N,,,,,,,,,,Y,4,0,1,2,-,-,- ,,,N,D,C,A,B,H,-,A,A,0,,,,,Y,,-,- ,0,0,1,0,0,0,0,0,0,- ,- ,,,IMPERIAL,EL CENTRO,-115.5786667,32.81106949
9036667,2019,2/15/2020,1304,12/13/2019,1513,326,EAST,5,5,4,1304,0,0,0,,0,,ORANGE,4TH,190,W,N,A,-,N,,,,,,,,,,Y,3,0,1,3,A,-,9,21804,A,N,D,C,A,A,H,-,A,A,0,,,Y,,Y,,A,1,0,1,0,0,0,0,0,0,1,- ,- ,,,IMPERIAL,EL CENTRO,-115.5531235,32.7887764
9036671,2019,6/25/2020,1304,12/21/2019,1314,357,ELCE,6,5,4,1304,0,0,0,,0,WEST,IMPERIAL,VILLA AV,0,,-,A,-,Y,IMP,11,86,-,-,7.81,H,-,N,Y,4,0,2,2,A,-,3,22350,,N,C,C,A,A,H,-,A,A,0,,,,,Y,,A,1,0,0,2,0,0,0,0,0,0,- ,- ,32.80382919,-115.5697098,IMPERIAL,EL CENTRO,-115.5698776,32.80368423
90367395,2017,3/1/2017,9625,1/1/2017,1905,20704,,7,2,9,1300,0,1,3,,2,24,SR-78,GREEN ROAD,873,E,N,A,-,Y,,,78,,,,,,,Y,3,0,4,2,A,-,3,22350,,N,B,C,A,A,H,-,D,D,0,,,,,Y,,A,1,0,2,2,0,0,0,0,0,0,- ,- ,32.97463,-115.32028,IMPERIAL,UNINCORPORATED,-115.3202799,32.97475876
90367695,2016,1/12/2017,9625,12/31/2016,945,15990,,6,1,9,1300,0,2,4,,2,47,ANDRE ROAD,FORRESTER ROAD,1,W,N,E,-,N,,,,,,,,,,Y,3,0,1,2,A,-,3,22350,,N,D,C,A,A,H,-,A,D,0,,,,,Y,,D,22,0,1,0,0,0,0,0,0,0,- ,- ,33.01564,-115.6216,IMPERIAL,UNINCORPORATED,-115.6215432,33.01558996
90367811,2017,1/12/2017,9625,1/9/2017,1030,13627,,1,1,9,1300,0,3,5,,2,50,BOWKER ROAD,HEBER ROAD,0,,Y,B,-,N,,,,,,,,,,Y,4,0,1,2,A,-,12,22450,A,N,D,C,A,A,H,-,A,A,0,,,,,Y,,D,22,0,0,1,0,0,0,0,0,0,- ,- ,32.73033,-115.46504,IMPERIAL,UNINCORPORATED,-115.4650501,32.7303501
90368008,2017,1/12/2017,9625,1/2/2017,1825,20704,,1,2,9,1300,0,3,5,,2,50,PITZER ROAD,MCCABE ROAD,0,,Y,A,-,N,,,,,,,,,,Y,4,0,1,2,A,-,12,21453,A,N,D,C,A,A,H,-,C,A,0,,,,,Y,,-,- ,0,0,1,0,0,0,0,0,0,- ,- ,32.75265,-115.51766,IMPERIAL,UNINCORPORATED,-115.51763,32.75246008
90368257,2017,1/12/2017,9625,1/6/2017,559,13781,,5,3,9,1300,0,1,1,,2,2,I-8 WESTBOUND,MOUNTAIN SPRINGS ROAD,11246,E,N,A,-,Y,,,8,,,,,,W,Y,2,0,1,1,A,-,8,22107,,N,E,I,A,A,H,-,D,D,0,,,,,Y,,A,1,1,0,0,0,0,0,0,0,0,- ,- ,32.70146,-116.07898,IMPERIAL,UNINCORPORATED,-116.0789518,32.70141043
90369450,2017,2/28/2017,9620,1/6/2017,630,16222,,5,1,9,1300,0,1,1,,2,81,INTERSTATE 8 (E/B),BROCK RESEARCH CENTER ROAD,8448,W,N,A,-,Y,,,8,,,,,,,Y,3,0,1,1,A,-,8,22107,,M,F,A,A,A,H,-,D,D,0,,,,,Y,,A,1,0,1,0,0,0,0,0,0,0,- ,- ,32.70765,-115.06402,IMPERIAL,UNINCORPORATED,-115.0640201,32.70775954
9036958,2020,3/13/2020,1304,1/10/2020,1316,361,ELCE,5,5,4,1304,0,0,0,,0,WEST,OCOTILLO,IMPERIAL,148,W,N,A,-,N,,,,,,,,,,N,4,0,2,2,A,-,9,21804,A,N,D,C,A,A,H,-,A,D,0,,,,,Y,,A,1,0,0,2,0,0,0,0,0,0,- ,- ,,,IMPERIAL,EL CENTRO,-115.5700455,32.77717972
90369966,2017,1/16/2017,9620,1/8/2017,945,18247,,7,1,9,1300,0,1,1,,2,82,I-8 E/B,SR-186,1056,E,N,A,-,Y,,,8,,,,,,E,N,4,0,1,1,A,-,8,22107,,N,E,A,A,A,D,-,A,A,0,,,,,Y,,A,1,0,0,1,0,0,0,0,0,0,- ,- ,32.74299,-114.71657,IMPERIAL,UNINCORPORATED,-114.7165765,32.74292596
90370596,2017,1/17/2017,9625,1/4/2017,706,16248,,3,1,9,1300,0,1,3,,1,51,SR-7,SR-98,0,,Y,E,-,Y,,,7,,,,,,,Y,4,0,2,2,A,-,12,21453,A,N,D,C,A,A,H,-,A,A,0,,,,,Y,,A,1,0,0,2,0,0,0,0,0,0,- ,- ,32.69375,-115.37925,IMPERIAL,UNINCORPORATED,-115.3791295,32.69375405
90378138,2017,1/26/2017,9625,1/15/2017,1530,20704,,7,2,9,1300,0,2,4,,2,57,EVAN HEWES HIGHWAY,OLD HIGHWAY 111,0,,Y,A,-,N,,,,,,,,,,Y,4,0,3,2,A,-,1,23152,A,N,D,C,A,A,H,-,A,A,0,,,,,Y,,A,8,0,0,3,0,0,0,0,0,0,- ,- ,32.79935,-115.50176,IMPERIAL,UNINCORPORATED,-115.5016301,32.79949008
90382492,2017,1/31/2017,9625,1/27/2017,1155,16248,,5,1,9,1300,0,3,5,,2,50,WILLOUGHBY ROAD,KLOKE ROAD,225,W,N,A,G,N,,,,,,,,,,Y,4,0,1,1,A,-,3,22350,,N,E,I,A,A,H,-,A,D,0,,,Y,,Y,,C,2,0,0,1,0,0,0,0,0,1,- ,- ,32.70862,-115.51748,IMPERIAL,UNINCORPORATED,-115.5186473,32.70851
90383227,2017,2/1/2017,9625,1/25/2017,1558,18464,,3,2,9,1300,0,1,3,,2,52,SR-98,MENVIELLE ROAD,800,W,N,A,-,Y,,,98,,,,,,,N,4,0,1,2,A,-,3,22350,,N,C,C,A,A,H,-,A,D,0,,,,,Y,,A,8,0,0,1,0,0,0,0,0,0,- ,- ,32.69371,-115.38987,IMPERIAL,UNINCORPORATED,-115.3898702,32.6937475
90383703,2017,2/1/2017,9625,2/1/2017,745,13627,,3,1,9,1300,0,3,5,,2,50,BARBARA WORTH ROAD,HEBER ROAD,0,,Y,A,-,N,,,,,,,,,,Y,4,0,2,2,A,-,9,21802,A,N,D,C,A,A,H,-,A,A,0,,,,,Y,,A,1,0,0,2,0,0,0,0,0,0,- ,- ,32.73029,-115.43081,IMPERIAL,UNINCORPORATED,-115.4308801,32.73024007
90384498,2017,2/2/2017,9625,1/28/2017,1531,19668,,6,2,9,1300,0,3,5,,2,50,HOLT ROAD,KEYSTONE ROAD,61,S,N,A,-,N,,,,,,,,,,Y,3,0,3,2,A,-,9,21802,A,N,C,C,A,A,H,-,A,A,0,,,,Y,Y,,A,1,0,1,2,0,0,0,0,0,0,- ,- ,32.91612,-115.38052,IMPERIAL,UNINCORPORATED,-115.3803898,32.91635333
90386639,2017,2/6/2017,9625,2/4/2017,1514,18464,,6,2,9,1300,0,3,5,,2,50,BARBARA WORTH ROAD,MCCABE ROAD,18,N,N,A,-,N,,,,,,,,,,Y,4,0,1,2,A,-,9,21802,A,M,E,I,A,A,H,-,A,A,0,,,,,Y,,A,1,0,0,1,0,0,0,0,0,0,- ,- ,32.75202,-115.43079,IMPERIAL,UNINCORPORATED,-115.4307349,32.751989
90386674,2017,2/6/2017,9625,2/4/2017,1955,18464,,6,2,9,1300,0,1,3,,1,54,SR-111 (S/B),HARRIS ROAD,3167,N,N,A,-,Y,,,,,,,,,,Y,4,0,1,1,A,-,8,22107,,N,E,I,A,A,H,-,D,D,0,,,,,Y,,A,1,0,0,1,0,0,0,0,0,0,- ,- ,32.53325,-115.30335,IMPERIAL,UNINCORPORATED,-115.5085377,32.89210648