CASE_ID,ACCIDENT_YEAR,PROC_DATE,JURIS,COLLISION_DATE,COLLISION_TIME,OFFICER_ID,REPORTING_DISTRICT,DAY_OF_WEEK,CHP_SHIFT,POPULATION,CNTY_CITY_LOC,SPECIAL_COND,BEAT_TYPE,CHP_BEAT_TYPE,CITY_DIVISION_LAPD,CHP_BEAT_CLASS,BEAT_NUMBER,PRIMARY_RD,SECONDARY_RD,DISTANCE,DIRECTION,INTERSECTION,WEATHER_1,WEATHER_2,STATE_HWY_IND,CALTRANS_COUNTY,CALTRANS_DISTRICT,STATE_ROUTE,ROUTE_SUFFIX,POSTMILE_PREFIX,POSTMILE,LOCATION_TYPE,RAMP_INTERSECTION,SIDE_OF_HWY,TOW_AWAY,COLLISION_SEVERITY,NUMBER_KILLED,NUMBER_INJURED,PARTY_COUNT,PRIMARY_COLL_FACTOR,PCF_CODE_OF_VIOL,PCF_VIOL_CATEGORY,PCF_VIOLATION,PCF_VIOL_SUBSECTION,HIT_AND_RUN,TYPE_OF_COLLISION,MVIW,PED_ACTION,ROAD_SURFACE,ROAD_COND_1,ROAD_COND_2,LIGHTING,CONTROL_DEVICE,CHP_ROAD_TYPE,PEDESTRIAN_ACCIDENT,BICYCLE_ACCIDENT,MOTORCYCLE_ACCIDENT,TRUCK_ACCIDENT,NOT_PRIVATE_PROPERTY,ALCOHOL_INVOLVED,STWD_VEHTYPE_AT_FAULT,CHP_VEHTYPE_AT_FAULT,COUNT_SEVERE_INJ,COUNT_VISIBLE_INJ,COUNT_COMPLAINT_PAIN,COUNT_PED_KILLED,COUNT_PED_INJURED,COUNT_BICYCLIST_KILLED,COUNT_BICYCLIST_INJURED,COUNT_MC_KILLED,COUNT_MC_INJURED,PRIMARY_RAMP,SECONDARY_RAMP,LATITUDE,LONGITUDE,COUNTY,CITY,POINT_X,POINT_Y
90389239,2017,2/9/2017,9625,2/5/2017,1620,18464,,7,2,9,1300,0,1,3,,1,44,SR-86 N/B,AUSTIN ROAD,46,N,N,A,-,Y,,,86,,,,,,N,Y,3,0,1,1,A,-,8,22107,,N,E,I,A,A,H,-,A,D,0,,,,,Y,,A,1,0,1,0,0,0,0,0,0,0,- ,- ,32.95033,-115.56678,IMPERIAL,UNINCORPORATED,-115.5668386,32.95047254
90391194,2017,2/13/2017,9620,2/5/2017,1010,18247,,7,1,9,1300,0,1,1,,2,82,I-8 E/B,SEMINOLE RD OC,1300,W,N,A,-,Y,,,8,,,,,,E,Y,3,0,1,1,A,-,3,22350,,N,F,A,A,A,D,-,A,D,0,,,Y,,Y,,C,2,0,1,0,0,0,0,0,0,1,- ,- ,32.74473,-114.7078,IMPERIAL,UNINCORPORATED,-114.7077206,32.74454622
90392075,2017,2/13/2017,9625,2/8/2017,1010,18279,,3,1,4,1304,0,1,1,,2,4,INTERSTATE 8 (W/B),FORRESTER ROAD,2500,W,N,A,-,Y,,,,,,,,,,Y,3,0,1,1,A,-,8,22107,,N,F,A,A,A,H,-,A,D,0,,,,,Y,,D,22,0,1,0,0,0,0,0,0,0,- ,- ,32.77393,-115.63037,IMPERIAL,EL CENTRO,-115.6287184,32.77397981
90392410,2017,2/14/2017,9625,2/8/2017,1843,18792,,3,2,9,1300,0,1,3,,1,11,SR-86 NB,LACK ROAD,353,N,N,A,-,Y,,,86,,,,,,N,Y,4,0,1,2,A,-,3,22350,,N,C,C,A,A,H,-,D,D,0,,,,Y,Y,,A,8,0,0,1,0,0,0,0,0,0,- ,- ,33.03746,-115.64867,IMPERIAL,UNINCORPORATED,-115.6486701,33.0373943
90393241,2017,2/14/2017,9625,2/7/2017,1354,18464,,2,1,9,1300,0,3,5,,2,50,HAVEN ROAD,ORCHARD ROAD,1186,E,N,A,-,N,,,,,,,,,,Y,3,0,1,1,A,-,1,23152,E,N,E,I,A,A,H,-,A,D,0,,,,,Y,,D,22,0,1,0,0,0,0,0,0,0,- ,- ,32.796,-115.37933,IMPERIAL,UNINCORPORATED,-115.3798836,32.79604762
90394256,2016,2/15/2017,9625,12/21/2016,1812,18617,,3,2,9,1300,0,1,3,,1,11,STATE ROUTE 86 SOUTHBOUND,STATE ROUTE 78,0,,Y,C,-,Y,,,86,,,,,,S,Y,1,1,5,2,A,-,9,21800,D,N,D,C,A,B,H,-,E,B,0,,,,,Y,,-,- ,1,0,4,0,0,0,0,0,0,- ,- ,32.99925,-115.58918,IMPERIAL,UNINCORPORATED,-115.5892201,32.99921981
90394269,2017,2/15/2017,9620,2/6/2017,2251,15647,Quech,1,3,9,1300,0,2,4,,1,72,WINTERHAVEN DRIVE,S-24 (PICACHO ROAD),211,E,N,A,-,N,,,,,,,,,,Y,2,0,1,1,A,-,1,23152,A,N,F,A,A,A,H,-,D,D,0,,,,,Y,Y,A,1,1,0,0,0,0,0,0,0,0,- ,- ,32.73512,-114.62581,IMPERIAL,UNINCORPORATED,-114.62581,32.73512
9039698,2020,6/10/2020,1304,2/6/2020,1239,354,,4,5,4,1304,0,0,0,,0,,ADAMS,6TH,103,E,N,A,-,N,,,,,,,,,,N,3,0,1,2,A,-,3,22350,,N,C,C,A,A,H,-,A,A,0,,,,,Y,,-,,0,1,0,0,0,0,0,0,0,- ,- ,,,IMPERIAL,EL CENTRO,-115.5567474,32.79653168
90401356,2017,2/28/2017,9625,2/22/2017,1636,18464,,3,2,9,1300,0,1,3,,2,53,SR-111 N/B,I-8 W/B,327,N,N,A,G,Y,,,111,,,,,,N,Y,4,0,2,1,A,-,3,22350,,N,F,A,A,A,H,-,A,D,0,,,,,Y,,A,7,0,0,2,0,0,0,0,0,0,- ,- ,32.77481,-115.50074,IMPERIAL,UNINCORPORATED,-115.5012498,32.7747902
90404375,2017,3/2/2017,9625,2/22/2017,755,16248,,3,1,9,1300,0,1,3,,1,54,SR-111 N/B,ATEN ROAD,1056,S,N,A,-,Y,,,111,,,,,,N,N,4,0,1,3,A,-,3,22350,,N,C,C,A,A,H,-,A,D,0,,,,,Y,,A,1,0,0,1,0,0,0,0,0,0,- ,- ,32.81583,-115.50021,IMPERIAL,UNINCORPORATED,-115.5003488,32.81583177
90406188,2017,3/6/2017,9625,2/25/2017,125,20516,,6,3,9,1300,0,1,1,,2,1,E/B INTERSTATE 8,INKOPAH PARK RD,1056,E,N,A,-,Y,,,8,,,,,,,Y,3,0,2,1,A,-,8,22107,,N,F,A,A,A,H,-,D,D,0,,,,,Y,,D,22,0,2,0,0,0,0,0,0,0,- ,- ,32.64532,-116.10536,IMPERIAL,UNINCORPORATED,-116.1053213,32.64529563
90406333,2017,3/6/2017,9625,2/23/2017,530,15990,,4,3,9,1300,0,3,5,,2,10,GENTRY ROAD,EDDINS ROAD,0,,Y,A,-,N,,,,,,,,,,Y,2,0,2,2,A,-,9,21801,A,N,A,C,A,A,H,-,B,D,0,,,,,Y,,A,7,1,0,1,0,0,0,0,0,0,- ,- ,33.72926,-115.36519,IMPERIAL,UNINCORPORATED,-115.6143601,33.12574007
90407349,2017,3/7/2017,9620,3/5/2017,1300,16015,,7,1,9,1300,0,2,4,,1,61,OGILBY ROAD (S-34),GOLD ROCK RANCH RD,11616,N,N,B,-,N,,,,,,,,,,Y,4,0,2,1,A,-,8,22107,,N,E,J,A,A,H,-,A,D,0,,,,,Y,,A,1,0,0,2,0,0,0,0,0,0,- ,- ,32.91424,-114.84065,IMPERIAL,UNINCORPORATED,-114.840728,32.91426844
90407613,2017,3/7/2017,9620,3/3/2017,704,14803,,5,1,9,1300,0,2,4,,1,72,WINTERHAVEN DR,I-8 EASTBOUND OFFRAMP,0,,Y,B,-,N,,,,,,,,,,Y,4,0,4,2,A,-,9,21802,A,N,D,D,A,A,H,-,A,D,0,,,,,Y,,A,1,0,0,4,0,0,0,0,0,0,- ,- ,32.73126,-114.62461,IMPERIAL,UNINCORPORATED,-114.6245635,32.73122868
90409557,2017,3/9/2017,9625,2/28/2017,1430,18617,,2,2,9,1300,0,1,3,,1,44,STATE ROUTE 86 NORTHBOUND,LEGION ROAD,1521,S,N,A,-,Y,,,86,,,,,,N,Y,4,0,2,1,A,-,1,23152,A,N,F,A,A,A,H,-,A,D,0,,,,,Y,Y,A,1,0,0,2,0,0,0,0,0,0,- ,- ,32.95623,-115.55297,IMPERIAL,UNINCORPORATED,-115.5530819,32.95637558
90410320,2017,3/10/2017,9625,3/4/2017,1700,18368,,6,2,9,1300,0,1,3,,1,12,SR-86 N/B,NORTH MARINA DRIVE,0,,Y,A,-,Y,,,86,,,,,,N,Y,3,0,2,2,A,-,9,21802,A,N,D,C,A,A,H,-,A,D,0,,,,,Y,,A,7,0,1,1,0,0,0,0,0,0,- ,- ,33.30303,-115.98161,IMPERIAL,UNINCORPORATED,-115.9817195,33.30294754
90413213,2017,3/15/2017,9625,3/13/2017,1445,18617,,1,2,9,1300,0,1,1,,2,1,INTERSTATE 8 EASTBOUND,IN-KO PAH PARK ROAD,2246,E,N,A,-,Y,,,8,,,,,,E,Y,4,0,1,1,A,-,8,22107,,N,F,A,A,A,H,-,A,D,0,,,,,Y,,A,1,0,0,1,0,0,0,0,0,0,- ,- ,32.64782,-116.10386,IMPERIAL,UNINCORPORATED,-116.1038122,32.64778597
90414849,2017,3/17/2017,9625,3/7/2017,1125,15990,,2,1,9,1300,0,1,3,,1,11,SR-86 S/B,ALLEN ROAD,579,N,N,A,-,Y,,,86,,,,,,S,Y,3,0,1,2,A,-,3,22350,,N,C,C,A,A,H,-,A,D,0,,,,Y,Y,,G,25,0,1,0,0,0,0,0,0,0,- ,- ,33.09886,-115.79003,IMPERIAL,UNINCORPORATED,-115.7900219,33.0988777
90415488,2017,3/20/2017,9625,3/15/2017,1815,18464,,3,2,9,1300,0,3,5,,2,50,ATEN ROAD,SR-111,240,W,N,A,-,N,,,,,,,,,,N,4,0,1,3,A,-,3,22350,,N,C,C,A,A,H,-,A,D,0,,,,,Y,,A,1,0,0,1,0,0,0,0,0,0,- ,- ,32.82572,-115.50119,IMPERIAL,UNINCORPORATED,-115.5000167,32.82576925
90415952,2017,3/20/2017,9625,3/16/2017,1540,18368,,4,2,9,1300,0,2,4,,2,46,DOGWOOD ROAD,WILLOUGHBY ROAD,18,S,N,A,-,N,,,,,,,,,,Y,3,0,1,1,A,-,8,22107,,N,E,I,A,A,H,-,A,D,0,,,,,Y,,A,1,0,1,0,0,0,0,0,0,0,- ,- ,32.7083,-115.53401,IMPERIAL,UNINCORPORATED,-115.5340799,32.70840081
90417777,2017,3/22/2017,9620,3/19/2017,1747,18010,,7,2,9,1300,0,1,1,,2,82,INTERSTATE 8 (EASTBOUND),SEMINOLE ROAD,1056,W,N,A,-,Y,,,8,,,,,,,Y,3,0,1,2,A,-,4,21703,,N,C,C,A,A,D,-,A,D,0,,,,,Y,,A,1,0,1,0,0,0,0,0,0,0,- ,- ,32.74483,-114.70673,IMPERIAL,UNINCORPORATED,-114.7067666,32.74492501
90418380,2017,3/23/2017,9625,3/14/2017,1120,15990,,2,1,9,1300,0,2,4,,2,46,DOGWOOD ROAD,ATEN ROAD,75,N,N,A,-,N,,,,,,,,,,Y,3,0,2,3,A,-,3,22350,,N,C,C,A,A,H,-,A,A,0,,,,,Y,,A,7,0,1,1,0,0,0,0,0,0,- ,- ,32.82603,-115.53578,IMPERIAL,UNINCORPORATED,-115.5357,32.82563497
90424209,2017,3/30/2017,9620,3/28/2017,2340,15647,,2,3,9,1300,0,1,1,,2,81,INTERSTATE 8 E/B,BROCK RESEARCH CENTER ROAD,205,E,N,A,-,Y,,,8,,,,,,E,Y,4,0,2,2,A,-,3,22350,,N,C,C,A,A,D,-,D,D,0,,,,,Y,,A,1,0,0,2,0,0,0,0,0,0,- ,- ,32.70771,-115.03647,IMPERIAL,UNINCORPORATED,-115.0364699,32.7077707
90425980,2017,4/3/2017,9625,3/24/2017,1555,18279,,5,2,9,1300,0,1,3,,1,11,STATE ROUTE 86 S/B,STATE ROUTE 78,0,,Y,A,-,Y,,,86,,,,,,S,Y,4,0,3,2,A,-,9,21802,A,N,D,C,A,A,H,-,A,A,0,,,,,Y,,A,1,0,0,3,0,0,0,0,0,0,- ,- ,33.12578,-115.85541,IMPERIAL,UNINCORPORATED,-115.8554318,33.1257733
90426762,2017,4/4/2017,9625,3/26/2017,1415,19667,,7,2,9,1300,0,1,1,,2,1,INTERSTATE 8 (EASTBOUND),MOUNTAIN SPRINGS ROAD,8448,E,N,A,G,Y,,,8,,,,,,,Y,3,0,1,1,A,-,8,22107,,N,F,A,A,A,H,-,A,D,0,,,Y,,Y,,C,2,0,1,0,0,0,0,0,0,1,- ,- ,32.6749,-116.07453,IMPERIAL,UNINCORPORATED,-116.0746823,32.67501358
9042703,2020,2/25/2020,1304,1/17/2020,1224,363,ELCE,5,5,4,1304,0,0,0,,0,WEST,CRUICKSHANK,RT 86,307,E,N,A,-,N,,,,,,,,,,N,3,0,1,2,A,-,9,21804,A,N,B,A,A,A,H,-,A,D,0,,,,,Y,,A,7,0,1,0,0,0,0,0,0,0,- ,- ,,,IMPERIAL,EL CENTRO,-115.5697937,32.81470871
9042707,2020,2/25/2020,1304,1/6/2020,1715,368,,1,5,4,1304,0,0,0,,0,EAST,8TH,WAKE,0,,-,A,-,N,,,,,,,,,,Y,3,0,1,3,A,-,3,22350,,N,C,C,A,A,H,-,C,A,0,,,,,Y,,A,1,0,1,0,0,0,0,0,0,0,- ,- ,,,IMPERIAL,EL CENTRO,-115.561058,32.77064133
90427333,2017,4/4/2017,9625,3/27/2017,1015,19886,,1,1,9,1300,0,3,5,,2,10,BORREGO SALTON SEA WAY (S 22),SR-86,15840,W,N,A,G,N,,,,,,,,,,N,4,0,1,1,D,-,0,,,N,H,A,A,A,A,G,A,D,0,,,Y,,Y,,-,- ,0,0,1,0,0,0,0,0,1,- ,- ,33.15487,-116.02629,IMPERIAL,UNINCORPORATED,-116.0108065,33.26351002
90428445,2017,4/5/2017,9625,3/28/2017,1600,18617,,2,2,9,1300,0,3,5,,2,40,ALAMO ROAD,IMPERIAL AVENUE,38,E,N,A,-,N,,,,,,,,,,Y,4,0,1,1,A,-,1,23152,A,M,E,I,A,A,H,-,A,A,0,,,,,Y,Y,A,1,0,0,1,0,0,0,0,0,0,- ,- ,32.79555,-115.68811,IMPERIAL,UNINCORPORATED,-115.688117,32.79551888
90429623,2017,4/7/2017,9625,3/28/2017,2010,18279,,2,2,9,1300,0,3,5,,2,10,H STREET,1ST ST,551,N,N,A,-,N,,,,,,,,,,Y,3,0,2,2,A,-,8,22107,,N,B,C,A,A,H,-,D,D,0,,,Y,,Y,,C,6,0,1,1,0,0,0,0,0,1,- ,- ,33.03539,-115.62591,IMPERIAL,UNINCORPORATED,-114.63325,32.74141
90431680,2017,4/11/2017,9625,4/3/2017,520,13627,,1,3,9,1300,0,1,3,,2,55,STATE ROUTE 115 (E/B),OSWALT ROAD,605,E,N,A,-,Y,,,115,,,,,,,Y,2,0,1,1,A,-,8,22107,,N,F,A,A,A,H,-,D,D,0,,,,,Y,,A,7,1,0,0,0,0,0,0,0,0,- ,- ,32.80585,-115.32879,IMPERIAL,UNINCORPORATED,-115.3285628,32.80616528
90431787,2017,4/11/2017,9625,4/3/2017,813,19668,,1,1,9,1300,0,3,5,,2,10,ANDRE ROAD,HOSKINS ROAD,5,W,N,A,-,N,,,,,,,,,,Y,4,0,3,2,A,-,12,22450,A,N,D,C,A,A,H,-,A,A,0,,,,,Y,,D,22,0,0,3,0,0,0,0,0,0,- ,- ,33.01548,-115.66463,IMPERIAL,UNINCORPORATED,-115.6645862,33.01566008
90433813,2017,4/13/2017,9620,4/4/2017,1505,17466,,2,2,9,1300,0,1,1,,2,81,I-8 E/B,SAND HILLS OC,3168,W,N,A,-,Y,,,8,,,,,,E,N,4,0,2,3,A,-,7,21658,A,M,B,C,A,A,H,-,A,A,0,,,,,Y,,A,8,0,0,2,0,0,0,0,0,0,- ,- ,32.73679,-114.8905,IMPERIAL,UNINCORPORATED,-114.8905079,32.73681209
9043408,2019,2/20/2020,1304,12/23/2019,1933,363,E1,1,5,4,1304,0,0,0,,0,WEST,IMPERIAL,PEPPER,0,,Y,B,-,N,,,,,,,,,,N,3,0,1,2,A,-,9,21801,A,N,D,C,A,B,H,-,C,D,0,,,,,Y,,A,1,0,1,0,0,0,0,0,0,0,- ,- ,,,IMPERIAL,EL CENTRO,-115.5697021,32.77941132
90436541,2017,4/18/2017,9625,4/14/2017,700,20263,,5,1,9,1300,0,1,3,,1,44,SR-86 (S/B),KEYSTONE ROAD,1320,S,N,A,-,Y,,,86,,,,,,,N,4,0,1,2,A,-,1,23152,E,N,C,C,A,A,H,-,A,D,0,,,,,Y,,A,1,0,0,1,0,0,0,0,0,0,- ,- ,32.904,-115.57015,IMPERIAL,UNINCORPORATED,-115.5700719,32.904
90437376,2017,4/19/2017,9625,4/6/2017,1845,18279,,4,2,9,1300,0,2,4,,2,46,DOGWOOD RD,HARRIS ROAD,2312,N,N,A,-,N,,,,,,,,,,Y,2,0,6,2,A,-,1,23152,A,N,A,C,A,A,H,-,B,D,0,,,,,Y,Y,D,22,5,1,0,0,0,0,0,0,0,- ,- ,32.88899,-115.53547,IMPERIAL,UNINCORPORATED,-115.5355,32.88996863
90438179,2017,4/19/2017,9625,4/13/2017,1805,18468,,4,2,9,1300,0,1,1,,2,1,INTERSTATE 8 (E/B),MOUNTAIN SPRINGS ROAD,7729,E,N,A,-,Y,,,8,,,,,,,Y,2,0,1,1,A,-,3,22350,,N,E,I,A,A,H,-,A,D,0,,,,,Y,,A,1,1,0,0,0,0,0,0,0,0,- ,- ,32.67369,-116.07674,IMPERIAL,UNINCORPORATED,-116.0767284,32.67364927
90438207,2017,4/19/2017,9625,4/12/2017,1450,18468,,3,2,9,1300,0,1,1,,2,5,INTERSTATE 8 (E/B),STATE ROUTE 115,21120,E,N,A,-,Y,,,8,,,,,,,Y,4,0,1,1,A,-,3,22350,,N,F,A,A,A,H,-,A,D,0,,,,,Y,,A,1,0,0,1,0,0,0,0,0,0,- ,- ,32.75084,-115.2184,IMPERIAL,UNINCORPORATED,-115.2183867,32.75088324
9043871,2020,10/16/2020,1304,2/7/2020,1342,326,EWES,5,5,4,1304,0,0,0,,0,,IMPERIAL,CRUICKSHANK,31,S,N,A,-,Y,IMP,11,86,-,-,8.53,H,-,N,N,4,0,1,2,A,-,3,22350,A,N,C,C,A,-,H,-,A,-,0,,,,,Y,,D,22,0,0,1,0,0,0,0,0,0,- ,- ,,,IMPERIAL,EL CENTRO,-115.5699234,32.81450272
90441348,2017,4/25/2017,9625,4/22/2017,1225,16248,,6,1,9,1300,0,1,3,,2,53,SR-111 S/B,HEBER ROAD,800,N,N,A,-,Y,,,111,,,,,,S,N,4,0,3,3,A,-,3,22350,,N,C,C,A,A,H,-,A,A,0,,,,,Y,,A,8,0,0,3,0,0,0,0,0,0,- ,- ,32.73258,-115.50072,IMPERIAL,UNINCORPORATED,-115.5004487,32.73258588
90443787,2017,4/27/2017,9625,4/12/2017,1025,17055,,3,1,9,1300,0,3,5,,2,10,GENTRY ROAD,WALKER ROAD,0,,Y,A,-,N,,,,,,,,,,Y,3,0,1,1,A,-,3,22350,,N,F,A,A,A,H,-,A,A,0,,,,Y,Y,,G,25,0,1,0,0,0,0,0,0,0,- ,- ,33.07528,-115.61464,IMPERIAL,UNINCORPORATED,-115.6144501,33.07555003
9044776,2020,2/12/2020,1304,1/21/2020,1548,361,ELCE,2,5,4,1304,0,0,0,,0,EAST,3RD,LENREY,0,,Y,A,-,N,,,,,,,,,,N,4,0,1,2,A,-,5,21650,,N,D,G,A,A,H,-,A,A,0,,Y,,,Y,,L,4,0,0,1,0,0,0,1,0,0,- ,- ,,,IMPERIAL,EL CENTRO,-115.5503311,32.78281021
9044918,2020,6/10/2020,1304,2/7/2020,1934,358,EEAST,5,5,4,1304,0,0,0,,0,EAST,ADAMS AV,6TH ST,0,,Y,A,-,N,,,,,,,,,,Y,3,0,1,2,A,-,12,21453,A,N,D,G,A,A,H,-,C,A,0,,Y,,,Y,,L,4,0,1,0,0,0,0,1,0,0,- ,- ,,,IMPERIAL,EL CENTRO,-115.5570831,32.79653168
90449440,2017,5/4/2017,9620,4/28/2017,457,16222,,5,3,9,1300,0,1,1,,2,82,INTERSTATE 8 (EASTBOUND),4TH AVENUE,3168,W,N,A,-,Y,,,8,,,,,,,Y,4,0,1,2,A,-,8,22107,,N,D,C,A,A,D,-,C,A,0,,,,Y,Y,,F,79,0,0,1,0,0,0,0,0,0,- ,- ,32.73373,-114.63528,IMPERIAL,UNINCORPORATED,-114.6352844,32.73370246
90452348,2017,5/9/2017,9625,5/7/2017,1455,19225,,7,2,9,1300,0,1,1,,2,1,INTERSTATE 8 (EASTBOUND),MOUNTAIN SPRINGS ROAD,7920,E,N,C,-,Y,,,8,,,,,,,Y,4,0,2,1,A,-,8,22107,,N,E,I,A,B,H,-,A,A,0,,,,,Y,,A,8,0,0,2,0,0,0,0,0,0,- ,- ,32.67396,-116.07604,IMPERIAL,UNINCORPORATED,-116.07602,32.67392114
90457111,2017,5/16/2017,9625,5/5/2017,955,17432,,5,1,9,1300,0,1,1,,2,6,I-8 W/B OFF RAMP TO SR-115,SR-115,0,,Y,A,-,Y,,,8,,,,R,,W,N,4,0,1,2,A,-,9,21802,A,N,D,C,A,A,H,-,A,A,0,,,,,Y,,A,8,0,0,1,0,0,0,0,0,0,- ,- ,32.77384,-115.28556,IMPERIAL,UNINCORPORATED,-115.28556,32.77384
9045972,2019,2/27/2020,1301,11/14/2019,921,904,BRAWL,4,5,3,1301,0,0,0,,0,0B4,K ST,CESAR CHAVEZ,0,,Y,A,-,N,,,,,,,,,,Y,4,0,1,2,A,-,12,22450,,N,D,C,A,A,H,-,A,A,0,,,,,Y,,A,8,0,0,1,0,0,0,0,0,0,- ,- ,,,IMPERIAL,BRAWLEY,-115.5263977,32.97309875
90460867,2017,5/22/2017,9625,5/18/2017,1618,18464,,4,2,9,1300,0,1,3,,1,54,SR-111 (S/B),HARRIS ROAD,1200,N,N,A,-,Y,,,111,,,,,,,N,4,0,2,2,A,-,16,24002,A,N,E,J,A,A,H,-,A,D,0,,,,,Y,,D,22,0,0,2,0,0,0,0,0,0,- ,- ,32.88697,-115.50921,IMPERIAL,UNINCORPORATED,-115.5091485,32.88697115
90460968,2017,5/22/2017,9625,5/15/2017,1755,18792,,1,2,9,1300,0,3,5,,2,40,NECKEL ROAD,DOGWOOD ROAD,2482,W,N,A,G,N,,,,,,,,,,Y,4,0,1,2,A,-,8,22107,,N,B,C,A,A,H,-,A,D,0,,,,,Y,,D,22,0,0,1,0,0,0,0,0,0,- ,- ,32.86182,-115.54375,IMPERIAL,UNINCORPORATED,-115.5436272,32.86180815
90460996,2017,5/22/2017,9625,5/19/2017,1347,18464,,5,1,9,1300,0,1,3,,1,54,SR-111 (N/B),EVAN HEWES HIGHWAY,0,,Y,A,-,Y,,,111,,,,,,,Y,4,0,1,2,A,-,12,21453,A,N,D,C,A,A,H,-,A,A,0,,,,,Y,,A,1,0,0,1,0,0,0,0,0,0,- ,- ,32.73069,-115.50032,IMPERIAL,UNINCORPORATED,-115.5004076,32.73068868
90463620,2017,5/25/2017,9625,5/16/2017,805,17432,,2,1,9,1300,0,3,5,,2,40,HEBER ROAD,CLARK ROAD,0,,Y,A,-,N,,,,,,,,,,Y,4,0,3,2,A,-,9,21802,A,N,D,C,A,A,H,-,A,A,0,,,,,Y,,A,7,0,0,3,0,0,0,0,0,0,- ,- ,32.73072,-115.56035,IMPERIAL,UNINCORPORATED,-115.56032,32.73064009
90469037,2017,6/1/2017,9625,5/20/2017,1544,18468,,6,2,9,1300,0,1,3,,1,54,STATE ROUTE 111 (N/B),EVAN HEWES HIGHWAY,0,,Y,A,-,Y,,,111,,,,,,,Y,4,0,8,3,A,-,8,22100,A,N,D,C,A,A,H,-,A,A,0,,,,,Y,,D,22,0,0,8,0,0,0,0,0,0,- ,- ,32.79966,-115.50041,IMPERIAL,UNINCORPORATED,-115.5005788,32.7996877
90469299,2017,6/1/2017,9620,5/31/2017,945,14803,,3,1,9,1300,0,1,3,,1,63,RT 78,MITCHELLS CAMP RD,1056,N,N,A,-,Y,,,78,,,,,,,Y,4,0,1,2,A,-,3,22350,,N,C,C,A,A,H,-,A,D,0,,,,,Y,,A,7,0,0,1,0,0,0,0,0,0,- ,- ,33.31269,-114.73688,IMPERIAL,UNINCORPORATED,-114.7368537,33.31266819
90472971,2017,6/7/2017,9625,6/1/2017,1335,18279,,4,1,9,1300,0,1,1,,2,5,I-8 E/B TO SR-111 S/B,E/B I-8,845,S,N,A,-,Y,,,8,,,,R,,E,Y,3,0,3,1,A,-,8,22107,,N,F,A,A,A,H,-,A,A,0,,,,,Y,,D,22,0,2,1,0,0,0,0,0,0,- ,- ,32.771,-115.50144,IMPERIAL,UNINCORPORATED,-115.50144,32.771
90473741,2017,6/8/2017,9625,5/30/2017,1521,18464,,2,2,9,1300,0,2,4,,2,47,WORTHINGTON ROAD,FORRESTER ROAD,0,,Y,A,-,N,,,,,,,,,,Y,3,0,3,2,A,-,9,21802,A,N,D,C,A,A,H,-,A,A,0,,,,,Y,,A,1,0,1,2,0,0,0,0,0,0,- ,- ,32.84737,-115.62078,IMPERIAL,UNINCORPORATED,-115.6207601,32.84739005
90481215,2017,6/19/2017,9625,6/9/2017,1310,17432,,5,1,9,1300,0,3,5,,2,40,LA BRUCHERIE ROAD,WAHL ROAD,792,S,N,A,-,N,,,,,,,,,,Y,4,0,1,2,A,-,8,22107,,N,B,C,A,A,H,-,A,D,0,,,,,Y,,A,1,0,0,1,0,0,0,0,0,0,- ,- ,32.72047,-115.57752,IMPERIAL,UNINCORPORATED,-115.57868,32.81851
90484028,2017,6/22/2017,9625,6/13/2017,2305,20704,,2,3,9,1300,0,1,1,,2,1,I-8 (E/B),IN KO PAH ROAD,6200,E,N,A,-,Y,,,8,,,,,,,Y,4,0,1,1,A,-,3,22350,,N,E,I,A,A,H,-,D,D,0,,,,,Y,,A,1,0,0,1,0,0,0,0,0,0,- ,- ,32.65799,-116.09699,IMPERIAL,UNINCORPORATED,-116.0970472,32.65797654
90487386,2017,6/26/2017,9625,6/15/2017,835,17432,,4,1,9,1300,0,1,3,,2,24,SR-78,GECKO PARK ROAD,2640,W,N,A,-,Y,,,78,,,,,,,Y,4,0,1,1,A,-,8,22107,,N,F,A,A,A,H,-,A,D,0,,,,Y,Y,,F,26,0,0,1,0,0,0,0,0,0,- ,- ,32.97365,-115.18265,IMPERIAL,UNINCORPORATED,-115.1826536,32.97365792
90487393,2017,6/26/2017,9625,6/21/2017,1734,18617,,3,2,9,1300,0,1,3,,2,53,SR-111 (S/B),HEBER ROAD,275,N,N,A,-,Y,,,111,,,,,,,N,4,0,1,2,A,-,3,22350,,N,C,C,A,A,H,-,A,D,0,,,,,Y,,A,1,0,0,1,0,0,0,0,0,0,- ,- ,32.73142,-115.50052,IMPERIAL,UNINCORPORATED,-115.5004235,32.73142209
90490490,2017,6/29/2017,9625,6/23/2017,330,19667,,5,3,9,1300,0,3,5,,2,20,WIRT ROAD,WIEST ROAD,3,W,N,A,-,N,,,,,,,,,,Y,4,0,4,2,A,-,9,21801,A,N,D,C,A,A,H,-,D,A,0,,,,,Y,,A,1,0,0,4,0,0,0,0,0,0,- ,- ,33.12579,-115.4499,IMPERIAL,UNINCORPORATED,-115.4496997,33.12571993