CASE_ID,ACCIDENT_YEAR,PROC_DATE,JURIS,COLLISION_DATE,COLLISION_TIME,OFFICER_ID,REPORTING_DISTRICT,DAY_OF_WEEK,CHP_SHIFT,POPULATION,CNTY_CITY_LOC,SPECIAL_COND,BEAT_TYPE,CHP_BEAT_TYPE,CITY_DIVISION_LAPD,CHP_BEAT_CLASS,BEAT_NUMBER,PRIMARY_RD,SECONDARY_RD,DISTANCE,DIRECTION,INTERSECTION,WEATHER_1,WEATHER_2,STATE_HWY_IND,CALTRANS_COUNTY,CALTRANS_DISTRICT,STATE_ROUTE,ROUTE_SUFFIX,POSTMILE_PREFIX,POSTMILE,LOCATION_TYPE,RAMP_INTERSECTION,SIDE_OF_HWY,TOW_AWAY,COLLISION_SEVERITY,NUMBER_KILLED,NUMBER_INJURED,PARTY_COUNT,PRIMARY_COLL_FACTOR,PCF_CODE_OF_VIOL,PCF_VIOL_CATEGORY,PCF_VIOLATION,PCF_VIOL_SUBSECTION,HIT_AND_RUN,TYPE_OF_COLLISION,MVIW,PED_ACTION,ROAD_SURFACE,ROAD_COND_1,ROAD_COND_2,LIGHTING,CONTROL_DEVICE,CHP_ROAD_TYPE,PEDESTRIAN_ACCIDENT,BICYCLE_ACCIDENT,MOTORCYCLE_ACCIDENT,TRUCK_ACCIDENT,NOT_PRIVATE_PROPERTY,ALCOHOL_INVOLVED,STWD_VEHTYPE_AT_FAULT,CHP_VEHTYPE_AT_FAULT,COUNT_SEVERE_INJ,COUNT_VISIBLE_INJ,COUNT_COMPLAINT_PAIN,COUNT_PED_KILLED,COUNT_PED_INJURED,COUNT_BICYCLIST_KILLED,COUNT_BICYCLIST_INJURED,COUNT_MC_KILLED,COUNT_MC_INJURED,PRIMARY_RAMP,SECONDARY_RAMP,LATITUDE,LONGITUDE,COUNTY,CITY,POINT_X,POINT_Y
90490773,2017,6/29/2017,9625,6/27/2017,1155,19886,,2,1,9,1300,0,1,3,,1,44,SR-86 (N/B),LEGION ROAD,1373,S,N,A,-,Y,,,86,,,,,,,Y,4,0,1,1,A,-,17,21711,,N,F,I,A,A,H,-,A,D,0,,,,,Y,,B,7,0,0,1,0,0,0,0,0,0,- ,- ,32.9562,-115.5531,IMPERIAL,UNINCORPORATED,-115.5531778,32.95630051
90494886,2017,7/6/2017,9625,6/30/2017,1325,19886,,5,1,9,1300,0,1,3,,1,11,SR-86 (S/B),NAVY BASE ROAD,4752,S,N,A,-,Y,,,86,,,,,,,Y,4,0,1,1,A,-,8,22107,,N,F,A,A,A,H,-,A,D,0,,,,,Y,,A,7,0,0,1,0,0,0,0,0,0,- ,- ,33.1679,-115.87499,IMPERIAL,UNINCORPORATED,-115.8751926,33.16762108
90495249,2017,7/6/2017,9625,7/2/2017,1852,19582,,7,2,9,1300,0,1,3,,2,53,SR-111 N/B,HEBER ROAD,90,S,N,A,-,Y,,,111,,,,,,N,N,4,0,1,2,A,-,3,22350,,N,C,C,A,A,H,-,A,A,0,,,,,Y,,A,1,0,0,1,0,0,0,0,0,0,- ,- ,32.73051,-115.50018,IMPERIAL,UNINCORPORATED,-115.5004049,32.73050662
9049552,2020,5/29/2020,1304,2/16/2020,2153,368,E1,7,5,4,1304,0,0,0,,0,EAST,DANENBERG,DOGWOOD,0,E,N,A,-,N,,,,,,,,,,Y,3,0,1,1,A,-,7,21658,A,N,E,I,A,A,H,-,C,D,0,,,Y,,Y,,C,2,0,1,0,0,0,0,0,0,1,- ,- ,,,IMPERIAL,EL CENTRO,-115.5351486,32.76691818
90496894,2017,7/10/2017,9625,7/5/2017,543,18773,,3,3,9,1300,0,3,5,,2,50,HOLT ROAD,NORRISH ROAD,778,N,N,B,-,N,,,,,,,,,,Y,3,0,1,1,A,-,8,22107,,N,E,I,A,A,H,-,B,D,0,,,,,Y,,A,1,0,1,0,0,0,0,0,0,0,- ,- ,32.83564,-115.38025,IMPERIAL,UNINCORPORATED,-115.380286,32.83487571
90497497,2017,7/10/2017,9625,7/3/2017,720,18279,,1,1,9,1300,0,1,3,,2,25,SR-78,VISTA MINE RD,5808,W,N,A,-,Y,,,78,,,,,,,Y,3,0,5,1,A,-,8,22107,,N,F,A,A,A,H,-,A,D,0,,,,,Y,,A,7,0,2,3,0,0,0,0,0,0,- ,- ,33.01499,-115.00925,IMPERIAL,UNINCORPORATED,-115.0092501,33.0150573
90500131,2017,7/13/2017,9625,7/7/2017,1455,19582,,5,2,9,1300,0,1,1,,2,4,I-8 W/B,DUNAWAY ROAD,5280,E,N,A,-,Y,,,8,,,,,,W,Y,3,0,2,2,A,-,8,22107,,N,D,C,A,A,H,-,A,D,0,,,,,Y,,D,22,0,2,0,0,0,0,0,0,0,- ,- ,32.77255,-115.78363,IMPERIAL,UNINCORPORATED,-115.7836244,32.77252119
90500250,2017,7/13/2017,9625,7/4/2017,1135,16248,,2,1,9,1300,0,3,5,,2,40,LA BRUCHERIE ROAD,JASPER ROAD,0,,Y,A,-,N,,,,,,,,,,Y,4,0,3,2,A,-,9,21802,A,N,D,C,A,A,H,-,A,D,0,,,,,Y,,D,22,0,0,3,0,0,0,0,0,0,- ,- ,32.70983,-115.57757,IMPERIAL,UNINCORPORATED,-115.57749,32.71039002
90502786,2017,7/18/2017,9625,7/11/2017,1446,20263,,2,2,9,1300,0,1,3,,1,54,SR-111 (N/B),EVAN HEWES HIGHWAY,1914,S,N,A,-,Y,,,111,,,,,,,Y,3,0,1,1,A,-,8,22107,,N,F,A,A,A,H,-,A,D,0,,,,,Y,,D,22,0,1,0,0,0,0,0,0,0,- ,- ,32.79383,-115.5005,IMPERIAL,UNINCORPORATED,-115.5006578,32.79383169
90505030,2017,7/25/2017,9625,7/11/2017,1553,19582,,2,2,9,1300,0,1,3,,1,54,SR-111 S/B,KEYSTONE ROAD,0,,Y,A,-,Y,,,111,,,,,,S,Y,2,0,2,2,A,-,12,21453,A,N,D,C,A,A,H,-,A,A,0,,,,Y,Y,,F,27,1,0,1,0,0,0,0,0,0,- ,- ,32.9127,-115.5093,IMPERIAL,UNINCORPORATED,-115.5091381,32.91269717
90507030,2017,7/24/2017,9625,7/19/2017,820,16248,,3,1,9,1300,0,2,4,,2,57,EVAN HEWES HIGHWAY (W/B),JAMES ROAD,1584,E,N,A,-,Y,,,,,,,,,,Y,4,0,3,2,A,-,8,22107,,N,C,E,A,A,H,-,A,D,0,,,,,Y,,A,1,0,0,3,0,0,0,0,0,0,- ,- ,32.80345,-115.45989,IMPERIAL,UNINCORPORATED,-115.4602347,32.8033514
90507063,2017,7/24/2017,9625,7/22/2017,1155,16248,,6,1,9,1300,0,1,3,,2,53,SR-111 (S/B),MCCABE ROAD,22,N,N,A,-,Y,,,111,,,,,,,Y,4,0,1,2,A,-,8,22107,,N,C,C,A,A,H,-,A,A,0,,,,,Y,,A,7,0,0,1,0,0,0,0,0,0,- ,- ,32.75256,-115.50083,IMPERIAL,UNINCORPORATED,-115.5007622,32.75256068
90512921,2017,4/30/2018,9625,7/21/2017,254,19668,,5,3,9,1300,0,1,1,,2,5,I-8 (E/B),JEFFERY ROAD,260,W,N,A,-,Y,,,,,,,,,,Y,1,1,2,2,A,-,3,22350,,N,B,C,A,A,H,-,D,D,0,,,,,Y,,A,7,0,1,1,0,0,0,0,0,0,- ,- ,32.77037,-115.76223,IMPERIAL,UNINCORPORATED,-115.7623314,32.77330847
90516025,2017,8/3/2017,9625,7/8/2017,540,18279,,6,3,9,1300,0,3,5,,2,50,VENCIL ROAD,CONNELLY ROAD (SOUTH),100,N,N,B,-,N,,,,,,,,,,Y,1,1,0,1,A,-,8,22107,,N,E,I,A,A,H,-,B,D,0,,,,,Y,,A,7,0,0,0,0,0,0,0,0,0,- ,- ,32.73771,-115.35416,IMPERIAL,UNINCORPORATED,-115.3544162,32.7383115
90516931,2017,8/4/2017,9625,7/30/2017,1305,18368,,7,1,9,1300,0,1,1,,2,4,I-8 (W/B),SR-98,1786,W,N,A,-,Y,,,8,,,,,,,Y,3,0,1,1,A,-,8,22107,,N,F,I,A,A,H,-,A,D,0,,,,,Y,,D,22,0,1,0,0,0,0,0,0,0,- ,- ,32.72655,-116.02876,IMPERIAL,UNINCORPORATED,-116.0287597,32.72654815
90517959,2017,8/7/2017,9625,7/29/2017,1835,18617,,6,2,9,1300,0,2,4,,2,47,FORRESTER ROAD,LARSEN ROAD,596,S,N,A,-,N,,,,,,,,,,Y,3,0,2,1,A,-,8,22107,,N,E,I,A,A,H,-,E,D,0,,,,,Y,,A,1,0,2,0,0,0,0,0,0,0,- ,- ,32.87589,-115.62096,IMPERIAL,UNINCORPORATED,-115.6209058,32.87465568
90520208,2017,8/9/2017,9625,8/4/2017,1415,20704,,5,2,9,1300,0,1,3,,1,42,SR-98,DREW ROAD,1584,W,N,C,G,Y,,,98,,,,,,,Y,4,0,1,1,A,-,8,22107,,N,F,A,A,B,H,-,A,D,0,,,,,Y,,A,1,0,0,1,0,0,0,0,0,0,- ,- ,32.67812,-115.675,IMPERIAL,UNINCORPORATED,-115.6750188,32.67831709
90520984,2017,8/10/2017,9620,8/5/2017,1745,18734,,6,2,9,1300,0,1,3,,1,63,SR-78,BUTLER RD,5808,W,N,A,-,Y,,,78,,,,,,,Y,2,0,2,2,A,-,3,22350,,N,D,D,A,A,H,-,A,D,0,,,,,Y,,A,1,1,0,1,0,0,0,0,0,0,- ,- ,33.3894,-114.72166,IMPERIAL,UNINCORPORATED,-114.7218038,33.38940447
90522708,2017,8/14/2017,9625,8/6/2017,245,19667,,7,3,9,1300,0,1,1,,2,4,I-8 W/B FROM DUNAWAY ROAD S/B,DUNAWAY ROAD,135,W,N,A,-,Y,,,8,,,,R,,W,Y,3,0,1,1,A,-,1,23152,F,N,E,I,A,A,H,-,D,D,0,,,,,Y,,A,7,0,1,0,0,0,0,0,0,0,- ,- ,32.76987,-115.80088,IMPERIAL,UNINCORPORATED,-115.80088,32.76987
90523670,2017,8/15/2017,9625,8/8/2017,740,18773,,2,1,9,1300,0,3,5,,2,50,BARBARA WORTH ROAD,EVAN HEWES HIGHWAY,5434,S,N,A,-,N,,,,,,,,,,Y,4,0,1,2,A,-,3,22350,,N,E,I,A,A,H,-,A,D,0,,,,,Y,,E,22,0,0,1,0,0,0,0,0,0,- ,- ,32.78858,-115.4308,IMPERIAL,UNINCORPORATED,-115.43074,32.78891908
90523905,2017,8/15/2017,9625,8/4/2017,2010,20516,,5,2,9,1300,0,3,5,,2,50,PITZER ROAD,MCCABE ROAD,0,,Y,A,-,N,,,,,,,,,,Y,4,0,1,2,A,-,17,21461,A,N,D,C,A,A,H,-,C,A,0,,,,,Y,,A,1,0,0,1,0,0,0,0,0,0,- ,- ,32.75243,-115.51756,IMPERIAL,UNINCORPORATED,-115.51763,32.75246008
90523991,2017,8/15/2017,9625,8/8/2017,605,18279,,2,1,9,1300,0,3,5,,2,20,HOVLEY RD,ANDRE ROAD,2640,S,N,A,-,N,,,,,,,,,,Y,4,0,2,2,A,-,3,22350,,N,C,C,A,A,H,-,B,D,0,,,,,Y,,A,1,0,0,2,0,0,0,0,0,0,- ,- ,33.00507,-115.54406,IMPERIAL,UNINCORPORATED,-115.54409,33.00828489
90527324,2017,8/21/2017,9625,8/11/2017,520,18279,,5,3,9,1300,0,1,1,,2,1,I-8 E/B,IN-KO-PAH PARK RD W/B OFF RAMP,1056,E,N,A,-,Y,,,8,,,,,,E,Y,2,0,2,1,A,-,8,22107,,N,F,A,A,A,H,-,D,D,0,,,,,Y,,A,1,1,0,1,0,0,0,0,0,0,- ,- ,32.64893,-116.10284,IMPERIAL,UNINCORPORATED,-116.1028923,32.64897423
90527707,2017,8/21/2017,9625,8/15/2017,1439,19035,,2,2,9,1300,0,1,3,,2,56,EVAN HEWES HIGHWAY W/B,SR-111,8,E,N,A,-,Y,,,,,,,,,,N,4,0,1,2,A,-,3,22350,,N,C,C,A,A,H,-,A,A,0,,,,,Y,,A,1,0,0,1,0,0,0,0,0,0,- ,- ,32.8,-115.4994,IMPERIAL,UNINCORPORATED,-115.5006749,32.79977538
90528747,2017,8/22/2017,9625,8/16/2017,1640,20516,,3,2,9,1300,0,3,5,,2,50,COLE ROAD,DOGWOOD ROAD,0,,Y,A,-,N,,,,,,,,,,Y,3,0,2,2,A,-,1,23152,A,N,D,C,A,A,H,-,A,A,0,,,,,Y,Y,A,1,0,1,1,0,0,0,0,0,0,- ,- ,32.69385,-115.53396,IMPERIAL,UNINCORPORATED,-115.5339801,32.69400007
90534213,2017,8/25/2017,9625,8/23/2017,1510,17809,,3,2,9,1300,0,1,3,,2,56,STATE ROUTE 115,KAMM ROAD,14,S,N,A,-,Y,,,115,,,,,,,Y,3,0,1,1,A,-,8,22107,,N,E,I,A,A,H,-,A,A,0,,,,,Y,,A,1,0,1,0,0,0,0,0,0,0,- ,- ,32.82555,-115.4063,IMPERIAL,UNINCORPORATED,-115.4061487,32.8255503
90535669,2017,5/8/2019,9625,6/21/2017,1315,13627,,3,1,9,1300,0,1,1,,2,1,I-8 (E/B),STATE ROUTE 98,6864,W,N,A,-,Y,,,8,,,,,,,Y,1,2,3,1,A,-,8,22107,,N,F,A,A,A,H,-,A,D,0,,,,,Y,,A,1,2,0,1,0,0,0,0,0,0,- ,- ,32.72475,-116.03681,IMPERIAL,UNINCORPORATED,-116.0368143,32.72476538
90542768,2017,9/7/2017,9625,9/3/2017,315,20516,,7,3,9,1300,0,1,3,,1,11,SR-86 (S/B),STATE ROUTE 111,0,,Y,A,-,Y,,,,,,,,,,N,4,0,1,2,A,-,3,22350,,N,C,C,A,A,H,-,C,A,0,,,,,Y,,A,1,0,0,1,0,0,0,0,0,0,- ,- ,32.99994,-115.58639,IMPERIAL,UNINCORPORATED,,
90543121,2017,9/7/2017,9625,9/4/2017,900,13627,,1,1,9,1300,0,3,5,,2,50,GRAND AVENUE,HAWK STREET,17,N,N,A,B,N,,,,,,,,,,Y,2,0,1,1,A,-,3,22350,,N,E,I,A,A,H,-,A,D,0,,,,,Y,,A,7,1,0,0,0,0,0,0,0,0,- ,- ,32.73494,-115.5313,IMPERIAL,UNINCORPORATED,-115.53113,32.73485
90547091,2017,9/13/2017,9625,9/9/2017,1745,13781,,6,2,9,1300,0,1,1,,2,1,I-8 EASTBOUND,IN-KO-PAH PARK ROAD,4066,E,N,C,F,Y,,,8,,,,,,E,Y,3,0,2,1,A,-,3,22350,,N,E,I,A,B,H,-,A,D,0,,,,,Y,,D,22,0,1,1,0,0,0,0,0,0,- ,- ,32.65393,-116.09871,IMPERIAL,UNINCORPORATED,-116.0986926,32.65391611
90547735,2017,9/14/2017,9620,9/2/2017,1206,15941,,6,1,9,1300,0,1,1,,2,82,INTERSTATE 8 (I-8 W/B),SIDEWINDER ROAD,4224,E,N,A,-,Y,,,8,,,,,,W,Y,3,0,3,3,A,-,3,22350,,N,C,C,A,A,D,-,A,D,0,,,,,Y,,A,7,0,1,2,0,0,0,0,0,0,- ,- ,32.7465,-114.73638,IMPERIAL,UNINCORPORATED,-114.7364287,32.74633494
90548213,2017,9/14/2017,9625,9/5/2017,1645,18368,,2,2,9,1300,0,2,4,,2,46,DOGWOOD ROAD,CRUICKSHANK ROAD,2274,N,N,A,-,N,,,,,,,,,,N,3,0,1,1,A,-,8,22107,,N,E,I,A,A,H,-,A,D,0,,,Y,,Y,,C,2,0,1,0,0,0,0,0,0,1,- ,- ,32.81644,-115.53579,IMPERIAL,UNINCORPORATED,-115.53569,32.81731479
90548759,2017,9/15/2017,9625,9/8/2017,340,20704,,5,3,9,1300,0,1,1,,2,3,I-8 (E/B),DUNAWAY ROAD,14256,W,N,A,-,Y,,,8,,,,,,,Y,3,0,1,1,A,-,8,22107,,N,F,A,A,A,H,-,B,D,0,,,,,Y,,D,22,0,1,0,0,0,0,0,0,0,- ,- ,32.75984,-115.84472,IMPERIAL,UNINCORPORATED,-115.8447396,32.75996402
90552090,2017,9/20/2017,9620,9/9/2017,2350,18703,,6,3,9,1300,0,1,1,,2,81,I8 E/B,GORDONS WELL RD,3696,W,N,A,-,Y,,,,,,,,,,Y,2,0,1,1,A,-,8,22107,,N,F,A,A,A,H,-,D,D,0,,,,,Y,,A,7,1,0,0,0,0,0,0,0,0,- ,- ,32.7081,-114.96984,IMPERIAL,UNINCORPORATED,,
90553359,2017,9/21/2017,9625,9/19/2017,255,18773,,2,3,9,1300,0,1,1,,2,3,I-8 EASTBOUND,IMPERIAL HIGHWAY,2.5,E,N,A,-,Y,,,8,,,,,,E,Y,3,0,1,1,A,-,8,22107,,N,E,I,A,A,H,-,D,D,0,,,,,Y,,D,22,0,1,0,0,0,0,0,0,0,- ,- ,32.74426,-115.95287,IMPERIAL,UNINCORPORATED,-115.952857,32.74416562
90553465,2017,9/21/2017,9625,9/16/2017,1210,17727,,6,1,9,1300,0,1,1,,2,1,EVAN HEWES HIGHWAY,FORRESTER ROAD,3326,W,N,A,-,N,,,,,,,,,,Y,4,0,1,1,A,-,8,22107,,N,F,I,A,A,H,-,A,D,0,,,,,Y,,A,1,0,0,1,0,0,0,0,0,0,- ,- ,32.7965,-115.6316,IMPERIAL,UNINCORPORATED,-115.6315537,32.79657
90553759,2017,9/22/2017,9625,9/17/2017,1600,18368,,7,2,9,1300,0,1,3,,1,42,SR-98,IMPERIAL HIGHWAY,2160,W,N,A,-,Y,,,98,,,,,,,Y,3,0,2,2,A,-,8,22107,,N,A,C,A,A,H,-,A,D,0,,,,,Y,,A,1,0,2,0,0,0,0,0,0,0,- ,- ,32.72555,-116.00392,IMPERIAL,UNINCORPORATED,-116.0039165,32.72559825
90558253,2017,9/28/2017,9625,9/25/2017,1000,13627,,1,1,9,1300,0,3,5,,2,40,SILSBEE ROAD,HACKLEMAN ROAD,82,N,N,B,-,N,,,,,,,,,,Y,4,0,1,1,A,-,8,22107,,N,E,I,A,A,H,-,A,D,0,,,,,Y,,A,1,0,0,1,0,0,0,0,0,0,- ,- ,32.81116,-115.64631,IMPERIAL,UNINCORPORATED,-115.6462921,32.81129414
90559725,2017,9/29/2017,9625,9/21/2017,1350,19035,,4,1,9,1300,0,1,1,,2,6,I-8 W/B FROM SR-7 N/B,I-8,696,N,N,A,-,Y,,,8,,,,R,,W,Y,3,0,1,1,A,-,3,22350,,N,F,A,A,A,H,-,A,D,0,,,,,Y,,-,32,0,1,0,0,0,0,0,0,0,- ,- ,32.7745,-115.3827,IMPERIAL,UNINCORPORATED,-115.3827,32.7745
90560273,2017,9/29/2017,9625,9/22/2017,2230,20704,,5,3,9,1300,0,3,5,,2,10,BANNISTER ROAD,GECKO ROAD,110,W,N,A,-,N,,,,,,,,,,Y,4,0,1,1,A,-,3,22350,,N,E,I,A,A,H,-,D,D,0,,,,,Y,,A,7,0,0,1,0,0,0,0,0,0,- ,- ,33.05175,-115.6906,IMPERIAL,UNINCORPORATED,-115.6903067,33.05195427
90562778,2017,10/4/2017,9625,9/23/2017,705,15990,,6,1,9,1300,0,1,3,,1,21,SR-111 (N/B),RUTHERFORD ROAD,502,S,N,A,-,Y,,,111,,,,,,,Y,3,0,1,1,A,-,1,23152,A,N,E,I,A,A,H,-,A,D,0,,,,,Y,Y,A,1,0,1,0,0,0,0,0,0,0,- ,- ,33.04425,-115.52746,IMPERIAL,UNINCORPORATED,-115.5273575,33.04424207
90562838,2017,10/4/2017,9625,9/27/2017,1612,19668,,3,2,9,1300,0,3,5,,2,20,HOLT ROAD,GONDER ROAD,555,S,N,A,-,N,,,,,,,,,,Y,3,0,2,2,A,-,5,21460,A,N,A,C,A,A,H,-,A,D,0,,,,,Y,,A,8,0,1,1,0,0,0,0,0,0,- ,- ,32.95122,-115.37992,IMPERIAL,UNINCORPORATED,-115.3790028,32.95231261
90562994,2017,10/4/2017,9625,10/2/2017,1700,19667,,1,2,9,1300,0,1,3,,2,53,SR-111 (SOUTHBOUND),JASPER ROAD,294,N,N,A,-,Y,,,111,,,,,,,N,4,0,1,2,A,-,3,22350,,N,C,C,A,A,H,-,A,A,0,,,,,Y,,A,1,0,0,1,0,0,0,0,0,0,- ,- ,32.71042,-115.49962,IMPERIAL,UNINCORPORATED,-115.4994367,32.71042165
90565654,2017,10/9/2017,9625,10/2/2017,1055,18279,,1,1,9,1300,0,1,3,,1,12,STATE ROUTE 86 (S/B),SUNRISE DRIVE,78,S,N,A,-,Y,,,86,,,,,,,Y,4,0,1,2,A,-,9,21800,A,N,C,C,A,A,H,-,A,A,0,,,,Y,Y,,D,22,0,0,1,0,0,0,0,0,0,- ,- ,33.28908,-115.97184,IMPERIAL,UNINCORPORATED,-115.9718329,33.28908555
90568862,2017,10/12/2017,9625,10/3/2017,1800,17727,,2,2,9,1300,0,1,3,,2,24,SR-78,WILLS ROAD,35,W,N,A,-,Y,,,78,,,,,,,N,4,0,1,2,A,-,5,21752,D,N,C,C,A,A,H,-,B,D,0,,,,,Y,,A,1,0,0,1,0,0,0,0,0,0,- ,- ,32.9786,-115.4921,IMPERIAL,UNINCORPORATED,-115.4921,32.97866388
90568919,2017,10/12/2017,9625,10/5/2017,1714,19035,,4,2,9,1300,0,1,1,,2,5,I-8 E/B,SR-111 S/B,1056,W,N,A,-,Y,,,8,,,,,,E,Y,3,0,1,2,A,-,3,22350,,N,C,C,A,A,H,-,A,D,0,,,,,Y,,A,1,0,1,0,0,0,0,0,0,0,- ,- ,32.7736,-115.5167,IMPERIAL,UNINCORPORATED,-115.5167001,32.77373223
90575878,2017,10/23/2017,9620,10/13/2017,2100,20738,,5,2,9,1300,0,1,3,,1,63,SR-78,MITCHELLS CAMP RD,1056,E,N,A,-,Y,,,78,,,,,,,Y,2,0,1,1,A,-,1,23152,A,N,H,I,A,A,H,-,D,D,0,,,,,Y,Y,A,1,1,0,0,0,0,0,0,0,0,- ,- ,33.31248,-114.73702,IMPERIAL,UNINCORPORATED,-114.7370138,33.31247485
9057609,2020,7/29/2020,1304,4/19/2020,1932,368,E1,7,5,4,1304,0,0,0,,0,EAST,4TH,AURORA,0,,Y,A,-,N,,,,,,,,,,Y,3,0,1,2,A,-,12,21453,A,N,D,C,A,A,H,-,C,A,0,,,,,Y,,A,7,0,1,0,0,0,0,0,0,0,- ,- ,,,IMPERIAL,EL CENTRO,-115.5523529,32.77848053
90576276,2017,10/23/2017,9625,10/15/2017,1939,17809,,7,2,9,1300,0,1,3,,1,11,STATE ROUTE 86 N/B,LACK ROAD,1584,N,N,A,-,Y,,,86,,,,,,N,Y,4,0,2,3,A,-,3,22350,,N,C,C,A,A,H,-,D,A,0,,,,,Y,,A,7,0,0,2,0,0,0,0,0,0,- ,- ,33.03731,-115.6528,IMPERIAL,UNINCORPORATED,-115.6527999,33.03740086
90579075,2017,10/26/2017,9625,10/12/2017,943,13781,,4,1,9,1300,0,1,1,,2,4,I-8 WESTBOUND,IMPERIAL HIGHWAY,4118,W,N,A,-,Y,,,,,,,,,,Y,3,0,1,1,A,-,8,22107,,N,F,A,A,A,H,-,A,D,0,,,,,Y,,D,22,0,1,0,0,0,0,0,0,0,- ,- ,32.78182,-116.00727,IMPERIAL,UNINCORPORATED,-116.0071763,32.73189557
90579353,2017,10/26/2017,9625,10/24/2017,1925,18368,,2,2,9,1300,0,3,5,,2,50,JASPER ROAD,PITZER ROAD,528,E,N,A,-,N,,,,,,,,,,Y,3,0,1,1,A,-,8,22107,,N,E,I,A,A,H,-,D,D,0,,,,,Y,,D,22,0,1,0,0,0,0,0,0,0,- ,- ,32.70911,-115.51891,IMPERIAL,UNINCORPORATED,-115.5150226,32.70897472
90584265,2017,10/31/2017,9625,10/21/2017,1435,18464,,6,2,9,1300,0,2,4,,2,46,DOGWOOD ROAD,NECKEL ROAD,2,S,N,A,-,N,,,,,,,,,,Y,4,0,2,2,A,-,3,22350,,N,C,C,A,A,H,-,A,A,0,,,,,Y,,A,1,0,0,2,0,0,0,0,0,0,- ,- ,32.86177,-115.53557,IMPERIAL,UNINCORPORATED,-115.53559,32.86177453
90585769,2017,11/2/2017,9625,10/27/2017,1320,19035,,5,1,9,1300,0,3,5,,2,20,GAS LINE ROAD,WEIST RD,12672,N,N,A,-,N,,,,,,,,,,Y,2,0,1,1,A,-,8,22107,,N,F,J,A,A,H,-,A,D,0,,,Y,,Y,,C,6,1,0,0,0,0,0,0,0,1,- ,- ,33.2885,-115.4958,IMPERIAL,UNINCORPORATED,-115.4957823,33.28828264
90585887,2017,11/2/2017,9625,10/30/2017,200,20516,,1,3,9,1300,0,1,3,,1,42,STATE ROUTE 98,PULLIAM ROAD,1584,E,N,A,-,Y,,,98,,,,,,,Y,4,0,2,1,A,-,8,22107,,N,F,A,A,A,H,-,C,D,0,,,,,Y,,A,1,0,0,2,0,0,0,0,0,0,- ,- ,32.67932,-115.65439,IMPERIAL,UNINCORPORATED,-115.6543884,32.67940491
90586158,2017,11/2/2017,9625,10/25/2017,1650,18464,,3,2,9,1300,0,2,4,,2,46,DOGWOOD ROAD,CORRELL ROAD,348,N,N,A,-,N,,,,,,,,,,Y,4,0,1,1,A,-,8,22107,,N,E,I,A,A,H,-,A,D,0,,,,,Y,,D,22,0,0,1,0,0,0,0,0,0,- ,- ,32.73912,-115.53446,IMPERIAL,UNINCORPORATED,-115.5346138,32.73887086
90593716,2017,11/14/2017,9625,11/3/2017,2300,20704,,5,3,9,1300,0,3,5,,2,10,BORREGO SALTON SEAWAY,HOLLY ROAD,7920,W,N,A,-,N,,,,,,,,,,Y,3,0,2,1,A,-,8,22107,,N,F,A,A,A,H,-,D,D,0,,,,,Y,,A,7,0,2,0,0,0,0,0,0,0,- ,- ,33.27004,-116.02902,IMPERIAL,UNINCORPORATED,-116.0294292,33.27005077
90595103,2017,11/15/2017,9625,11/10/2017,1718,18464,,5,2,9,1300,0,1,3,,1,12,SR-86 S/B,BLACK DIAMOND ROAD,0,,Y,A,-,Y,,,86,,,,,,S,Y,4,0,3,2,A,-,9,21802,A,N,D,C,A,A,H,-,A,A,0,,,,,Y,,A,7,0,0,3,0,0,0,0,0,0,- ,- ,33.35736,-116.01879,IMPERIAL,UNINCORPORATED,-116.0188222,33.35735012
90597584,2017,12/12/2017,9625,11/7/2017,1310,13627,,2,1,9,1300,0,3,5,,2,50,HEBER ROAD,BOWKER ROAD,897,W,N,B,-,N,,,,,,,,,,Y,3,0,1,1,A,-,8,22107,,N,E,I,A,A,H,-,A,D,0,,,,,Y,,D,22,0,1,0,0,0,0,0,0,0,- ,- ,32.73028,-115.4621,IMPERIAL,UNINCORPORATED,-115.46795,32.73036173
90598420,2017,11/20/2017,9625,11/13/2017,1340,18368,,1,1,9,1300,0,3,5,,2,40,SPERBER ROAD,MCCABE ROAD,16,S,N,A,-,N,,,,,,,,,,N,4,0,1,2,A,-,3,22350,,N,C,C,A,A,H,-,A,A,0,,,,,Y,,A,8,0,0,1,0,0,0,0,0,0,- ,- ,32.75234,-115.56462,IMPERIAL,UNINCORPORATED,-115.5646208,32.75240628
90598793,2017,11/20/2017,9625,11/12/2017,2315,20704,,7,3,9,1300,0,3,5,,2,10,W. WALKER ROAD,GENTRY ROAD,246,S,N,A,-,N,,,,,,,,,,Y,3,0,1,1,A,-,3,22350,,N,E,I,A,A,H,-,D,D,0,,,,,Y,,J,48,0,1,0,0,0,0,0,0,0,- ,- ,33.07479,-115.6148,IMPERIAL,UNINCORPORATED,-115.6148527,33.0750146
90601125,2017,11/22/2017,9625,11/16/2017,1745,18617,,4,2,9,1300,0,1,3,,1,51,STATE ROUTE 7 (N/B),MAGGIO ROAD,215,S,N,A,-,Y,,,7,,,,,,,Y,3,0,2,2,A,-,3,22350,,N,C,C,A,A,H,-,C,A,0,,,,,Y,,A,1,0,1,1,0,0,0,0,0,0,- ,- ,32.68592,-115.3807,IMPERIAL,UNINCORPORATED,-115.3807254,32.68595568