CASE_ID,ACCIDENT_YEAR,PROC_DATE,JURIS,COLLISION_DATE,COLLISION_TIME,OFFICER_ID,REPORTING_DISTRICT,DAY_OF_WEEK,CHP_SHIFT,POPULATION,CNTY_CITY_LOC,SPECIAL_COND,BEAT_TYPE,CHP_BEAT_TYPE,CITY_DIVISION_LAPD,CHP_BEAT_CLASS,BEAT_NUMBER,PRIMARY_RD,SECONDARY_RD,DISTANCE,DIRECTION,INTERSECTION,WEATHER_1,WEATHER_2,STATE_HWY_IND,CALTRANS_COUNTY,CALTRANS_DISTRICT,STATE_ROUTE,ROUTE_SUFFIX,POSTMILE_PREFIX,POSTMILE,LOCATION_TYPE,RAMP_INTERSECTION,SIDE_OF_HWY,TOW_AWAY,COLLISION_SEVERITY,NUMBER_KILLED,NUMBER_INJURED,PARTY_COUNT,PRIMARY_COLL_FACTOR,PCF_CODE_OF_VIOL,PCF_VIOL_CATEGORY,PCF_VIOLATION,PCF_VIOL_SUBSECTION,HIT_AND_RUN,TYPE_OF_COLLISION,MVIW,PED_ACTION,ROAD_SURFACE,ROAD_COND_1,ROAD_COND_2,LIGHTING,CONTROL_DEVICE,CHP_ROAD_TYPE,PEDESTRIAN_ACCIDENT,BICYCLE_ACCIDENT,MOTORCYCLE_ACCIDENT,TRUCK_ACCIDENT,NOT_PRIVATE_PROPERTY,ALCOHOL_INVOLVED,STWD_VEHTYPE_AT_FAULT,CHP_VEHTYPE_AT_FAULT,COUNT_SEVERE_INJ,COUNT_VISIBLE_INJ,COUNT_COMPLAINT_PAIN,COUNT_PED_KILLED,COUNT_PED_INJURED,COUNT_BICYCLIST_KILLED,COUNT_BICYCLIST_INJURED,COUNT_MC_KILLED,COUNT_MC_INJURED,PRIMARY_RAMP,SECONDARY_RAMP,LATITUDE,LONGITUDE,COUNTY,CITY,POINT_X,POINT_Y
90602954,2017,11/27/2017,9625,11/17/2017,1355,19667,,5,1,9,1300,0,1,3,,1,12,SR-86 SOUTHBOUND,BLACK DIAMOND ROAD,0,,Y,A,-,Y,,,86,,,,,,S,Y,3,0,2,2,A,-,9,21802,A,N,D,C,A,A,H,-,A,A,0,,,,,Y,,A,1,0,2,0,0,0,0,0,0,0,- ,- ,33.35713,-116.01854,IMPERIAL,UNINCORPORATED,-116.018736,33.35706976
90606019,2017,11/30/2017,9625,11/21/2017,1410,18464,,2,2,9,1300,0,1,3,,1,54,SR-111 N/B,WORTHINGTON ROAD,4662,N,N,A,-,Y,,,111,,,,,,N,N,3,0,1,2,A,-,8,22107,,F,B,G,A,A,H,-,A,D,0,,Y,,,Y,,A,1,0,1,0,0,0,0,1,0,0,- ,- ,32.86008,-115.5088,IMPERIAL,UNINCORPORATED,-115.5091535,32.86007851
90606353,2017,11/30/2017,9625,10/14/2017,1947,18464,,6,2,9,1300,0,1,3,,1,11,STATE ROUTE 86 SOUTHBOUND,POE ROAD,3440,S,N,A,-,Y,,,86,,,,,,S,Y,1,1,2,1,A,-,8,22107,,N,E,I,A,A,H,-,D,D,0,,,,,Y,,A,7,1,0,1,0,0,0,0,0,0,- ,- ,33.07595,-115.74317,IMPERIAL,UNINCORPORATED,-115.7431504,33.07597534
90608188,2017,12/1/2017,9625,11/23/2017,1535,18464,,4,2,9,1300,0,3,5,,2,50,HEBER ROAD,BOWKER ROAD,0,,Y,A,-,N,,,,,,,,,,Y,4,0,2,2,A,-,12,22450,A,N,D,C,A,A,H,-,A,A,0,,,,,Y,,A,1,0,0,2,0,0,0,0,0,0,- ,- ,32.73032,-115.46504,IMPERIAL,UNINCORPORATED,-115.4650501,32.7303501
90608938,2017,12/4/2017,9625,11/20/2017,1525,18792,,1,2,9,1300,0,1,3,,1,44,SR-86 S/B,KEYSTONE ROAD,0,,Y,A,-,Y,,,86,,,,,,S,Y,2,0,2,2,A,-,12,21453,A,N,D,C,A,A,H,-,A,A,0,,,,,Y,,A,1,1,1,0,0,0,0,0,0,0,- ,- ,32.9126,-115.57019,IMPERIAL,UNINCORPORATED,-115.5700636,32.91260787
9060963,2020,4/14/2020,1304,2/7/2020,1503,354,,5,5,4,1304,0,0,0,,0,,IMPERIAL,OCOTILLO,0,,Y,A,-,N,,,,,,,,,,Y,2,0,1,2,A,-,12,21453,,N,D,C,A,A,H,-,A,A,0,,,Y,,Y,,D,22,1,0,0,0,0,0,0,0,1,- ,- ,,,IMPERIAL,EL CENTRO,-115.5695724,32.77717972
90611267,2017,12/6/2017,9625,11/25/2017,239,19668,,6,3,9,1300,0,1,1,,2,1,INTERSTATE 8 EASTBOUND,SR-98,8448,W,N,A,-,Y,,,8,,,,,,E,Y,3,0,1,1,A,-,3,22350,,N,E,I,A,A,H,-,C,D,0,,,,,Y,,A,1,0,1,0,0,0,0,0,0,0,- ,- ,32.7198,-116.04757,IMPERIAL,UNINCORPORATED,-116.047591,32.71983654
90614038,2017,12/11/2017,9620,12/6/2017,1130,16015,,3,1,9,1300,0,3,5,,2,70,QUECHAN DR,AGNES RD,0,,Y,A,-,N,,,,,,,,,,Y,4,0,1,2,A,-,9,21804,A,N,D,C,A,A,H,-,A,A,0,,,,,Y,,A,1,0,0,1,0,0,0,0,0,0,- ,- ,32.73531,-114.61556,IMPERIAL,UNINCORPORATED,-114.6155001,32.73531001
90615935,2017,12/12/2017,9625,12/2/2017,1140,17432,,6,1,9,1300,0,2,4,,2,46,DOGWOOD ROAD,MCCABE ROAD,913,N,N,A,-,N,,,,,,,,,,N,3,0,2,2,A,-,3,22350,,N,C,C,A,A,H,-,A,A,0,,,,,Y,,A,1,0,1,1,0,0,0,0,0,0,- ,- ,32.75472,-115.53491,IMPERIAL,UNINCORPORATED,-115.5348011,32.7548595
90617312,2017,12/14/2017,9625,12/6/2017,1250,17055,,3,1,9,1300,0,1,3,,1,42,SR-98,MOUNT SIGNAL ROAD,25872,W,N,A,-,Y,,,98,,,,,,,Y,2,0,1,1,A,-,8,22107,,N,F,A,A,A,H,-,A,D,0,,,,,Y,,D,22,1,0,0,0,0,0,0,0,0,- ,- ,32.6766,-115.77344,IMPERIAL,UNINCORPORATED,-115.7734379,32.67656016
90619879,2017,12/18/2017,9625,12/13/2017,1335,18279,,3,1,9,1300,0,2,4,,2,57,EVAN HEWES W/B,BARBARA WORTH ROAD,1584,W,N,A,-,N,,,,,,,,,,Y,3,0,1,1,A,-,8,22107,,N,F,A,A,A,H,-,A,D,0,,,,,Y,,A,1,0,1,0,0,0,0,0,0,0,- ,- ,32.80335,-115.43647,IMPERIAL,UNINCORPORATED,-115.435597,32.8033892
90620631,2017,12/19/2017,9625,12/9/2017,352,18773,,6,3,9,1300,0,1,3,,2,53,SR-111 S/B,MCCABE ROAD,88,N,N,A,-,Y,,,111,,,,,,S,Y,3,0,1,2,A,-,1,23152,A,N,C,C,A,A,H,-,D,A,0,,,,Y,Y,Y,A,1,0,1,0,0,0,0,0,0,0,- ,- ,32.75265,-115.50081,IMPERIAL,UNINCORPORATED,-115.5007631,32.75265047
90621329,2017,12/20/2017,9625,12/14/2017,1740,18792,,4,2,9,1300,0,3,5,,2,10,BORREGO SALTON SEA WAY,HOLLY RD,1637,E,N,A,-,N,,,,,,,,,,Y,3,0,1,1,A,-,8,22107,,N,F,A,A,A,H,-,D,D,0,,,,,Y,,A,1,0,1,0,0,0,0,0,0,0,- ,- ,33.26373,-116.00074,IMPERIAL,UNINCORPORATED,-116.0009002,33.26371966
90622470,2017,12/21/2017,9625,12/15/2017,1525,18279,,5,2,9,1300,0,1,3,,2,53,SR-111 S/B,MCCABE ROAD,2112,N,N,A,-,Y,,,111,,,,,,S,Y,4,0,3,4,A,-,3,22350,,M,C,C,A,A,H,-,A,D,0,,,,,Y,,A,7,0,0,3,0,0,0,0,0,0,- ,- ,32.75898,-115.5009,IMPERIAL,UNINCORPORATED,-115.5008419,32.75898093
90625853,2017,12/25/2017,9620,12/18/2017,1620,20738,,1,2,9,1300,0,3,5,,2,70,BASELINE ROAD,ARNOLD RD,1584,N,N,A,-,N,,,,,,,,,,Y,4,0,3,2,A,-,3,22350,,N,C,C,A,A,H,-,A,D,0,,,,,Y,,A,7,0,0,3,0,0,0,0,0,0,- ,- ,32.75732,-114.59898,IMPERIAL,UNINCORPORATED,-114.5989549,32.75712193
90628012,2017,12/27/2017,9625,12/21/2017,2157,18930,,4,2,9,1300,0,1,3,,1,11,SR-86 N/B,POE ROAD,774,N,N,A,-,Y,,,86,,,,,,N,Y,3,0,2,1,A,-,8,22107,,N,F,A,A,A,H,-,D,D,0,,,,,Y,,A,1,0,1,1,0,0,0,0,0,0,- ,- ,33.0825,-115.7564,IMPERIAL,UNINCORPORATED,-115.7563861,33.08255918
90629811,2017,12/29/2017,9620,12/26/2017,2020,18247,,2,2,9,1300,0,1,1,,2,82,I-8 W/B,SR-98,3696,E,N,A,-,Y,,,8,,,,,,W,Y,3,0,1,1,A,-,3,22350,,N,F,A,A,A,H,-,D,D,0,,,,,Y,,A,1,0,1,0,0,0,0,0,0,0,- ,- ,32.70819,-115.07727,IMPERIAL,UNINCORPORATED,-115.0772699,32.70810514
90633258,2017,1/4/2018,9625,12/27/2017,1108,16248,,3,1,9,1300,0,2,4,,2,46,DOGWOOD ROAD,MC CABE ROAD,91,S,N,A,-,N,,,,,,,,,,N,4,0,2,2,A,-,3,22350,,N,C,C,A,A,H,-,A,A,0,,,,,Y,,A,7,0,0,2,0,0,0,0,0,0,- ,- ,32.75302,-115.53485,IMPERIAL,UNINCORPORATED,-115.5349114,32.7521218
90633265,2017,1/17/2018,9625,12/28/2017,1310,15990,,4,1,9,1300,0,1,3,,1,11,SR-86 N/B,SR-78,400,S,N,A,-,Y,,,,,,,,,,Y,3,0,4,4,A,-,3,22350,,N,C,C,A,A,H,-,A,D,0,,,,Y,Y,,D,22,0,4,0,0,0,0,0,0,0,- ,- ,33.07284,-115.51164,IMPERIAL,UNINCORPORATED,-115.8546424,33.12474638
90634928,2017,1/8/2018,9625,12/28/2017,807,13627,,4,1,9,1300,0,1,3,,2,53,STATE ROUTE 111 (S/B),MCCABE ROAD,93,N,N,A,-,Y,,,111,,,,,,,Y,3,0,1,3,A,-,3,22350,,N,C,C,A,A,H,-,A,D,0,,,,,Y,,A,1,0,1,0,0,0,0,0,0,0,- ,- ,32.75311,-115.50085,IMPERIAL,UNINCORPORATED,-115.500769,32.75311106
90635158,2018,1/8/2018,9625,1/2/2018,940,13627,,2,1,9,1300,0,1,1,,2,5,INTERSTATE 8 (E/B) TRANS TO SR-111 N/B,STATE ROUTE 111 N/B,356,E,N,A,-,Y,,,8,,,,R,,,Y,3,0,1,1,A,-,3,22350,,N,E,I,A,A,D,-,A,D,0,,,,,Y,,A,1,0,1,0,0,0,0,0,0,0,- ,- ,32.77338028,-115.500061,IMPERIAL,UNINCORPORATED,-115.500061,32.77338028
90636464,2018,1/9/2018,9620,1/3/2018,1707,20738,,3,2,9,1300,0,1,3,,1,62,SR-186,I-8 EASTBOUND,5280,S,N,B,-,Y,,,186,,,,,,,N,4,0,1,2,A,-,3,22350,,F,C,C,A,A,H,-,D,D,0,,,Y,,Y,,A,1,0,0,1,0,0,0,0,0,1,- ,- ,32.73929977,-114.7190323,IMPERIAL,UNINCORPORATED,-114.7190628,32.73926544
90637522,2018,1/10/2018,9625,1/7/2018,6,19668,,7,3,9,1300,0,3,5,,2,10,GENTRY ROAD,WALKER ROAD,15,W,N,A,-,N,,,,,,,,,,Y,4,0,1,1,A,-,3,22350,,N,E,I,A,A,H,-,D,D,0,,,,,Y,,J,48,0,0,1,0,0,0,0,0,0,- ,- ,33.07487869,-115.6148605,IMPERIAL,UNINCORPORATED,-115.6144485,33.07555008
90641628,2018,1/17/2018,9625,1/8/2018,226,18010,,1,3,9,1300,0,1,3,,2,24,SR-78,SR-115,715,W,N,A,-,Y,,,78,,,,,,,Y,3,0,1,1,A,-,1,23152,A,N,E,I,A,A,H,-,C,D,0,,,,,Y,Y,A,1,0,1,0,0,0,0,0,0,0,- ,- ,32.97434998,-115.4080429,IMPERIAL,UNINCORPORATED,-115.4079437,32.97426987
90642101,2018,1/17/2018,9625,1/9/2018,1750,17809,,2,2,9,1300,0,3,5,,2,10,LACK ROAD,CADY ROAD,3220,N,N,B,-,N,,,,,,,,,,Y,2,0,4,1,A,-,8,22107,,N,F,A,A,A,C,-,D,D,0,,,,,Y,,A,8,4,0,0,0,0,0,0,0,0,- ,- ,32.98590088,-115.64991,IMPERIAL,UNINCORPORATED,-115.6500015,32.98620987
90647860,2018,1/25/2018,9625,1/18/2018,1430,18792,,4,2,9,1300,0,2,4,,2,46,DOGWOOD ROAD,HARRIS ROAD,0,,Y,A,-,N,,,,,,,,,,Y,3,0,2,2,A,-,5,21460,C,N,B,C,A,A,H,-,A,A,0,,,,,Y,,A,1,0,2,0,0,0,0,0,0,0,- ,- ,32.88362122,-115.5354767,IMPERIAL,UNINCORPORATED,-115.5354996,32.88365173
90652265,2018,1/31/2018,9625,1/28/2018,500,20263,,7,3,9,1300,0,3,5,,2,40,LA BRUCHERIE ROAD,WAHL ROAD,4224,S,N,A,-,N,,,,,,,,,,Y,3,0,1,1,A,-,1,23152,A,N,E,I,A,A,H,-,D,D,0,,,,,Y,Y,A,1,0,1,0,0,0,0,0,0,0,- ,- ,32.71323013,-115.5772095,IMPERIAL,UNINCORPORATED,-115.5786819,32.81850815
90655422,2018,2/5/2018,9625,2/3/2018,930,13781,,6,1,9,1300,0,3,5,,2,40,AUSTIN ROAD,KEYSTONE ROAD,0,,Y,A,-,N,,,,,,,,,,Y,3,0,3,2,A,-,9,21802,A,N,D,C,A,A,H,-,A,A,0,,,,,Y,,D,22,0,3,0,0,0,0,0,0,0,- ,- ,32.91257095,-115.5948868,IMPERIAL,UNINCORPORATED,-115.5949097,32.91255188
90659878,2018,2/12/2018,9625,2/6/2018,1615,18792,,2,2,9,1300,0,3,5,,2,50,OLD HIGHWAY 111,KEYSTONE ROAD,0,,Y,A,-,N,,,,,,,,,,Y,3,0,3,2,A,-,9,21802,A,N,D,C,A,A,H,-,A,A,0,,,,,Y,,A,1,0,3,0,0,0,0,0,0,0,- ,- ,32.91265106,-115.510231,IMPERIAL,UNINCORPORATED,-115.5102005,32.91265869
90660648,2018,2/13/2018,9625,2/8/2018,1615,19035,,4,2,9,1300,0,3,5,,2,50,WILLOUGHBY ROAD,KLOKE ROAD,190,W,N,A,-,N,,,,,,,,,,Y,4,0,1,1,A,-,8,22107,,N,E,I,A,A,H,-,A,D,0,,,,,Y,,D,22,0,0,1,0,0,0,0,0,0,- ,- ,32.70840073,-115.5186005,IMPERIAL,UNINCORPORATED,-115.5185318,32.70851135
90668560,2018,3/19/2018,9625,2/2/2018,540,16248,,5,3,9,1300,0,3,5,,2,50,HUNT ROAD,BONDS CORNER ROAD,0,,Y,A,-,N,,,,,,,,,,Y,2,0,15,2,A,-,12,22450,A,N,D,C,A,A,H,-,C,A,0,,,,,Y,,D,22,7,7,1,0,0,0,0,0,0,- ,- ,32.76625061,-115.3371277,IMPERIAL,UNINCORPORATED,-115.3371582,32.76631165
90668577,2018,2/23/2018,9625,2/13/2018,1513,20704,,2,2,9,1300,0,2,4,,2,47,FORRESTER ROAD,ATEN ROAD,0,,Y,A,-,N,,,,,,,,,,Y,3,0,2,2,A,-,9,21802,A,N,D,C,A,A,H,-,A,A,0,,,,Y,Y,,A,1,0,2,0,0,0,0,0,0,0,- ,- ,32.82580185,-115.6208725,IMPERIAL,UNINCORPORATED,-115.6206818,32.81821823
90668637,2018,2/23/2018,9625,2/11/2018,1936,19668,,7,2,9,1300,0,1,1,,2,4,I-8 W/B,IMPERIAL HIGHWAY,10560,E,N,A,-,Y,,,8,,,,,,W,Y,3,0,2,2,A,-,3,22350,,N,C,C,A,A,H,-,D,D,0,,,,,Y,,A,7,0,2,0,0,0,0,0,0,0,- ,- ,32.7517395,-115.8993683,IMPERIAL,UNINCORPORATED,-115.8993759,32.75178528
90670087,2018,2/26/2018,9625,2/16/2018,405,20516,,5,3,9,1300,0,1,3,,2,58,STATE ROUTE 86,ROCKWOOD AVENUE,530,E,N,A,-,Y,,,86,,,,,,,Y,3,0,1,1,A,-,1,23152,A,N,E,J,A,A,H,-,D,D,0,,,,,Y,Y,A,1,0,1,0,0,0,0,0,0,0,- ,- ,32.73072052,-115.5238113,IMPERIAL,UNINCORPORATED,-115.5238113,32.73072433
90672157,2018,2/28/2018,9625,2/19/2018,1401,19668,,1,2,9,1300,0,1,1,,2,3,INTERSTATE 8 EASTBOUND,LA BRUCHERIE ROAD,2640,W,N,A,G,Y,,,8,,,,,,E,Y,3,0,3,2,A,-,3,22350,,N,C,C,A,A,H,-,A,D,0,,,,,Y,,A,1,0,3,0,0,0,0,0,0,0,- ,- ,32.77378082,-115.5902328,IMPERIAL,UNINCORPORATED,-115.5902328,32.77381516
90673247,2018,3/1/2018,9625,2/21/2018,1815,17809,,3,2,9,1300,0,3,5,,2,10,BRANDT ROAD,BOWLES ROAD,30,N,N,A,-,N,,,,,,,,,,Y,4,0,1,2,C,-,18,,,N,D,C,A,A,H,-,D,D,0,,,,,Y,,-,- ,0,0,1,0,0,0,0,0,0,- ,- ,33.11763,-115.5625916,IMPERIAL,UNINCORPORATED,-115.5626221,33.11769104
90673812,2018,3/2/2018,9620,2/22/2018,1510,20738,,4,2,9,1300,0,1,1,,2,82,I-8 EASTBOUND,WINTERHAVEN DRIVE,15,W,N,A,-,Y,,,8,,,,,,E,Y,4,0,1,2,A,-,3,22350,,N,C,C,A,A,H,-,A,D,0,,,,,Y,,D,22,0,0,1,0,0,0,0,0,0,- ,- ,32.73112869,-114.6246872,IMPERIAL,UNINCORPORATED,-114.6245117,32.73162079
90677771,2018,3/8/2018,9625,3/2/2018,1510,18207,,5,2,9,1300,0,3,5,,2,50,PARKYNS ROAD,10TH STREET,0,,Y,A,-,N,,,,,,,,,,Y,3,0,1,2,A,-,9,21800,A,N,D,D,A,A,H,-,A,D,0,,,,,Y,,A,1,0,1,0,0,0,0,0,0,0,- ,- ,32.72856903,-115.5287399,IMPERIAL,UNINCORPORATED,-115.5288086,32.7285614
90678192,2018,3/8/2018,9625,2/26/2018,1540,19035,,1,2,9,1300,0,1,3,,2,53,STATE ROUTE 111 SOUTHBOUND,HEBER ROAD,470,N,N,A,-,Y,,,111,,,,,,S,N,4,0,3,3,A,-,3,22350,,N,C,C,A,A,H,-,A,D,0,,,,,Y,,A,1,0,0,3,0,0,0,0,0,0,- ,- ,32.73239899,-115.5003967,IMPERIAL,UNINCORPORATED,-115.5004425,32.73239899
90680160,2018,3/12/2018,9620,3/1/2018,1025,15941,,4,1,9,1300,0,1,1,,2,81,I-8 E/B,OGILBY RD,4224,W,N,A,-,Y,,,8,,,,,,E,Y,3,0,1,1,A,-,8,22107,,N,E,J,A,A,D,-,A,D,0,,,,Y,Y,,G,25,0,1,0,0,0,0,0,0,0,- ,- ,32.75822067,-114.8504028,IMPERIAL,UNINCORPORATED,-114.8504105,32.75827026
90680413,2018,3/12/2018,9625,3/9/2018,215,19225,,5,3,9,1300,0,2,4,,2,46,DOGWOOD ROAD,FAWCETT ROAD,2640,S,N,A,-,N,,,,,,,,,,Y,3,0,1,1,A,-,1,23152,A,N,E,I,A,A,H,-,D,A,0,,,,,Y,Y,A,1,0,1,0,0,0,0,0,0,0,- ,- ,32.71794128,-115.5342331,IMPERIAL,UNINCORPORATED,-115.5342178,32.71613693
90682049,2018,3/14/2018,9625,3/11/2018,1905,20263,,7,2,9,1300,0,1,1,,2,2,I-8 (W/B),MOUNTAIN SPRINGS ROAD,7920,E,N,A,-,Y,,,8,,,,,,,Y,4,0,1,1,A,-,1,23152,F,N,E,I,A,A,H,-,D,D,0,,,,,Y,,A,7,0,0,1,0,0,0,0,0,0,- ,- ,32.70315933,-116.0715408,IMPERIAL,UNINCORPORATED,-116.0715714,32.7032547
90682146,2018,3/14/2018,9625,3/3/2018,1335,19886,,6,1,9,1300,0,1,3,,1,51,STATE ROUTE 7 NORTHBOUND,HEBER ROAD,0,,Y,A,G,Y,,,7,,,,,,N,Y,4,0,1,2,A,-,9,21802,A,N,D,C,A,A,H,-,A,A,0,,,,,Y,,A,1,0,0,1,0,0,0,0,0,0,- ,- ,32.73088074,-115.3819885,IMPERIAL,UNINCORPORATED,-115.3820496,32.73087692
90684517,2018,3/19/2018,9625,3/9/2018,2145,20111,,5,2,9,1300,0,3,5,,2,50,BOWKER ROAD,CHICK ROAD,360,S,N,A,-,N,,,,,,,,,,Y,3,0,1,1,A,-,8,22107,,N,E,I,A,A,H,-,D,A,0,,,Y,,Y,,C,2,0,1,0,0,0,0,0,0,1,- ,- ,32.76578903,-115.4735031,IMPERIAL,UNINCORPORATED,-115.4732742,32.76564026
90690235,2018,3/26/2018,9625,3/15/2018,755,17727,,4,1,9,1300,0,3,5,,2,40,WAHL ROAD,LA BRUCHERIE ROAD,0,,Y,A,-,N,,,,,,,,,,Y,3,0,4,2,A,-,9,21802,A,N,D,C,A,A,H,-,A,A,0,,,,,Y,,D,22,0,1,3,0,0,0,0,0,0,- ,- ,32.72340012,-115.5774994,IMPERIAL,UNINCORPORATED,-115.5786896,32.82030869
90691209,2018,3/27/2018,9625,3/20/2018,1418,18207,,2,2,9,1300,0,1,3,,1,22,N/B SR-111,RANGE ROAD,1056,S,N,A,-,Y,,,111,,,,,,,Y,4,0,1,3,A,-,3,22350,,N,C,C,A,A,D,-,A,D,0,,,,,Y,,E,22,0,0,1,0,0,0,0,0,0,- ,- ,33.42594147,-115.8306885,IMPERIAL,UNINCORPORATED,-115.8307953,33.4258728
90697489,2018,4/3/2018,9625,3/22/2018,525,17432,,4,3,9,1300,0,1,3,,1,42,STATE ROUTE 98,DREW ROAD,1848,E,N,A,-,Y,,,98,,,,,,,Y,4,0,1,1,A,-,8,22107,,N,E,I,A,A,H,-,D,D,0,,,,,Y,,A,1,0,0,1,0,0,0,0,0,0,- ,- ,32.67926025,-115.6651306,IMPERIAL,UNINCORPORATED,-115.6651306,32.67945862
90699302,2018,4/5/2018,9625,3/27/2018,629,13627,,2,1,9,1300,0,1,3,,2,24,STATE ROUTE 78,BUTTERS ROAD,0,,Y,A,-,Y,,,78,,,,,,,Y,4,0,4,2,A,-,5,21752,D,N,D,C,A,A,H,-,B,D,0,,,,Y,Y,,G,25,0,0,4,0,0,0,0,0,0,- ,- ,32.97468948,-115.3717422,IMPERIAL,UNINCORPORATED,-115.3717422,32.97466278
90703386,2018,4/11/2018,9625,4/5/2018,1652,18464,,4,2,9,1300,0,1,3,,2,53,SR-111 (S/B),HEBER ROAD,225,N,N,A,-,Y,,,111,,,,,,,N,4,0,1,4,A,-,3,22350,,N,C,C,A,A,H,-,A,A,0,,,,,Y,,A,1,0,0,1,0,0,0,0,0,0,- ,- ,32.73154831,-115.5005264,IMPERIAL,UNINCORPORATED,-115.5004272,32.73155212
90703462,2018,4/11/2018,9625,4/5/2018,1540,22010,,4,2,9,1300,0,1,3,,2,53,SR-111 NORTHBOUND,HEBER ROAD,80,S,N,A,-,Y,,,111,,,,,,N,N,4,0,1,2,A,-,3,22350,,N,C,C,A,A,H,-,A,A,0,,,,,Y,Y,D,22,0,0,1,0,0,0,0,0,0,- ,- ,32.73036957,-115.5002823,IMPERIAL,UNINCORPORATED,-115.5004044,32.73036957
90708885,2018,4/19/2018,9625,4/14/2018,1655,22010,,6,2,9,1300,0,3,5,,2,40,IMPERIAL HIGHWAY N/B,SMOKETREE AVENUE,475,N,N,A,-,N,,,,,,,,,,Y,4,0,1,1,A,-,8,22107,,N,F,A,A,A,H,-,A,D,0,,,,,Y,Y,A,7,0,0,1,0,0,0,0,0,0,- ,- ,32.74757004,-115.9952087,IMPERIAL,UNINCORPORATED,-115.9945374,32.74695587
90709209,2018,4/19/2018,9620,4/15/2018,215,17466,,7,3,9,1300,0,3,5,,2,70,PICACHO ROAD,WHITE RD,8448,N,N,A,-,N,,,,,,,,,,Y,4,0,1,1,A,-,8,22107,,N,F,A,A,A,H,-,D,D,0,,,,,Y,,A,7,0,0,1,0,0,0,0,0,0,- ,- ,32.80804825,-114.6196899,IMPERIAL,UNINCORPORATED,-114.6160126,32.79428864
90711793,2018,4/24/2018,9625,4/17/2018,1845,22010,,2,2,9,1300,0,3,5,,2,50,MENVIELLE ROAD,SR-7,6,E,N,A,-,Y,,,,,,,,,,N,4,0,2,2,A,-,3,22350,,N,C,C,A,A,H,-,A,A,0,,,,,Y,,A,1,0,0,2,0,0,0,0,0,0,- ,- ,32.68286896,-115.3889694,IMPERIAL,UNINCORPORATED,-115.3890686,32.682827
90716315,2018,4/30/2018,9625,4/17/2018,405,18792,,2,3,9,1300,0,3,5,,2,40,ROSS ROAD,JOHNSON LANE,395,E,N,A,-,N,,,,,,,,,,Y,3,0,2,1,A,-,1,23152,F,M,E,I,A,A,H,-,D,D,0,,,,,Y,,A,1,0,1,1,0,0,0,0,0,0,- ,- ,32.78147125,-115.610878,IMPERIAL,UNINCORPORATED,-115.6108551,32.78142548
90716404,2018,4/30/2018,9625,4/14/2018,1155,17055,,6,1,9,1300,0,1,3,,1,22,SR-111,DAVIS ROAD,10560,N,N,A,-,Y,,,,,,,,,,Y,2,0,1,1,A,-,8,22107,,N,F,A,A,A,H,-,A,D,0,,,,,Y,,A,1,1,0,0,0,0,0,0,0,0,- ,- ,33.18238831,-115.3548965,IMPERIAL,UNINCORPORATED,-115.5982666,33.30911636
90716862,2018,4/30/2018,9625,4/25/2018,1445,18279,,3,2,9,1300,0,1,3,,2,53,SR-111 S/B,JASPER RD,300,N,N,A,-,Y,,,111,,,,,,S,N,3,0,1,2,A,-,21,22106,,N,C,C,A,A,H,-,A,A,0,,,,,Y,,A,7,0,1,0,0,0,0,0,0,0,- ,- ,32.71001053,-115.4995728,IMPERIAL,UNINCORPORATED,-115.4994354,32.71001053
90720581,2018,5/7/2018,9625,4/24/2018,745,17727,,2,1,9,1300,0,2,4,,2,47,FORRESTER ROAD,ROSS ROAD,0,,Y,A,-,N,,,,,,,,,,Y,3,0,2,2,A,-,9,21802,A,N,D,C,A,A,H,-,A,A,0,,,,,Y,,A,7,0,1,1,0,0,0,0,0,0,- ,- ,32.78139877,-115.6206589,IMPERIAL,UNINCORPORATED,-115.6206436,32.78142166
90723583,2018,5/10/2018,9625,4/1/2018,1835,18464,,7,2,9,1300,0,3,5,,2,50,HEBER ROAD,YOURMAN ROAD,0,,Y,A,-,N,,,,,,,,,,Y,1,1,1,2,A,-,9,21801,A,N,A,C,A,A,H,-,A,D,0,,,Y,,Y,,A,1,0,1,0,0,0,0,0,1,0,- ,- ,32.73062134,-115.4959335,IMPERIAL,UNINCORPORATED,-115.4983368,32.73067856
90723691,2018,5/10/2018,9625,4/28/2018,1639,18464,,6,2,9,1300,0,1,1,,2,4,I -8 (W/B),DUNAWAY ROAD,1090,W,N,A,-,Y,,,8,,,,,,,Y,3,0,1,1,A,-,8,22107,,N,E,I,A,A,H,-,A,D,0,,,,,Y,,D,22,0,1,0,0,0,0,0,0,0,- ,- ,32.76834106,-115.8044586,IMPERIAL,UNINCORPORATED,-115.804451,32.76831055