CASE_ID,ACCIDENT_YEAR,PROC_DATE,JURIS,COLLISION_DATE,COLLISION_TIME,OFFICER_ID,REPORTING_DISTRICT,DAY_OF_WEEK,CHP_SHIFT,POPULATION,CNTY_CITY_LOC,SPECIAL_COND,BEAT_TYPE,CHP_BEAT_TYPE,CITY_DIVISION_LAPD,CHP_BEAT_CLASS,BEAT_NUMBER,PRIMARY_RD,SECONDARY_RD,DISTANCE,DIRECTION,INTERSECTION,WEATHER_1,WEATHER_2,STATE_HWY_IND,CALTRANS_COUNTY,CALTRANS_DISTRICT,STATE_ROUTE,ROUTE_SUFFIX,POSTMILE_PREFIX,POSTMILE,LOCATION_TYPE,RAMP_INTERSECTION,SIDE_OF_HWY,TOW_AWAY,COLLISION_SEVERITY,NUMBER_KILLED,NUMBER_INJURED,PARTY_COUNT,PRIMARY_COLL_FACTOR,PCF_CODE_OF_VIOL,PCF_VIOL_CATEGORY,PCF_VIOLATION,PCF_VIOL_SUBSECTION,HIT_AND_RUN,TYPE_OF_COLLISION,MVIW,PED_ACTION,ROAD_SURFACE,ROAD_COND_1,ROAD_COND_2,LIGHTING,CONTROL_DEVICE,CHP_ROAD_TYPE,PEDESTRIAN_ACCIDENT,BICYCLE_ACCIDENT,MOTORCYCLE_ACCIDENT,TRUCK_ACCIDENT,NOT_PRIVATE_PROPERTY,ALCOHOL_INVOLVED,STWD_VEHTYPE_AT_FAULT,CHP_VEHTYPE_AT_FAULT,COUNT_SEVERE_INJ,COUNT_VISIBLE_INJ,COUNT_COMPLAINT_PAIN,COUNT_PED_KILLED,COUNT_PED_INJURED,COUNT_BICYCLIST_KILLED,COUNT_BICYCLIST_INJURED,COUNT_MC_KILLED,COUNT_MC_INJURED,PRIMARY_RAMP,SECONDARY_RAMP,LATITUDE,LONGITUDE,COUNTY,CITY,POINT_X,POINT_Y
90726014,2018,5/14/2018,9625,5/2/2018,2305,17809,,3,3,9,1300,0,3,5,,2,20,OLD HOT MINERAL SPA ROAD,HOT MINERAL SPA ROAD,50,W,N,A,-,N,,,,,,,,,,Y,2,0,1,1,A,-,1,23152,A,N,H,A,A,A,H,-,D,D,0,,,Y,,Y,Y,C,6,1,0,0,0,0,0,0,0,1,- ,- ,33.42483902,-115.6822433,IMPERIAL,UNINCORPORATED,-115.6939316,33.37683105
90727867,2018,5/16/2018,9625,5/4/2018,1712,18792,,5,2,9,1300,0,1,3,,1,12,SR 86 NORTHBOUND,SOUTH MARINA DRIVE,95,S,N,A,-,Y,,,86,,,,,,N,N,4,0,2,2,A,-,3,22350,,M,C,C,A,A,H,-,A,A,0,,,,,Y,,A,1,0,0,2,0,0,0,0,0,0,- ,- ,33.27891159,-115.9639282,IMPERIAL,UNINCORPORATED,-115.9639053,33.27892685
90728258,2018,5/17/2018,9625,5/10/2018,2110,18279,,4,2,9,1300,0,1,3,,2,53,SR-111 N/B,HEBER RD,800,S,N,A,-,Y,,,111,,,,,,N,Y,4,0,2,2,A,-,3,22350,,N,C,C,A,A,H,-,A,A,0,,,,,Y,,A,1,0,0,2,0,0,0,0,0,0,- ,- ,32.72840118,-115.5001602,IMPERIAL,UNINCORPORATED,-115.5003738,32.72839737
90728443,2018,5/17/2018,9625,5/13/2018,1700,17809,,7,2,9,1300,0,3,5,,2,20,G.F.O.C. MINE ROAD,ZAPPONE ROAD,114,S,N,A,-,N,,,,,,,,,,Y,3,0,1,1,A,-,8,22107,,N,F,A,A,A,H,-,A,A,0,,,,,Y,,A,1,0,1,0,0,0,0,0,0,0,- ,- ,33.03881073,-115.0066605,IMPERIAL,UNINCORPORATED,,
90730256,2018,5/21/2018,9625,5/9/2018,650,17727,,3,1,9,1300,0,1,3,,1,22,SR-111 SOUTHBOUND,BEACH ROAD,1584,N,N,A,-,Y,,,111,,,,,,S,Y,4,0,1,1,A,-,8,22107,,N,F,A,A,A,H,-,B,D,0,,,,,Y,,A,7,0,0,1,0,0,0,0,0,0,- ,- ,33.31150055,-115.6001968,IMPERIAL,UNINCORPORATED,-115.6002045,33.31149673
90733218,2018,5/24/2018,9625,5/11/2018,705,17432,,5,1,9,1300,0,1,3,,2,24,SR-78,OSBORNE PARK ROAD,2112,E,N,A,-,Y,,,78,,,,,,,Y,3,0,1,1,A,-,8,22107,,N,F,A,A,A,H,-,A,D,0,,,,,Y,,D,22,0,1,0,0,0,0,0,0,0,- ,- ,32.98738098,-115.1281586,IMPERIAL,UNINCORPORATED,-115.1281738,32.98746109
90733548,2018,5/24/2018,9625,5/16/2018,1615,18279,,3,2,9,1300,0,1,3,,2,53,SR-111 N/B,ROSS RD,2112,N,N,A,-,Y,,,111,,,,,,N,Y,4,0,3,2,A,-,8,22107,,N,B,E,A,A,H,-,A,D,0,,,,,Y,,A,1,0,0,3,0,0,0,0,0,0,- ,- ,32.7884903,-115.5005875,IMPERIAL,UNINCORPORATED,-115.5007324,32.78850174
90737178,2018,5/30/2018,9625,5/27/2018,1555,17809,,7,2,9,1300,0,3,5,,2,10,BRANDT ROAD,EDDINS ROAD,87,S,N,A,-,N,,,,,,,,,,Y,4,0,1,1,A,-,3,22350,,N,E,I,A,A,H,-,A,A,0,,,,,Y,,A,1,0,0,1,0,0,0,0,0,0,- ,- ,33.12501907,-115.5626831,IMPERIAL,UNINCORPORATED,-115.5625916,33.12551117
90737642,2018,5/30/2018,9625,5/21/2018,715,19035,,1,1,9,1300,0,2,4,,2,46,DOGWOOD ROAD,FAWCETT ROAD,1560,S,N,A,-,N,,,,,,,,,,Y,3,0,1,1,A,-,8,22107,,N,F,A,A,A,H,-,A,D,0,,,,,Y,,A,1,0,1,0,0,0,0,0,0,0,- ,- ,32.71834183,-115.5341415,IMPERIAL,UNINCORPORATED,-115.5342712,32.71908569
90738579,2018,5/31/2018,9625,5/22/2018,755,13627,,2,1,9,1300,0,2,4,,2,57,STATE ROUTE 115,SNYDER ROAD,0,,Y,A,-,Y,,,,,,,,,,Y,4,0,2,2,A,-,9,21802,A,N,D,C,A,A,H,-,A,A,0,,,,,Y,,D,22,0,0,2,0,0,0,0,0,0,- ,- ,32.81111908,-115.3324509,IMPERIAL,UNINCORPORATED,-115.3371277,32.81111908
90740833,2018,6/4/2018,9625,5/29/2018,1835,17809,,2,2,9,1300,0,3,5,,2,10,STATE ROUTE 86 N/B,POE ROAD,5280,S,N,A,-,Y,,,86,,,,,,N,Y,4,0,1,2,A,-,7,21658,A,N,C,C,A,A,H,-,A,D,0,,,,Y,Y,,A,1,0,0,1,0,0,0,0,0,0,- ,- ,33.07304001,-115.7393417,IMPERIAL,UNINCORPORATED,-115.7394028,33.07298279
90742124,2018,6/6/2018,9625,5/29/2018,1103,22010,,2,1,9,1300,0,1,1,,2,2,INTERSTATE 8 WESTBOUND,IN KO PAH RD,5280,E,N,A,-,Y,,,8,,,,,,W,Y,4,0,1,1,A,-,8,22107,,N,E,I,A,A,H,-,A,D,0,,,,,Y,,A,1,0,0,1,0,0,0,0,0,0,- ,- ,32.65877914,-116.0987396,IMPERIAL,UNINCORPORATED,-116.0986481,32.65884018
90743599,2018,6/7/2018,9625,6/1/2018,1300,18464,,5,1,9,1300,0,3,5,,2,40,HACKLEMAN ROAD,SILSBEE ROAD,0,,Y,A,-,N,,,,,,,,,,Y,4,0,2,2,A,-,9,21802,A,N,D,C,A,A,H,-,A,A,0,,,,,Y,,A,8,0,0,2,0,0,0,0,0,0,- ,- ,32.81113052,-115.6463165,IMPERIAL,UNINCORPORATED,-115.6462936,32.81106949
90745507,2018,6/11/2018,9625,5/30/2018,1345,17727,,3,1,9,1300,0,3,5,,2,20,NOFFSINGER ROAD,NILAND AVE,0,,Y,A,-,N,,,,,,,,,,Y,3,0,3,2,A,-,9,21802,A,N,D,C,A,A,H,-,A,A,0,,,,,Y,,A,1,0,2,1,0,0,0,0,0,0,- ,- ,33.23460007,-115.5158997,IMPERIAL,UNINCORPORATED,-115.5159,33.2346
90748122,2018,6/14/2018,9625,6/6/2018,740,16248,,3,1,9,1300,0,3,5,,2,50,OLD HIGHWAY 111,EVAN HEWES HIGHWAY,0,,Y,A,-,N,,,,,,,,,,Y,3,0,1,2,A,-,9,21802,A,N,D,C,A,A,H,-,A,A,0,,,,,Y,,A,1,0,1,0,0,0,0,0,0,0,- ,- ,32.79949188,-115.5016098,IMPERIAL,UNINCORPORATED,-115.5016327,32.79949188
90748136,2018,6/14/2018,9620,6/4/2018,345,20555,,1,3,9,1300,0,2,4,,1,75,DECORSE RD,ARNOLD RD,0,,Y,A,-,N,,,,,,,,,,Y,3,0,1,1,A,-,1,23152,A,N,F,A,A,A,H,-,D,A,0,,,,,Y,Y,A,1,0,1,0,0,0,0,0,0,0,- ,- ,32.75407028,-114.6333618,IMPERIAL,UNINCORPORATED,-114.6331863,32.75281143
90748766,2018,6/15/2018,9625,6/13/2018,527,20704,,3,3,9,1300,0,1,3,,1,44,SR-86 (N/B),AUSTIN ROAD,3696,N,N,A,-,Y,,,86,,,,,,,Y,3,0,1,1,A,-,8,22107,,N,E,I,A,A,H,-,A,D,0,,,,,Y,,A,1,0,1,0,0,0,0,0,0,0,- ,- ,32.95455933,-115.5565338,IMPERIAL,UNINCORPORATED,-115.5565872,32.95469666
90749864,2018,6/18/2018,9625,6/7/2018,455,19225,,4,3,9,1300,0,3,5,,2,40,BENNETT ROAD,ROSS ROAD,1240,N,N,A,-,N,,,,,,,,,,Y,3,0,1,1,A,-,8,22107,,N,F,A,A,A,H,-,B,D,0,,,,,Y,,A,1,0,1,0,0,0,0,0,0,0,- ,- ,32.78791046,-115.6725006,IMPERIAL,UNINCORPORATED,-115.6722565,32.78535843
90751443,2018,6/19/2018,9625,6/10/2018,1540,17809,,7,2,9,1300,0,1,3,,1,11,STATE ROUTE 86 S/B,KALIN ROAD,0,,Y,A,-,Y,,,86,,,,,,S,Y,4,0,1,2,A,-,9,21802,B,N,E,J,A,A,H,-,A,A,0,,,,,Y,,A,1,0,0,1,0,0,0,0,0,0,- ,- ,32.98408127,-115.5781097,IMPERIAL,UNINCORPORATED,-115.577858,32.98428726
90751888,2018,6/20/2018,9625,6/9/2018,415,18930,,6,3,9,1300,0,3,5,,2,40,ROSS ROAD,BENNETT ROAD,1056,E,N,A,-,N,,,,,,,,,,N,3,0,1,2,A,-,11,21956,,N,G,B,E,A,H,-,D,D,0,Y,,,,Y,Y,N,60,0,1,0,0,1,0,0,0,0,- ,- ,32.78179932,-115.6677017,IMPERIAL,UNINCORPORATED,-115.6688461,32.78196716
90752821,2018,6/21/2018,9625,6/12/2018,2000,19225,,2,2,9,1300,0,1,3,,1,21,SR-111,DOWDEN ROAD,792,S,N,A,-,Y,,,111,,,,,,,Y,3,0,1,1,A,-,1,23152,A,N,E,J,A,A,H,-,B,D,0,,,,,Y,Y,A,1,0,1,0,0,0,0,0,0,0,- ,- ,33.08739853,-115.5166016,IMPERIAL,UNINCORPORATED,-115.5165482,33.08735657
90758104,2018,6/28/2018,9620,6/20/2018,845,18535,,3,1,9,1300,0,1,3,,1,62,EB SR-78,OGILBY RD,4224,E,N,A,-,Y,,,78,,,,,,,Y,3,0,2,1,A,-,8,22107,,N,F,I,A,A,H,-,A,D,0,,,,,Y,,A,7,0,2,0,0,0,0,0,0,0,- ,- ,33.09310913,-114.9022598,IMPERIAL,UNINCORPORATED,-114.9023895,33.09315491
90766210,2018,8/15/2018,9625,6/2/2018,500,19668,,6,3,9,1300,0,3,5,,2,50,KEYSTONE ROAD,CASEY ROAD,85,E,N,A,-,N,,,,,,,,,,Y,1,1,0,1,A,-,8,22107,,N,F,A,A,A,H,-,B,D,0,,,,,Y,,D,22,0,0,0,0,0,0,0,0,0,- ,- ,32.91643906,-115.4230881,IMPERIAL,UNINCORPORATED,-115.4231339,32.91651154
90766605,2018,7/10/2018,9625,6/30/2018,1515,19667,,6,2,9,1300,0,1,1,,2,1,INTERSTATE 8 (EASTBOUND),IN KO PAH PARK ROAD,2217,E,N,A,-,Y,,,8,,,,,,,Y,3,0,2,1,A,-,8,22107,,N,E,I,A,A,H,-,A,D,0,,,,,Y,,A,1,0,1,1,0,0,0,0,0,0,- ,- ,32.6491394,-116.102417,IMPERIAL,UNINCORPORATED,-116.1026154,32.64930344
90768197,2018,7/12/2018,9625,6/29/2018,600,17055,,5,1,9,1300,0,1,3,,2,52,SR-98,HIGHLINE CANAL,2112,W,N,A,-,Y,,,98,,,,,,,Y,3,0,1,1,A,-,8,22107,,N,F,A,A,A,H,-,A,D,0,,,,,Y,,A,7,0,1,0,0,0,0,0,0,0,- ,- ,32.69467926,-115.2893372,IMPERIAL,UNINCORPORATED,-115.2893372,32.694664
90768225,2018,7/12/2018,9625,7/7/2018,1655,19668,,6,2,9,1300,0,1,1,,2,3,I-8 EASTBOUND,DOGWOOD ROAD,2112,W,N,A,-,Y,,,,,,,,,,Y,3,0,3,2,A,-,3,22350,,N,C,C,A,A,H,-,A,D,0,,,,,Y,,A,1,0,2,1,0,0,0,0,0,0,- ,- ,32.77375031,-115.5425186,IMPERIAL,UNINCORPORATED,-115.5420456,32.77368546
90769388,2018,7/16/2018,9625,6/19/2018,1219,16248,,2,1,9,1300,0,1,3,,1,42,SR-98,CLARK ROAD,1031,W,N,A,-,Y,,,98,,,,,,,Y,2,0,4,1,A,-,8,22107,,N,E,I,A,A,G,-,A,D,0,,,,,Y,,A,7,2,2,0,0,0,0,0,0,0,- ,- ,32.67937088,-115.5630569,IMPERIAL,UNINCORPORATED,-115.5630569,32.67934036
90771622,2018,7/18/2018,9625,7/12/2018,1619,17809,,4,2,9,1300,0,1,3,,1,12,STATE ROUTE 86 S/B,HARVARD AVENUE,500,N,N,C,G,Y,,,86,,,,,,S,Y,3,0,1,1,C,-,18,,,N,F,A,A,B,G,-,A,D,0,,,,Y,Y,,-,- ,0,1,0,0,0,0,0,0,0,- ,- ,33.26950836,-115.9571762,IMPERIAL,UNINCORPORATED,-115.9572372,33.2694664
90772819,2018,7/19/2018,9620,7/16/2018,1525,18468,,1,2,9,1300,0,1,3,,1,63,STATE ROUTE 78,MITCHELLS CAMP RD,7920,E,N,A,-,Y,,,,,,,,,,Y,3,0,1,1,A,-,3,22350,,N,E,I,A,A,H,-,A,D,0,,,,,Y,,A,1,0,1,0,0,0,0,0,0,0,- ,- ,,,IMPERIAL,UNINCORPORATED,-114.7271271,33.32756805
90776041,2018,7/25/2018,9625,7/16/2018,1350,17055,,1,1,9,1300,0,1,3,,2,23,SR-115,ALBRIGHT ROAD,0,,Y,A,-,Y,,,115,,,,,,,Y,3,0,2,2,A,-,12,22450,A,N,D,C,A,A,H,-,A,A,0,,,,,Y,,A,1,0,2,0,0,0,0,0,0,0,- ,- ,33.1039505,-115.4496536,IMPERIAL,UNINCORPORATED,-115.4496613,33.1039505
90776401,2018,7/25/2018,9625,7/24/2018,605,17055,,2,1,9,1300,0,2,4,,2,47,FORRESTER ROAD,CARTER ROAD,0,,Y,A,-,N,,,,,,,,,,Y,2,0,1,2,A,-,9,21802,A,N,D,C,A,A,H,-,A,A,0,,,,,Y,,A,1,1,0,0,0,0,0,0,0,0,- ,- ,32.93555832,-115.6216125,IMPERIAL,UNINCORPORATED,-115.6216431,32.93558121
90778801,2018,7/27/2018,9625,7/17/2018,720,17727,,2,1,9,1300,0,3,5,,2,40,CLARK ROAD,HEBER ROAD,886,N,N,A,-,N,,,,,,,,,,Y,4,0,1,1,A,-,3,22350,,N,E,I,A,A,H,-,A,D,0,,,,,Y,,A,1,0,0,1,0,0,0,0,0,0,- ,- ,32.73320007,-115.5604019,IMPERIAL,UNINCORPORATED,-115.560318,32.73064041
90779896,2018,7/30/2018,9625,7/22/2018,1245,17727,,7,1,9,1300,0,2,4,,2,46,CORRELL ROAD,DOGWOOD ROAD,0,,Y,A,-,N,,,,,,,,,,N,4,0,1,2,A,-,3,22350,,N,C,C,A,A,H,-,A,A,0,,,,,Y,,A,1,0,0,1,0,0,0,0,0,0,- ,- ,32.73799896,-115.5344009,IMPERIAL,UNINCORPORATED,-115.5345917,32.73791885
90780950,2018,7/31/2018,9625,7/25/2018,1540,18792,,3,2,9,1300,0,3,5,,2,20,WIEST ROAD,HART ROAD,270,S,N,A,-,N,,,,,,,,,,Y,3,0,1,1,A,-,8,22107,,N,E,I,A,A,H,-,A,D,0,,,,,Y,,A,1,0,1,0,0,0,0,0,0,0,- ,- ,32.93759155,-115.4488297,IMPERIAL,UNINCORPORATED,-115.4489059,32.93766403
90781328,2018,7/31/2018,9620,7/24/2018,605,18247,,2,1,9,1300,0,2,4,,1,75,MEHRING RD,HEYSER RD,6,E,N,A,-,Y,,,,,,,,,,Y,3,0,1,1,A,-,8,22107,,N,F,A,A,A,H,-,A,D,0,,,,,Y,,A,1,0,1,0,0,0,0,0,0,0,- ,- ,32.81869888,-114.5303574,IMPERIAL,UNINCORPORATED,-114.5303497,32.81875992
9078139,2020,7/10/2020,1304,3/31/2020,1353,360,EWES,2,5,4,1304,0,0,0,,0,WEST,LA BRUCHERIE,ROSS,0,,Y,A,-,N,,,,,,,,,,N,3,0,1,2,A,-,12,21453,A,N,D,C,A,A,H,-,A,A,0,,,,,Y,,-,,0,1,0,0,0,0,0,0,0,- ,- ,,,IMPERIAL,EL CENTRO,-115.5784836,32.78147125
90781960,2018,8/1/2018,9625,7/29/2018,1315,17809,,7,1,9,1300,0,3,5,,2,10,NILE DRIVE,ROSITAS AVENUE,0,,Y,A,-,N,,,,,,,,,,Y,2,0,1,2,A,-,9,21800,A,N,D,C,A,A,H,-,A,A,0,,,Y,,Y,,C,6,1,0,0,0,0,0,0,0,1,- ,- ,33.33206177,-115.970192,IMPERIAL,UNINCORPORATED,-115.9702988,33.33214951
90783417,2018,9/3/2018,9625,7/26/2018,1011,18464,,4,1,9,1300,0,3,5,,2,50,PITZER ROAD,CHICK ROAD,1796,S,N,A,-,N,,,,,,,,,,Y,1,1,1,2,A,-,21,22106,,N,D,C,A,A,H,-,A,D,0,,,,,Y,,A,1,0,0,1,0,0,0,0,0,0,- ,- ,32.76203918,-115.5175018,IMPERIAL,UNINCORPORATED,-115.5180206,32.76691818
9078618,2020,6/23/2020,1304,3/30/2020,1125,#335,,1,5,4,1304,0,0,0,,0,WEST,IMPERIAL,COMMERCIAL,0,,Y,A,-,N,,,,,,,,,,N,2,0,2,2,A,-,3,22350,,N,C,C,A,A,H,-,A,D,0,,,,,Y,,A,1,2,0,0,0,0,0,0,0,0,- ,- ,,,IMPERIAL,EL CENTRO,-115.5699615,32.79513168
90786497,2018,8/8/2018,9625,8/3/2018,1828,18464,,5,2,9,1300,0,1,1,,2,5,I-8 (E/B),VAN DER LINDEN ROAD,320,W,N,A,-,Y,,,8,,,,,,,Y,3,0,1,1,A,-,8,22107,,N,F,A,A,A,H,-,A,D,0,,,,,Y,,A,1,0,1,0,0,0,0,0,0,0,- ,- ,32.77325821,-115.2861862,IMPERIAL,UNINCORPORATED,-115.2862015,32.7732048
90793629,2018,8/20/2018,9625,8/10/2018,1021,18773,,5,1,9,1300,0,3,5,,2,50,OLD HIGHWAY 111,CRUICKSHANK ROAD,0,,Y,A,-,N,,,,,,,,,,Y,3,0,1,2,A,-,5,21460,C,N,B,C,A,A,H,-,A,D,0,,,,Y,Y,,A,7,0,1,0,0,0,0,0,0,0,- ,- ,32.81108093,-115.5014725,IMPERIAL,UNINCORPORATED,-115.5014801,32.81103134
90794182,2018,8/23/2018,9625,8/15/2018,623,13627,,3,1,9,1300,0,1,3,,2,53,STATE ROUTE 111 (S/B),MCCABE ROAD,0,,N,A,-,Y,,,111,,,,,,,Y,4,0,1,3,A,-,3,22350,,N,C,C,A,A,H,-,A,A,0,,,,Y,Y,,G,25,0,0,1,0,0,0,0,0,0,- ,- ,32.75286102,-115.5008926,IMPERIAL,UNINCORPORATED,-115.5007629,32.75286102
90798563,2018,8/27/2018,9625,8/16/2018,1945,19035,,4,2,9,1300,0,1,1,,2,2,I-8 W/B,IN-KO-PAH PARK ROAD,6072,E,N,C,-,Y,,,8,,,,,,W,Y,3,0,1,1,A,-,3,22350,,N,E,I,A,B,H,-,B,D,0,,,,,Y,,A,1,0,1,0,0,0,0,0,0,0,- ,- ,32.66070175,-116.1013031,IMPERIAL,UNINCORPORATED,-116.1012573,32.66077042
90799266,2018,8/27/2018,9625,8/15/2018,1255,18279,,3,1,9,1300,0,3,5,,2,10,PALO VERDE DR,DESERT SHORES DRIVE,102,N,N,A,-,N,,,,,,,,,,N,4,0,1,2,A,-,9,21804,A,N,D,C,A,A,H,-,A,D,0,,,,,Y,,M,96,0,0,1,0,0,0,0,0,0,- ,- ,33.4070015,-116.0392532,IMPERIAL,UNINCORPORATED,-116.0392151,33.40694046
90799307,2018,8/27/2018,9625,8/20/2018,1703,18792,,1,2,2,1306,0,2,S,,2,901,CLARK ROAD,NUEVO VILLARTA DR,240,S,N,A,-,N,,,,,,,,,,Y,3,0,1,3,A,-,3,22350,,N,C,C,A,A,H,-,A,A,0,,,,,Y,,A,1,0,1,0,0,0,0,0,0,0,- ,- ,32.82666016,-115.5615692,IMPERIAL,IMPERIAL,-115.5614777,32.82678604
90801676,2018,8/30/2018,9625,8/4/2018,2225,19225,,6,3,9,1300,0,1,3,,1,54,SR-111 (SOUTHBOUND),WORTHINGTON ROAD,3326,N,N,A,-,Y,,,111,,,,,,,Y,1,1,0,2,A,-,11,21954,A,N,G,B,D,A,H,-,D,D,0,Y,,,,Y,,N,60,0,0,0,1,0,0,0,0,0,- ,- ,32.85644913,-115.5093002,IMPERIAL,UNINCORPORATED,-115.5091553,32.85644913
90803403,2018,8/31/2018,9625,8/22/2018,940,17727,,3,1,9,1300,0,2,4,,2,46,DOGWOOD ROAD,WEST MCCABE ROAD,30,S,N,A,-,N,,,,,,,,,,N,3,0,2,2,A,-,3,22350,,N,C,C,A,A,H,-,A,A,0,,,,,Y,,A,1,0,1,1,0,0,0,0,0,0,- ,- ,32.75220108,-115.5348969,IMPERIAL,UNINCORPORATED,-115.5349274,32.75228882
90808445,2018,9/10/2018,9620,9/2/2018,1930,18734,,7,2,9,1300,0,1,3,,1,63,SR-78,OGILBY RD,1584,E,N,A,-,Y,,,78,,,,,,,Y,4,0,2,1,C,-,18,,,N,H,H,A,A,H,-,D,D,0,,,,,Y,,-,- ,0,0,2,0,0,0,0,0,0,- ,- ,33.08864975,-114.9067307,IMPERIAL,UNINCORPORATED,-114.9067154,33.08863068
90809368,2018,9/10/2018,9625,8/29/2018,1045,17727,,3,1,9,1300,0,1,3,,1,11,SR-86 (S/B),ANDRE ROAD,0,,Y,A,-,Y,,,86,,,,,,,Y,3,0,1,2,A,-,9,21803,A,N,D,C,A,A,H,-,A,A,0,,,,,Y,,D,22,0,1,0,0,0,0,0,0,0,- ,- ,33.01549911,-115.6004028,IMPERIAL,UNINCORPORATED,-115.6003494,33.01553726
90811396,2018,9/12/2018,9625,9/3/2018,405,20263,,1,3,9,1300,0,1,3,,1,42,SR-98,DREW ROAD,1885,E,N,A,-,Y,,,98,,,,,,,Y,3,0,1,1,A,-,8,22107,,N,E,J,A,A,H,-,D,D,0,,,,,Y,,A,1,0,1,0,0,0,0,0,0,0,- ,- ,32.67929077,-115.6654129,IMPERIAL,UNINCORPORATED,-115.6654129,32.67945862
9081390,2020,6/23/2020,1304,3/13/2020,804,326,EWES,5,5,4,1304,0,0,0,,0,,ROSS,23RD,0,,Y,A,-,N,,,,,,,,,,Y,3,0,2,2,A,-,12,22450,A,N,D,C,A,A,H,-,A,A,0,,,,,Y,,A,1,0,1,1,0,0,0,0,0,0,- ,- ,,,IMPERIAL,EL CENTRO,-115.581459,32.78145981
90814324,2018,9/17/2018,9625,9/6/2018,1851,22010,,4,2,9,1300,0,2,4,,2,46,DOGWOOD ROAD,COLE ROAD,1320,N,N,A,-,N,,,,,,,,,,Y,4,0,1,1,A,-,8,22107,,N,E,I,A,A,H,-,A,D,0,,,,,Y,,A,1,0,0,1,0,0,0,0,0,0,- ,- ,32.69765091,-115.5340424,IMPERIAL,UNINCORPORATED,-115.5340805,32.69760513
90815987,2018,9/18/2018,9625,9/10/2018,1223,18464,,1,1,9,1300,0,1,3,,1,42,SR-98,ANZA TRAIL ROAD,9504,E,N,A,-,Y,,,98,,,,,,,Y,4,0,1,2,A,-,9,21801,A,N,F,A,A,A,H,-,A,D,0,,,,,Y,,D,22,0,0,1,0,0,0,0,0,0,- ,- ,32.67132187,-115.8486404,IMPERIAL,UNINCORPORATED,-115.8486862,32.67160416
90816563,2018,9/19/2018,9625,9/11/2018,828,13627,,2,1,9,1300,0,1,3,,2,53,STATE ROUTE 111 (N/B),MCCABE ROAD,409,S,N,A,-,Y,,,111,,,,,,,Y,4,0,2,2,A,-,4,21703,,N,C,C,A,A,H,-,A,D,0,,,,,Y,,A,7,0,0,2,0,0,0,0,0,0,- ,- ,32.75183105,-115.5007019,IMPERIAL,UNINCORPORATED,-115.5007553,32.75183105
90817377,2018,9/20/2018,9625,9/17/2018,1357,18773,,1,1,9,1300,0,1,3,,2,53,SR-111 S/B,MCCABE ROAD,600,N,N,A,-,Y,,,111,,,,,,S,N,4,0,1,2,A,-,3,22350,,N,C,C,A,A,D,-,A,A,0,,,,,Y,,A,8,0,0,1,0,0,0,0,0,0,- ,- ,32.7554512,-115.5009232,IMPERIAL,UNINCORPORATED,-115.5008011,32.7554512
90819708,2018,9/24/2018,9625,9/17/2018,1827,18792,,1,2,9,1300,0,3,5,,2,40,HEBER ROAD,CLARK ROAD,0,,Y,A,-,N,,,,,,,,,,N,3,0,2,3,A,-,9,21802,A,N,D,C,A,A,H,-,B,A,0,,,,,Y,,A,7,0,1,1,0,0,0,0,0,0,- ,- ,32.73065186,-115.5602188,IMPERIAL,UNINCORPORATED,-115.560318,32.73064041
90819758,2018,9/24/2018,9625,9/17/2018,2355,20516,,1,3,9,1300,0,1,1,,2,4,W/B INTERSTATE 8,IMPERIAL HIGHWAY,14256,E,N,A,-,Y,,,8,,,,,,,Y,4,0,1,1,A,-,1,23152,A,N,F,A,A,A,H,-,D,D,0,,,,,Y,Y,A,1,0,0,1,0,0,0,0,0,0,- ,- ,32.7448616,-115.9500198,IMPERIAL,UNINCORPORATED,-115.9500275,32.74488831
90821561,2018,9/26/2018,9625,9/15/2018,1005,18279,,6,1,9,1300,0,1,3,,1,11,SR-86 S/B,KALIN RD,0,,Y,A,-,Y,,,86,,,,,,S,Y,4,0,1,2,A,-,9,21802,A,N,D,C,A,A,H,-,A,A,0,,,Y,,Y,,A,8,0,0,1,0,0,0,0,0,0,- ,- ,32.98468018,-115.5782471,IMPERIAL,UNINCORPORATED,-115.5782089,32.98471451
90826739,2018,10/2/2018,9625,9/23/2018,550,17727,,7,3,9,1300,0,3,5,,2,20,SINCLAIR ROAD,ENGLISH ROAD,0,,Y,A,-,N,,,,,,,,,,N,4,0,1,2,A,-,9,21802,A,N,D,C,A,A,H,-,A,A,0,,,,,Y,,D,22,0,0,1,0,0,0,0,0,0,- ,- ,33.17660141,-115.5449982,IMPERIAL,UNINCORPORATED,-115.5449524,33.17663193