CASE_ID,ACCIDENT_YEAR,PROC_DATE,JURIS,COLLISION_DATE,COLLISION_TIME,OFFICER_ID,REPORTING_DISTRICT,DAY_OF_WEEK,CHP_SHIFT,POPULATION,CNTY_CITY_LOC,SPECIAL_COND,BEAT_TYPE,CHP_BEAT_TYPE,CITY_DIVISION_LAPD,CHP_BEAT_CLASS,BEAT_NUMBER,PRIMARY_RD,SECONDARY_RD,DISTANCE,DIRECTION,INTERSECTION,WEATHER_1,WEATHER_2,STATE_HWY_IND,CALTRANS_COUNTY,CALTRANS_DISTRICT,STATE_ROUTE,ROUTE_SUFFIX,POSTMILE_PREFIX,POSTMILE,LOCATION_TYPE,RAMP_INTERSECTION,SIDE_OF_HWY,TOW_AWAY,COLLISION_SEVERITY,NUMBER_KILLED,NUMBER_INJURED,PARTY_COUNT,PRIMARY_COLL_FACTOR,PCF_CODE_OF_VIOL,PCF_VIOL_CATEGORY,PCF_VIOLATION,PCF_VIOL_SUBSECTION,HIT_AND_RUN,TYPE_OF_COLLISION,MVIW,PED_ACTION,ROAD_SURFACE,ROAD_COND_1,ROAD_COND_2,LIGHTING,CONTROL_DEVICE,CHP_ROAD_TYPE,PEDESTRIAN_ACCIDENT,BICYCLE_ACCIDENT,MOTORCYCLE_ACCIDENT,TRUCK_ACCIDENT,NOT_PRIVATE_PROPERTY,ALCOHOL_INVOLVED,STWD_VEHTYPE_AT_FAULT,CHP_VEHTYPE_AT_FAULT,COUNT_SEVERE_INJ,COUNT_VISIBLE_INJ,COUNT_COMPLAINT_PAIN,COUNT_PED_KILLED,COUNT_PED_INJURED,COUNT_BICYCLIST_KILLED,COUNT_BICYCLIST_INJURED,COUNT_MC_KILLED,COUNT_MC_INJURED,PRIMARY_RAMP,SECONDARY_RAMP,LATITUDE,LONGITUDE,COUNTY,CITY,POINT_X,POINT_Y
90827008,2018,10/2/2018,9625,9/21/2018,832,18464,,5,1,9,1300,0,2,4,,2,46,DOGWOOD ROAD,WILLOUGHBY ROAD,0,,Y,A,-,N,,,,,,,,,,Y,4,0,3,2,A,-,9,21801,A,N,A,C,A,A,H,-,A,D,0,,,,,Y,,A,1,0,0,3,0,0,0,0,0,0,- ,- ,32.70846939,-115.5340576,IMPERIAL,UNINCORPORATED,-115.5340805,32.70845032
90827024,2018,10/2/2018,9625,9/23/2018,1416,18792,,7,2,9,1300,0,3,5,,2,20,SINCLAIR ROAD,BLAIR ROAD,564,W,N,A,-,N,,,,,,,,,,Y,3,0,1,2,A,-,3,22350,,N,E,I,A,A,H,-,A,D,0,,,,,Y,,A,1,0,1,0,0,0,0,0,0,0,- ,- ,33.17655945,-115.4951935,IMPERIAL,UNINCORPORATED,-115.4950256,33.17655945
90827581,2018,10/3/2018,9625,9/25/2018,655,18279,,2,1,9,1300,0,1,3,,1,42,SR-98,WEED ROAD,400,W,N,A,-,Y,,,98,,,,,,,Y,4,0,1,1,A,-,8,22107,,N,E,I,A,A,H,-,A,D,0,,,,,Y,,A,7,0,0,1,0,0,0,0,0,0,- ,- ,32.67929077,-115.5699387,IMPERIAL,UNINCORPORATED,-115.5699387,32.67935562
90828393,2018,10/4/2018,9625,9/25/2018,545,20516,,2,3,9,1300,0,3,5,,2,40,BROCKMAN ROAD,KUBLER ROAD,1056,S,N,A,-,N,,,,,,,,,,Y,3,0,1,2,A,-,3,22350,,N,C,C,A,A,H,-,B,D,0,,,,,Y,,A,1,0,1,0,0,0,0,0,0,0,- ,- ,32.69190979,-115.639183,IMPERIAL,UNINCORPORATED,-115.6391373,32.69181442
90828439,2018,1/10/2019,9625,9/17/2018,140,20263,,1,3,4,1304,0,1,1,,2,3,I-8 E/B,LA BRUCHERIE ROAD,400,W,N,A,-,Y,,,8,,,,,,E,Y,1,2,1,1,A,-,8,22107,,N,E,I,A,A,H,-,D,D,0,,,,,Y,,A,1,1,0,0,0,0,0,0,0,0,- ,- ,32.77373886,-115.5795898,IMPERIAL,EL CENTRO,-115.5795898,32.77381134
90834808,2018,10/12/2018,9620,10/7/2018,640,16015,Quech,7,1,9,1300,0,1,1,,2,82,EASTBOUND INTERSTATE 8,WINTERHAVEN DR,2112,W,N,A,-,Y,,,8,,,,,,,Y,3,0,1,2,A,-,7,21658,A,F,B,C,A,A,H,-,B,D,0,,,,,Y,,A,1,0,1,0,0,0,0,0,0,0,- ,- ,32.73706055,-114.6580582,IMPERIAL,UNINCORPORATED,-114.6580582,32.73712921
90839419,2018,10/18/2018,9620,10/17/2018,1650,18734,,3,2,9,1300,0,2,4,,1,72,I-8 W/B TO WINTERHAVEN DR,WINTERHAVEN DR,0,,Y,A,-,Y,,,8,,,,R,,W,Y,3,0,2,2,A,-,9,21802,A,N,D,C,A,A,H,-,A,D,0,,,,,Y,,A,8,0,1,1,0,0,0,0,0,0,- ,- ,32.73263168,-114.6246796,IMPERIAL,UNINCORPORATED,-114.6246796,32.73263168
90839953,2018,10/19/2018,9625,10/12/2018,2255,19667,,5,3,9,1300,0,1,1,,2,4,I-8 WESTBOUND OFFRAMP,FOURTH STREET,650,E,N,A,-,Y,,,,,,,,,,Y,3,0,1,1,A,-,8,22107,,N,E,I,A,A,H,-,C,D,0,,,,,Y,,A,1,0,1,0,0,0,0,0,0,0,- ,- ,32.77412033,-115.55056,IMPERIAL,UNINCORPORATED,,
90842457,2018,10/23/2018,9625,9/19/2018,415,20516,,3,3,9,1300,0,3,5,,2,20,MCCONNELL ROAD,STAHL ROAD,30,S,N,A,-,N,,,,,,,,,,Y,1,1,4,1,A,-,8,22107,,N,F,A,A,A,H,-,D,D,0,,,,,Y,,D,22,1,3,0,0,0,0,0,0,0,- ,- ,32.93758011,-115.4834824,IMPERIAL,UNINCORPORATED,-115.4836349,32.93842697
90844634,2018,10/25/2018,9620,10/24/2018,824,14803,,3,1,9,1300,0,1,1,,2,82,RT 186,I-8 E/B,528,S,N,A,-,Y,,,,,,,,,,Y,4,0,1,2,A,-,3,22350,,N,C,C,A,A,H,-,A,D,0,,,,,Y,,A,1,0,0,1,0,0,0,0,0,0,- ,- ,34.44269943,-114.4312973,IMPERIAL,UNINCORPORATED,,
90848142,2018,10/29/2018,9625,10/22/2018,1700,20704,,1,2,9,1300,0,2,4,,2,46,DOGWOOD ROAD,RALPH ROAD,0,,Y,A,-,N,,,,,,,,,,Y,3,0,2,2,A,-,9,21802,A,N,D,C,A,A,H,-,A,A,0,,,,,Y,,D,22,0,2,0,0,0,0,0,0,0,- ,- ,32.86906052,-115.5354385,IMPERIAL,UNINCORPORATED,-115.5355682,32.86914825
90848632,2018,10/30/2018,9625,10/22/2018,1924,20704,,1,2,9,1300,0,1,3,,1,12,SR-86 (S/B),COOLIDGE SPRINGS ROAD,300,N,N,A,-,Y,,,86,,,,,,,Y,2,0,2,1,A,-,8,22107,,N,F,A,A,A,H,-,C,D,0,,,,,Y,,A,7,2,0,0,0,0,0,0,0,0,- ,- ,33.4178009,-116.0507202,IMPERIAL,UNINCORPORATED,-116.0506439,33.41786194
90852118,2018,11/2/2018,9620,10/26/2018,1805,18734,,5,2,9,1300,0,1,3,,1,62,SR-186,I-8 E/B,1056,S,N,A,-,Y,,,186,,,,,,,Y,3,0,2,2,A,-,9,21804,A,N,D,C,A,A,H,-,C,D,0,,,,,Y,,A,1,0,1,1,0,0,0,0,0,0,- ,- ,32.74060822,-114.7200928,IMPERIAL,UNINCORPORATED,-114.7200623,32.74062347
90852957,2018,11/5/2018,9625,9/2/2018,42,20263,,7,3,9,1300,0,1,3,,1,54,SR-111 N/B,ATEN ROAD,0,,Y,A,-,Y,,,111,,,,,,N,Y,1,1,1,2,D,-,0,,,N,D,C,A,A,H,-,C,A,0,,,,,Y,,-,- ,1,0,0,0,0,0,0,0,0,- ,- ,32.8257103,-115.5003586,IMPERIAL,UNINCORPORATED,-115.500206,32.82570648
90858271,2018,11/12/2018,9625,11/4/2018,8,18773,,7,3,9,1300,0,3,5,,2,40,BLACK HILLS DRIVE,WILD HORSE DRIVE,150,W,N,A,-,N,,,,,,,,,,Y,3,0,1,1,A,-,1,23152,A,N,E,I,A,A,H,-,C,D,0,,,,,Y,Y,A,7,0,1,0,0,0,0,0,0,0,- ,- ,32.74163055,-115.5351791,IMPERIAL,UNINCORPORATED,-115.5357513,32.74156952
90860744,2018,11/15/2018,9620,11/9/2018,1310,16015,,5,1,9,1300,0,3,5,,2,70,G STREET,SECOND STREET,0,,Y,A,-,N,,,,,,,,,,N,4,0,3,2,A,-,9,21800,A,N,D,C,A,A,H,-,A,D,0,,,,,Y,,D,22,0,0,3,0,0,0,0,0,0,- ,- ,32.74045944,-114.6354294,IMPERIAL,UNINCORPORATED,-114.6354218,32.7405014
90861323,2018,11/16/2018,9625,11/4/2018,1322,13627,,7,1,9,1300,0,1,3,,2,53,S/B STATE ROUTE 111 TRANS TO I-8,S/B STATE ROUTE 111,32,W,N,B,-,Y,,,111,,,,R,,,Y,4,0,1,1,A,-,8,22107,,N,F,A,A,A,H,-,A,D,0,,,Y,,Y,,C,2,0,0,1,0,0,0,0,0,1,- ,- ,32.77289963,-115.5016174,IMPERIAL,UNINCORPORATED,-115.5016174,32.77289963
90869171,2018,11/28/2018,9625,11/15/2018,810,17727,,4,1,9,1300,0,2,4,,2,46,DOGWOOD ROAD,CORRELL ROAD,45,S,N,A,-,N,,,,,,,,,,N,4,0,1,2,A,-,3,22350,,N,C,C,A,A,H,-,A,A,0,,,,,Y,,A,1,0,0,1,0,0,0,0,0,0,- ,- ,32.7378006,-115.5345001,IMPERIAL,UNINCORPORATED,-115.534584,32.73779678
90869244,2018,11/28/2018,9625,11/16/2018,2340,20263,,5,3,9,1300,0,3,5,,2,40,AUSTIN ROAD,SR-86,200,W,N,A,-,N,,,,,,,,,,Y,4,0,1,1,A,-,1,23152,A,N,F,A,A,A,H,-,D,D,0,,,,,Y,Y,A,7,0,0,1,0,0,0,0,0,0,- ,- ,32.95080185,-115.567482,IMPERIAL,UNINCORPORATED,-115.5675812,32.95077896
90870735,2018,11/29/2018,9625,11/25/2018,1820,19225,,7,2,9,1300,0,1,1,,2,4,INTERSTATE 8 (WESTBOUND),IMPERIAL HIGHWAY,15840,E,N,A,-,Y,,,8,,,,,,,Y,4,0,1,1,A,-,8,22107,,N,E,I,A,A,H,-,D,D,0,,,,,Y,,A,1,0,0,1,0,0,0,0,0,0,- ,- ,32.74568939,-115.9447098,IMPERIAL,UNINCORPORATED,-115.9447021,32.74560928
90870772,2018,11/29/2018,9625,11/25/2018,430,20111,,7,3,9,1300,0,3,5,,2,50,HOLT ROAD,ROBINSON ROAD,233,S,N,A,-,N,,,,,,,,,,Y,2,0,1,1,A,-,1,23152,A,N,F,A,A,A,H,-,D,A,0,,,,,Y,Y,A,7,1,0,0,0,0,0,0,0,0,- ,- ,32.85451889,-115.3801498,IMPERIAL,UNINCORPORATED,-115.3802872,32.85398483
90872628,2018,11/30/2018,9620,11/25/2018,1639,19582,,7,2,9,1300,0,1,1,,2,82,I-8 E/B,WINTERHAVEN DR,1584,W,N,A,-,Y,,,8,,,,,,E,Y,2,0,1,2,A,-,7,21658,A,F,F,A,A,A,H,-,A,D,0,,,,,Y,,-,99,1,0,0,0,0,0,0,0,0,- ,- ,32.73775864,-114.6571274,IMPERIAL,UNINCORPORATED,-114.6571274,32.73712921
90875368,2018,12/4/2018,9625,11/23/2018,415,20263,,5,3,9,1300,0,1,3,,2,56,"SR-115, S/B",ZENOS ROAD,200,N,N,A,-,Y,,,115,,,,,,S,Y,2,0,4,2,A,-,5,21650,,N,A,C,A,A,H,-,C,D,0,,,,,Y,,A,1,2,1,1,0,0,0,0,0,0,- ,- ,32.81377029,-115.4061737,IMPERIAL,UNINCORPORATED,-115.4061279,32.81377029
90875391,2018,12/4/2018,9625,11/22/2018,110,20704,,4,3,9,1300,0,1,1,,2,1,I-8 (E/B),IN KO PAH ROAD,2640,E,N,A,-,Y,,,8,,,,,,,Y,2,0,1,1,A,-,8,22107,,N,E,I,A,A,H,-,D,D,0,,,,,Y,,A,1,1,0,0,0,0,0,0,0,0,- ,- ,32.64921188,-116.1026382,IMPERIAL,UNINCORPORATED,-116.1026688,32.64923477
9087973,2020,10/21/2020,1304,5/7/2020,1629,326,EWES,4,5,4,1304,0,0,0,,0,,IMPERIAL,BRADSHAW,0,,Y,A,-,Y,IMP,11,86,-,-,8.302,I,5,S,Y,4,0,2,2,A,-,12,21453,A,N,D,C,A,A,H,-,A,A,0,,,,,Y,,-,- ,0,0,2,0,0,0,0,0,0,- ,- ,,,IMPERIAL,EL CENTRO,-115.5699234,32.81112671
90881579,2018,12/12/2018,9625,12/6/2018,1425,19225,,4,2,9,1300,0,1,1,,2,1,INTERSTATE 8 (EASTBOUND),MOUNTAIN SPRINGS ROAD,20856,E,N,B,C,Y,,,8,,,,,,,Y,4,0,1,1,A,-,8,22107,,N,E,I,A,B,H,-,A,D,0,,,,,Y,,A,1,0,0,1,0,0,0,0,0,0,- ,- ,32.69478989,-116.0633163,IMPERIAL,UNINCORPORATED,-116.0633163,32.69478607
9088165,2020,9/23/2020,1301,2/28/2020,502,9A2,BRAWL,5,5,3,1301,0,0,0,,0,3,RT 111,N BEST RD,0,,Y,A,-,Y,IMP,11,78,-,R,13.88,H,-,E,Y,3,0,1,2,A,-,9,21802,A,N,C,C,A,A,H,-,C,A,0,,,,Y,Y,,A,1,0,1,0,0,0,0,0,0,0,- ,- ,,,IMPERIAL,BRAWLEY,-115.5103455,32.99939728
90883626,2018,12/14/2018,9625,12/4/2018,1,13627,,2,3,9,1300,0,3,5,,2,50,1903 MILLER ROAD,STATE ROUTE 115,35,N,N,A,-,N,,,,,,,,,,Y,3,0,1,1,A,-,8,22107,,M,E,I,A,A,H,-,D,A,0,,,,,Y,,A,1,0,1,0,0,0,0,0,0,0,- ,- ,32.78768158,-115.3028183,IMPERIAL,UNINCORPORATED,-115.3028564,32.78754044
90884565,2018,12/17/2018,9625,12/5/2018,1200,13627,,3,1,9,1300,0,3,5,,2,50,ROOD ROAD,MAGGIO ROAD,402,S,N,A,-,N,,,,,,,,,,Y,2,0,1,2,A,-,5,21651,A,N,B,C,A,A,H,-,A,D,0,,,,Y,Y,,-,- ,1,0,0,0,0,0,0,0,0,- ,- ,32.68453979,-115.3782196,IMPERIAL,UNINCORPORATED,-115.3781815,32.68469238
90884687,2018,12/17/2018,9620,12/13/2018,1933,20738,,4,2,9,1300,0,1,1,,2,81,I-8 EASTBOUND,GRAYS WELLS RD,2640,E,N,A,-,Y,,,,,,,,,,Y,2,0,1,1,A,-,8,22107,,N,F,A,A,A,H,-,D,D,0,,,,,Y,,D,22,1,0,0,0,0,0,0,0,0,- ,- ,34.7468605,-114.8752518,IMPERIAL,UNINCORPORATED,,
90887353,2018,12/20/2018,9625,12/18/2018,1500,19667,,2,2,9,1300,0,2,4,,2,46,"DOGWOOD ROAD, N/B",HEBER ROAD,1232,S,N,A,-,N,,,,,,,,,,Y,4,0,1,2,A,-,3,22350,,N,C,C,A,A,H,-,A,D,0,,,,,Y,,A,1,0,0,1,0,0,0,0,0,0,- ,- ,32.72724152,-115.5344086,IMPERIAL,UNINCORPORATED,-115.5344009,32.72727203
90887926,2018,12/21/2018,9625,12/16/2018,2120,18792,,7,2,9,1300,0,1,3,,1,21,111 S/B,FREDRICKS ROAD,350,N,N,A,-,Y,,,,,,,,,,Y,3,0,1,2,A,-,5,21460,A,N,D,C,A,A,H,-,D,D,0,,,,,Y,,A,1,0,1,0,0,0,0,0,0,0,- ,- ,33.00524139,-115.5265503,IMPERIAL,UNINCORPORATED,,
90888086,2018,12/21/2018,9620,12/14/2018,1400,20738,,5,2,9,1300,0,1,1,,2,82,I-8 WESTBOUND,OGILBY RD,250,E,N,B,-,Y,,,8,,,,,,W,Y,4,0,1,2,A,-,1,23152,F,N,B,C,A,A,H,-,A,D,0,,,,,Y,,A,1,0,0,1,0,0,0,0,0,0,- ,- ,32.76055908,-114.8361511,IMPERIAL,UNINCORPORATED,-114.8361511,32.76055145
90890399,2018,12/26/2018,9620,12/18/2018,655,16222,,2,1,9,1300,0,1,1,,2,81,INTERSTATE 8,GORDONS WELL RD,8448,E,N,A,-,Y,,,8,,,,,,,Y,4,0,1,1,A,-,1,23152,F,N,E,I,A,A,H,-,A,D,0,,,,,Y,,A,7,0,0,1,0,0,0,0,0,0,- ,- ,32.71044159,-114.9322205,IMPERIAL,UNINCORPORATED,-114.9322128,32.71040344
90891862,2018,12/27/2018,9625,12/17/2018,730,17432,,1,1,9,1300,0,3,5,,2,20,FOURTH STREET,NILAND AVE,0,,Y,A,-,N,,,,,,,,,,N,4,0,1,2,A,-,9,21802,A,N,D,C,A,A,H,-,A,A,0,,,,Y,Y,,A,1,0,0,1,0,0,0,0,0,0,- ,- ,33.23796844,-115.5126266,IMPERIAL,UNINCORPORATED,-115.5126495,33.23797989
90894218,2018,12/31/2018,9620,12/24/2018,1115,18247,,1,1,9,1300,0,1,1,,2,81,I-8 W/B,GORDONS WELL RD,3168,E,N,A,-,Y,,,8,,,,,,W,Y,4,0,1,2,A,-,4,21703,,N,C,C,A,A,H,-,A,D,0,,,,,Y,,A,1,0,0,1,0,0,0,0,0,0,- ,- ,32.70893097,-114.9442368,IMPERIAL,UNINCORPORATED,-114.9442368,32.70887756
90901451,2018,1/10/2019,9625,12/31/2018,1628,18792,,1,2,9,1300,0,1,1,,2,5,I-8 E/B,RT 7,102,W,N,A,-,Y,,,8,,,,,,E,Y,3,0,1,2,A,-,3,22350,,N,F,A,A,A,H,-,B,A,0,,,,Y,Y,,G,25,0,1,0,0,0,0,0,0,0,- ,- ,32.77313995,-115.3841171,IMPERIAL,UNINCORPORATED,-115.3841171,32.77318954
90902075,2018,1/10/2019,9625,10/24/2018,2500,20111,,3,4,9,1300,0,1,1,,2,4,I-8 W/B,DUNAWAY ROAD,1478,W,N,A,-,Y,,,8,,,,,,W,Y,1,1,0,1,A,-,8,22107,,N,F,A,A,A,H,-,A,D,0,,,Y,,Y,Y,C,2,0,0,0,0,0,0,0,1,0,- ,- ,32.76808929,-115.8052979,IMPERIAL,UNINCORPORATED,-115.8053131,32.76813889
90903370,2019,1/14/2019,9620,1/7/2019,2315,20738,,1,3,9,1300,0,1,1,,2,82,I-8 EASTBOUND,WINTERHAVEN DRIVE,5280,W,N,A,-,Y,,,8,,,,,,E,Y,4,0,2,2,A,-,3,22350,,N,B,C,A,A,H,-,D,D,0,,,,,Y,,A,1,0,0,2,0,0,0,0,0,0,- ,- ,32.73839188,-114.667717,IMPERIAL,UNINCORPORATED,-114.667717,32.73841476
90903683,2019,1/14/2019,9625,1/9/2019,1523,18773,,3,2,9,1300,0,1,3,,2,53,SR-111 NORTHBOUND,HEBER ROAD,20,S,N,A,-,Y,,,111,,,,,,N,Y,4,0,2,3,C,-,18,,,N,C,C,A,A,D,-,A,A,0,,,,,Y,,-,- ,0,0,2,0,0,0,0,0,0,- ,- ,32.73040009,-115.5002975,IMPERIAL,UNINCORPORATED,-115.5004044,32.73040009
90905882,2019,1/16/2019,9625,1/9/2019,1904,19035,,3,2,9,1300,0,3,5,,2,10,SR-78,ELDER ROAD,0,,Y,A,-,Y,,,78,,,,,,,N,4,0,1,1,A,-,3,22350,,N,E,I,A,A,H,-,C,D,0,,,,,Y,,D,22,0,0,1,0,0,0,0,0,0,- ,- ,32.99900055,-115.589798,IMPERIAL,UNINCORPORATED,-115.5889816,32.99927521
90906996,2019,1/18/2019,9620,1/9/2019,1158,18247,,3,1,9,1300,0,1,1,,2,82,I-8 W/B,4TH AVE,920,W,N,A,-,Y,,,8,,,,,,W,Y,3,0,1,1,C,-,18,,,N,F,A,A,A,H,-,A,A,0,,,,,Y,,-,- ,0,1,0,0,0,0,0,0,0,- ,- ,32.73231888,-114.6276016,IMPERIAL,UNINCORPORATED,-114.6275482,32.73262405
90912477,2019,1/25/2019,9625,1/19/2019,1755,17809,,6,2,9,1300,0,3,5,,2,20,FRINK ROAD,STATE ROUTE 111,6864,N,N,A,-,N,,,,,,,,,,Y,4,0,1,2,A,-,8,22107,,N,A,C,A,A,H,-,D,A,0,,,,,Y,,A,1,0,0,1,0,0,0,0,0,0,- ,- ,33.37561035,-115.6466293,IMPERIAL,UNINCORPORATED,-115.6466064,33.37533951
90915155,2019,1/29/2019,9625,1/22/2019,1640,19225,,2,2,9,1300,0,1,3,,2,58,SR-86,MCCABE ROAD,0,,Y,A,-,Y,,,86,,,,,,,Y,3,0,1,2,A,-,12,21453,A,N,D,C,A,A,H,-,A,A,0,,,Y,,Y,,A,7,0,1,0,0,0,0,0,0,1,- ,- ,32.75233841,-115.5519104,IMPERIAL,UNINCORPORATED,-115.5518723,32.75234222
90915782,2019,1/30/2019,9625,1/18/2019,810,17432,,5,1,9,1300,0,1,1,,2,1,MENVIELLE ROAD,GATEWAY ROAD,153,S,N,A,-,N,,,,,,,,,,Y,4,0,2,2,A,-,3,22350,,N,C,C,A,A,H,-,A,D,0,,,,,Y,,A,7,0,0,2,0,0,0,0,0,0,- ,- ,32.68986893,-115.3872223,IMPERIAL,UNINCORPORATED,-115.3871918,32.68992233
90916233,2019,2/6/2019,9625,1/14/2019,744,17432,,1,1,4,1302,1,4,S,,2,901,STATE ROUTE 98,KLOKE ROAD,629,E,N,B,-,Y,,,98,,,,,,,N,4,0,7,2,A,-,3,22350,,N,C,C,A,A,H,-,A,D,0,,,,,Y,,H,13,0,0,7,0,0,0,0,0,0,- ,- ,32.67919159,-115.5137482,IMPERIAL,CALEXICO,-115.5137482,32.67917252
90916359,2019,1/31/2019,9625,1/21/2019,1025,17727,,1,1,9,1300,0,1,3,,1,21,SR-111,SIMPSON ROAD,77,S,N,A,-,Y,,,111,,,,,,,Y,3,0,1,2,A,-,9,21801,A,N,D,C,A,A,H,-,A,D,0,,,,,Y,,M,46,0,1,0,0,0,0,0,0,0,- ,- ,33.19079971,-115.5190964,IMPERIAL,UNINCORPORATED,-115.5190582,33.19079971
90916388,2019,1/31/2019,9625,1/22/2019,820,13627,,2,1,9,1300,0,1,3,,2,53,E/B I-8 TO S/B 111 TRANSITION RAMP,INTERSTATE 8 E/B,1300,S,N,B,-,Y,,,,,,,,,,Y,2,0,1,1,A,-,8,22107,,N,F,A,A,A,H,-,A,D,0,,,,,Y,,D,22,1,0,0,0,0,0,0,0,0,- ,- ,32.76996994,-115.5012283,IMPERIAL,UNINCORPORATED,,
90918972,2019,2/5/2019,9620,1/30/2019,1608,17051,,3,2,9,1300,0,1,1,,2,82,I-8 WB TO GRAYS WELLS ROAD SB,GRAYS WELLS RD OVER-CROSS,100,W,N,A,-,Y,,,8,,,,R,,W,Y,3,0,1,1,A,-,1,23152,A,N,E,J,A,A,H,-,A,D,0,,,,,Y,Y,D,22,0,1,0,0,0,0,0,0,0,- ,- ,32.74206161,-114.8830185,IMPERIAL,UNINCORPORATED,-114.8830185,32.74206161
90919406,2019,2/5/2019,9625,1/27/2019,1715,18279,,7,2,9,1300,0,1,3,,1,44,SR-86 N/B,SCHARTZ ROAD,175,N,N,A,-,Y,,,86,,,,,,N,Y,3,0,3,2,A,-,1,23152,A,F,B,C,A,A,H,-,B,D,0,,,,,Y,Y,A,1,0,1,2,0,0,0,0,0,0,- ,- ,32.94210052,-115.5699615,IMPERIAL,UNINCORPORATED,-115.5700989,32.94210052
90919579,2019,2/5/2019,9620,2/4/2019,1240,16222,,1,1,9,1300,0,2,4,,1,75,YORK RD,COLBY RD,194,N,N,A,-,N,,,,,,,,,,Y,2,0,2,1,A,-,8,22107,,N,F,A,A,A,H,-,A,D,0,,,Y,,Y,,C,2,2,0,0,0,0,0,0,0,2,- ,- ,32.79701996,-114.5473709,IMPERIAL,UNINCORPORATED,-114.5476074,32.79674149
90920733,2018,2/6/2019,9625,12/31/2018,2303,19668,,1,3,9,1300,0,1,3,,1,11,STATE ROUTE 86 SOUTHBOUND,STATE ROUTE 78,6758,S,N,A,-,Y,,,86,,,,,,S,Y,1,1,3,2,A,-,1,23152,A,N,C,E,A,A,H,-,D,D,0,,,,,Y,,D,22,2,1,0,0,0,0,0,0,0,- ,- ,33.11103058,-115.8419266,IMPERIAL,UNINCORPORATED,-115.8418808,33.11109924
90921648,2019,2/7/2019,9625,1/29/2019,528,22010,,2,3,9,1300,0,1,3,,1,54,SR-111 N/B,EVAN HEWES HIGHWAY,0,,Y,A,-,Y,,,111,,,,,,N,Y,4,0,2,2,A,-,12,21453,A,N,D,C,A,A,H,-,B,A,0,,,,,Y,,A,7,0,0,2,0,0,0,0,0,0,- ,- ,32.79986954,-115.500351,IMPERIAL,UNINCORPORATED,-115.5005646,32.79987717
90921740,2019,2/7/2019,9625,1/30/2019,1125,13627,,3,1,9,1300,0,3,5,,2,50,BOWKER ROAD,JASPER ROAD,0,,Y,B,-,N,,,,,,,,,,Y,4,0,1,2,A,-,9,21801,A,N,E,I,A,A,H,-,A,D,0,,,,,Y,,D,22,0,0,1,0,0,0,0,0,0,- ,- ,32.70840073,-115.4651718,IMPERIAL,UNINCORPORATED,-115.4651031,32.70856094
90924036,2019,2/11/2019,9625,2/4/2019,1142,18279,,1,1,9,1300,0,1,1,,2,3,I-8 E/B,4TH STREET,2000,E,N,B,-,Y,,,,,,,,,,N,4,0,1,2,A,-,1,23152,A,N,C,C,A,A,H,-,A,D,0,,,,,Y,Y,A,8,0,0,1,0,0,0,0,0,0,- ,- ,32.77365112,-115.5439377,IMPERIAL,UNINCORPORATED,-115.5458527,32.7736969
90924362,2019,2/12/2019,9620,2/3/2019,1450,17837,,7,2,9,1300,0,1,1,,2,82,I-8 E/B,SEMINOLE RD,528,E,N,A,-,Y,,,8,,,,,,E,Y,2,0,2,1,A,-,8,22107,,N,F,I,A,A,H,-,A,D,0,,,,,Y,,A,1,1,1,0,0,0,0,0,0,0,- ,- ,32.74682999,-114.7016983,IMPERIAL,UNINCORPORATED,-114.7017212,32.7469101
90925038,2019,3/1/2019,9625,2/1/2019,905,16248,,5,1,9,1300,0,3,5,,2,50,NINA LEE ROAD,SR-7,350,E,N,A,-,N,,,,,,,,,,N,2,0,1,3,A,-,9,21802,A,N,D,C,A,A,H,-,A,D,0,,,Y,Y,Y,,G,27,1,0,0,0,0,0,0,0,1,- ,- ,32.68214035,-115.3846512,IMPERIAL,UNINCORPORATED,-115.3843689,32.68199158
90926640,2018,2/14/2019,9625,12/31/2018,345,20111,,1,3,9,1300,0,1,3,,1,54,SR-111 S/B,KEYSTONE ROAD,0,,Y,A,-,Y,,,111,,,,,,S,Y,1,1,1,2,A,-,12,21453,A,N,D,C,A,A,H,-,C,A,0,,,,,Y,,A,1,1,0,0,0,0,0,0,0,0,- ,- ,32.91250992,-115.5091934,IMPERIAL,UNINCORPORATED,-115.50914,32.91250992
90928914,2019,2/19/2019,9625,2/14/2019,240,20263,,4,3,9,1300,0,1,3,,2,55,SR-115,HARRIS ROAD,20,S,N,B,-,Y,,,115,,,,,,,N,4,0,1,1,C,-,18,,,N,E,H,A,B,H,-,D,D,0,,,,,Y,,-,- ,0,0,1,0,0,0,0,0,0,- ,- ,32.88339996,-115.4061966,IMPERIAL,UNINCORPORATED,-115.4062424,32.88339996