CASE_ID,ACCIDENT_YEAR,PROC_DATE,JURIS,COLLISION_DATE,COLLISION_TIME,OFFICER_ID,REPORTING_DISTRICT,DAY_OF_WEEK,CHP_SHIFT,POPULATION,CNTY_CITY_LOC,SPECIAL_COND,BEAT_TYPE,CHP_BEAT_TYPE,CITY_DIVISION_LAPD,CHP_BEAT_CLASS,BEAT_NUMBER,PRIMARY_RD,SECONDARY_RD,DISTANCE,DIRECTION,INTERSECTION,WEATHER_1,WEATHER_2,STATE_HWY_IND,CALTRANS_COUNTY,CALTRANS_DISTRICT,STATE_ROUTE,ROUTE_SUFFIX,POSTMILE_PREFIX,POSTMILE,LOCATION_TYPE,RAMP_INTERSECTION,SIDE_OF_HWY,TOW_AWAY,COLLISION_SEVERITY,NUMBER_KILLED,NUMBER_INJURED,PARTY_COUNT,PRIMARY_COLL_FACTOR,PCF_CODE_OF_VIOL,PCF_VIOL_CATEGORY,PCF_VIOLATION,PCF_VIOL_SUBSECTION,HIT_AND_RUN,TYPE_OF_COLLISION,MVIW,PED_ACTION,ROAD_SURFACE,ROAD_COND_1,ROAD_COND_2,LIGHTING,CONTROL_DEVICE,CHP_ROAD_TYPE,PEDESTRIAN_ACCIDENT,BICYCLE_ACCIDENT,MOTORCYCLE_ACCIDENT,TRUCK_ACCIDENT,NOT_PRIVATE_PROPERTY,ALCOHOL_INVOLVED,STWD_VEHTYPE_AT_FAULT,CHP_VEHTYPE_AT_FAULT,COUNT_SEVERE_INJ,COUNT_VISIBLE_INJ,COUNT_COMPLAINT_PAIN,COUNT_PED_KILLED,COUNT_PED_INJURED,COUNT_BICYCLIST_KILLED,COUNT_BICYCLIST_INJURED,COUNT_MC_KILLED,COUNT_MC_INJURED,PRIMARY_RAMP,SECONDARY_RAMP,LATITUDE,LONGITUDE,COUNTY,CITY,POINT_X,POINT_Y
90929417,2019,2/19/2019,9625,2/7/2019,1315,17432,,4,1,9,1300,0,1,3,,1,44,STATE ROUTE 86 N/B,LEGION ROAD,1467,S,N,A,-,Y,,,86,,,,,,N,Y,4,0,1,1,A,-,8,22107,,N,E,I,A,A,H,-,A,D,0,,,,,Y,,A,1,0,0,1,0,0,0,0,0,0,- ,- ,32.95623016,-115.5529785,IMPERIAL,UNINCORPORATED,-115.5530853,32.95637131
90931459,2019,2/21/2019,9625,2/11/2019,753,13627,,1,1,9,1300,0,1,3,,1,54,STATE ROUTE 111,ATEN ROAD,1066,S,N,B,-,Y,,,111,,,,,,,Y,4,0,1,5,A,-,4,21703,,N,C,C,A,A,H,-,A,D,0,,,,,Y,,A,1,0,0,1,0,0,0,0,0,0,- ,- ,32.82276154,-115.5001297,IMPERIAL,UNINCORPORATED,-115.5002441,32.82276154
90932047,2019,2/22/2019,9625,2/15/2019,1950,17809,,5,2,9,1300,0,1,3,,1,12,STATE ROUTE 86 SB,SUNRISE DRIVE,0,,Y,A,-,Y,,,,,,,,,,Y,2,0,2,2,A,-,9,21802,A,N,D,C,A,A,H,-,D,A,0,,,,,Y,,A,7,1,1,0,0,0,0,0,0,0,- ,- ,33.28475952,-115.9636078,IMPERIAL,UNINCORPORATED,,
90933005,2019,2/25/2019,9625,2/15/2019,1640,19035,,5,2,9,1300,0,1,3,,2,53,SR-111 N/B,MCCABE ROAD,45,S,N,A,-,Y,,,111,,,,,,N,N,3,0,1,2,A,-,3,22350,,N,C,C,A,A,H,-,B,A,0,,,,,Y,,A,1,0,1,0,0,0,0,0,0,0,- ,- ,32.75149918,-115.5005035,IMPERIAL,UNINCORPORATED,-115.5007553,32.75149918
90934045,2019,2/26/2019,9625,2/21/2019,1641,18773,,4,2,9,1300,0,1,3,,2,55,SR-115,BRIDENSTEIN ROAD,950,E,N,B,-,Y,,,115,,,,,,,Y,3,0,1,1,A,-,8,22107,,N,F,A,A,A,H,-,A,D,0,,,,,Y,,A,1,0,1,0,0,0,0,0,0,0,- ,- ,32.81106949,-115.3517303,IMPERIAL,UNINCORPORATED,-115.3517303,32.81113434
90939667,2019,3/5/2019,9620,2/27/2019,827,16222,,3,1,9,1300,0,1,3,,1,62,SR-186,ALL AMERICAN CANAL,12,N,N,A,-,Y,,,186,,,,,,,Y,3,0,3,2,A,-,5,21650,,N,A,C,A,A,H,-,A,D,0,,,,,Y,,A,1,0,2,1,0,0,0,0,0,0,- ,- ,32.73738861,-114.7169418,IMPERIAL,UNINCORPORATED,-114.7170334,32.73731232
90940476,2019,3/6/2019,9625,2/28/2019,400,19225,,4,3,9,1300,0,1,1,,2,3,INTERSTATE 8 (EASTBOUND),SILSBEE ROAD,3168,W,N,A,-,Y,,,8,,,,,,,Y,4,0,1,1,A,-,1,23152,A,N,F,A,A,A,H,-,D,D,0,,,,,Y,Y,D,22,0,0,1,0,0,0,0,0,0,- ,- ,32.77373886,-115.6565475,IMPERIAL,UNINCORPORATED,-115.6565475,32.7737999
90941183,2019,3/6/2019,9625,2/24/2019,555,17727,,7,3,9,1300,0,1,3,,2,23,SR-115,WIEST ROAD,4752,W,N,A,-,Y,,,115,,,,,,,Y,3,0,1,1,A,-,8,22107,,N,F,A,A,A,H,-,D,D,0,,,,,Y,,A,7,0,1,0,0,0,0,0,0,0,- ,- ,33.12549973,-115.4661026,IMPERIAL,UNINCORPORATED,-115.4661026,33.12562561
90941738,2019,6/17/2019,9620,1/28/2019,2255,18703,,1,3,9,1300,0,2,4,,1,61,S-34 (OGILBY ROAD),SR-78,20592,S,N,A,-,N,,,,,,,,,,Y,1,1,0,1,A,-,8,22107,,N,E,I,A,A,H,-,D,D,0,,,,,Y,,A,1,0,0,0,0,0,0,0,0,0,- ,- ,33.03179932,-114.9039307,IMPERIAL,UNINCORPORATED,-114.9039841,33.03179169
90941984,2019,3/7/2019,9625,2/26/2019,1545,18930,,2,2,9,1300,0,1,3,,1,21,"SR-111, S/B",HOOBER ROAD,5,N,N,A,-,Y,,,111,,,,,,S,Y,2,0,2,1,A,-,8,22107,,N,E,I,A,A,H,-,A,D,0,,,,,Y,,D,22,1,1,0,0,0,0,0,0,0,- ,- ,33.16910172,-115.518898,IMPERIAL,UNINCORPORATED,-115.5190582,33.16910172
90944782,2019,3/12/2019,9625,2/28/2019,625,17432,,4,1,9,1300,0,1,3,,1,54,SR-111 (S/B),KEYSTONE ROAD,1056,N,N,A,-,Y,,,111,,,,,,,Y,2,0,1,1,A,-,8,22107,,N,F,A,A,A,H,-,A,A,0,,,,,Y,,D,22,1,0,0,0,0,0,0,0,0,- ,- ,32.91539001,-115.509201,IMPERIAL,UNINCORPORATED,-115.5091324,32.91539001
90946072,2019,3/14/2019,9625,3/4/2019,754,13627,,1,1,9,1300,0,3,5,,2,50,OLD HIGHWAY 111,IVC NORTH PARKING LOT ENTRANCE,0,,Y,B,-,N,,,,,,,,,,Y,2,0,2,2,A,-,9,21802,A,N,D,C,A,A,H,-,A,A,0,,,,,Y,,A,1,1,1,0,0,0,0,0,0,0,- ,- ,32.83140945,-115.5012665,IMPERIAL,UNINCORPORATED,,
90946575,2019,3/14/2019,9625,3/5/2019,804,13627,,2,1,9,1300,0,3,5,,2,50,SINGH ROAD,ROSS ROAD,0,,Y,B,-,N,,,,,,,,,,N,3,0,1,2,A,-,9,21802,A,F,D,C,A,A,H,-,A,A,0,,,,,Y,,A,1,0,1,0,0,0,0,0,0,0,- ,- ,32.7815094,-115.5024109,IMPERIAL,UNINCORPORATED,-115.5023804,32.78149033
90954394,2019,3/27/2019,9625,3/21/2019,2230,20054,,4,3,9,1300,0,3,5,,2,40,CLARK ROAD,WILLOUGHBY ROAD,188,N,N,A,-,N,,,,,,,,,,Y,3,0,1,1,A,-,1,23152,A,N,E,I,A,A,H,-,D,D,0,,,,,Y,Y,A,7,0,1,0,0,0,0,0,0,0,- ,- ,32.70796967,-115.5599289,IMPERIAL,UNINCORPORATED,-115.5599747,32.70901871
90955590,2019,3/28/2019,9625,3/22/2019,550,18279,,5,3,9,1300,0,3,5,,2,50,MCCABE RD,BOWKER RD,0,,Y,A,-,N,,,,,,,,,,Y,4,0,1,2,A,-,9,21802,A,N,D,C,A,A,H,-,B,A,0,,,,,Y,,D,22,0,0,1,0,0,0,0,0,0,- ,- ,32.7521286,-115.9649811,IMPERIAL,UNINCORPORATED,-115.4650192,32.75210953
90959005,2019,4/11/2019,9625,3/22/2019,1720,19667,,5,2,9,1300,0,1,3,,1,12,SR-86 S/B,BLACK DIAMOND ROAD,0,,Y,A,-,Y,,,86,,,,,,S,Y,2,0,7,2,A,-,9,21802,A,N,D,C,A,A,H,-,A,A,0,,,,,Y,,A,7,3,4,0,0,0,0,0,0,0,- ,- ,33.35792923,-116.0188904,IMPERIAL,UNINCORPORATED,-116.0189896,33.35789871
90961444,2019,4/4/2019,9625,3/25/2019,1235,17432,,1,1,9,1300,0,1,1,,2,6,INTERSTATE 8 (W/B),ORCHARD ROAD,1584,W,N,A,-,Y,,,8,,,,,,,N,4,0,1,2,A,-,3,22350,,N,C,C,A,A,H,-,A,D,0,,,,,Y,,A,1,0,0,1,0,0,0,0,0,0,- ,- ,32.77342987,-115.3900681,IMPERIAL,UNINCORPORATED,-115.3900681,32.7734642
90963263,2019,4/8/2019,9625,3/29/2019,640,16248,,5,1,9,1300,0,1,3,,1,54,SR-111 N/B,EVAN HEWES HIGHWAY,239,S,N,A,-,Y,,,111,,,,,,N,Y,4,0,2,2,A,-,3,22350,,N,C,C,A,A,H,-,A,A,0,,,,,Y,,A,1,0,0,2,0,0,0,0,0,0,- ,- ,32.79880905,-115.5005493,IMPERIAL,UNINCORPORATED,-115.5006256,32.79880905
90963556,2019,4/8/2019,9625,3/29/2019,1455,17727,,5,2,9,1300,0,1,3,,2,13,SR-78,OLD MINE ROAD,3190,E,N,A,-,Y,,,78,,,,,,,Y,3,0,1,1,C,-,18,,,N,F,A,A,A,H,-,A,D,0,,,Y,,Y,,-,- ,0,1,0,0,0,0,0,0,1,- ,- ,33.1257019,-116.0445023,IMPERIAL,UNINCORPORATED,-116.0445023,33.12572479
90963579,2019,4/8/2019,9625,3/31/2019,957,13627,,7,1,9,1300,0,3,5,,2,50,HARRIS ROAD,CASEY ROAD,24,E,N,A,-,N,,,,,,,,,,Y,4,0,1,1,A,-,8,22107,,N,F,A,A,A,H,-,A,D,0,,,Y,,Y,,C,2,0,0,1,0,0,0,0,0,1,- ,- ,32.88364029,-115.4232712,IMPERIAL,UNINCORPORATED,-115.4233017,32.8835907
90963971,2019,4/9/2019,9625,3/29/2019,1350,19667,,5,1,9,1300,0,3,5,,2,40,CLARK ROAD,KUBLER ROAD,1256,S,N,A,-,N,,,,,,,,,,Y,2,0,1,2,A,-,9,21804,A,N,D,C,A,A,H,-,A,D,0,,,,,Y,,M,46,1,0,0,0,0,0,0,0,0,- ,- ,32.69042969,-115.5597763,IMPERIAL,UNINCORPORATED,-115.5597534,32.69048691
90964818,2019,4/10/2019,9625,3/31/2019,143,22010,,7,3,9,1300,0,2,4,,2,46,DOGWOOD ROAD S/B,MCCABE ROAD,528,S,N,A,-,N,,,,,,,,,,Y,4,0,1,1,A,-,1,23152,A,N,F,A,A,A,H,-,C,D,0,,,Y,,Y,Y,C,2,0,0,1,0,0,0,0,0,1,- ,- ,32.75204849,-115.5349884,IMPERIAL,UNINCORPORATED,-115.5347977,32.75093079
90966291,2019,5/7/2019,9625,4/5/2019,942,17731,,5,1,9,1300,0,2,4,,2,47,FORRESTER ROAD,LARSEN ROAD,30,S,N,A,-,N,,,,,,,,,,Y,3,0,2,2,A,-,3,22350,,N,C,C,A,A,H,-,A,D,0,,,,,Y,,J,48,0,1,1,0,0,0,0,0,0,- ,- ,32.87619019,-115.6209869,IMPERIAL,UNINCORPORATED,-115.6210403,32.87619781
90966696,2019,4/12/2019,9625,4/7/2019,1945,17809,,7,2,9,1300,0,1,3,,2,25,STATE ROUTE 78,HASTAIN ROAD,400,W,N,A,-,Y,,,78,,,,,,,Y,2,0,1,1,A,-,8,22107,,N,F,A,A,A,H,-,D,A,0,,,,,Y,,A,1,1,0,0,0,0,0,0,0,0,- ,- ,32.97454834,-115.4078369,IMPERIAL,UNINCORPORATED,-115.4077682,32.9744606
90966720,2019,4/12/2019,9620,4/10/2019,1700,18703,,3,2,9,1300,0,2,4,,1,75,QUECHAN RD,QUECHAN DR,405,W,N,A,-,N,,,,,,,,,,N,4,0,1,2,A,-,8,22107,,F,A,G,A,A,H,-,A,D,0,,Y,,,Y,,A,7,0,0,1,0,0,0,1,0,0,- ,- ,32.73030853,-114.6162262,IMPERIAL,UNINCORPORATED,-114.6162338,32.73020554
90967768,2019,4/15/2019,9625,4/7/2019,715,13627,,7,1,9,1300,0,1,3,,1,51,STATE ROUTE 7 N/B,HEBER ROAD,4311,N,N,B,-,Y,,,7,,,,,,N,Y,4,0,1,1,A,-,8,22107,,N,F,A,A,A,H,-,A,D,0,,,,,Y,,A,1,0,0,1,0,0,0,0,0,0,- ,- ,32.74282074,-115.3828583,IMPERIAL,UNINCORPORATED,-115.3829727,32.74282074
90968963,2019,4/16/2019,9625,4/5/2019,1250,19886,,5,1,9,1300,0,1,3,,1,11,SR-86 S/B,LACK ROAD,0,,Y,A,-,Y,,,,,,,,,,Y,2,0,1,1,A,-,8,22107,,N,E,I,A,A,H,-,A,D,0,,,,,Y,,A,1,1,0,0,0,0,0,0,0,0,- ,- ,33.21300125,-115.3850098,IMPERIAL,UNINCORPORATED,,
90969857,2019,4/17/2019,9625,4/8/2019,1636,18930,,1,2,9,1300,0,2,4,,2,46,DOGWOOD ROAD,WILLOUGHBY ROAD,0,,Y,A,-,N,,,,,,,,,,Y,3,0,2,2,A,-,1,23152,A,F,D,C,A,A,H,-,A,A,0,,,,,Y,Y,A,1,0,1,1,0,0,0,0,0,0,- ,- ,32.70840073,-115.5341034,IMPERIAL,UNINCORPORATED,-115.5340805,32.70845032
90970381,2019,4/18/2019,9625,4/11/2019,1250,17731,,4,1,9,1300,0,2,4,,2,45,EVAN HEWES HIGHWAY,AUSTIN ROAD,1056,W,N,A,-,N,,,,,,,,,,Y,4,0,1,2,A,-,8,22107,,N,D,C,A,A,H,-,A,D,0,,,,,Y,,A,1,0,0,1,0,0,0,0,0,0,- ,- ,32.79655075,-115.5976563,IMPERIAL,UNINCORPORATED,-115.5983887,32.79657364
90974539,2019,4/24/2019,9625,4/12/2019,635,17432,,5,1,9,1300,0,1,3,,1,44,STATE ROUTE 86,AUSTIN ROAD,0,,Y,A,-,Y,,,86,,,,,,,Y,4,0,3,2,A,-,9,21802,A,N,D,C,A,A,H,-,A,A,0,,,,,Y,,A,1,0,0,3,0,0,0,0,0,0,- ,- ,32.95043945,-115.5671234,IMPERIAL,UNINCORPORATED,-115.5670929,32.95036697
90974615,2019,4/24/2019,9620,4/20/2019,955,18247,,6,1,9,1300,0,1,3,,1,63,SR-78 W/B,OGILBY RD,3168,E,N,A,-,N,,,78,,,,,,W,N,4,0,1,1,A,-,3,22350,,N,E,I,A,A,H,-,A,D,0,,,,,Y,,E,22,0,0,1,0,0,0,0,0,0,- ,- ,33.09212875,-114.9028778,IMPERIAL,UNINCORPORATED,-114.9029236,33.09216309
90979894,2019,5/1/2019,9625,2/25/2019,1250,18279,,1,1,9,1300,0,3,5,,2,40,CLARK ROAD,PALMVIEW AVENUE,220,S,N,A,-,N,,,,,,,,,,Y,1,1,0,2,A,-,9,21804,A,N,D,C,A,A,H,-,A,D,0,,,Y,,Y,,A,1,0,0,0,0,0,0,0,1,0,- ,- ,32.75577927,-115.5606384,IMPERIAL,UNINCORPORATED,-115.5606766,32.75593948
90988280,2019,5/14/2019,9625,5/4/2019,357,20054,,6,3,9,1300,0,1,1,,2,1,I-8 E/B,IN-KO-PAH PARK ROAD,6072,E,N,A,-,Y,,,,,,,,,,Y,3,0,4,1,A,-,3,22350,,N,E,I,A,A,H,-,D,D,0,,,,,Y,,A,7,0,4,0,0,0,0,0,0,0,- ,- ,32.65077972,-116.0969009,IMPERIAL,UNINCORPORATED,,
90989125,2019,5/15/2019,9625,5/6/2019,2140,19886,,1,2,9,1300,0,2,4,,2,46,DOGWOOD ROAD,NECKEL ROAD,80,S,N,G,-,N,,,,,,,,,,Y,4,0,1,2,A,-,8,22107,,N,B,C,A,A,H,-,D,D,0,,,,,Y,,A,1,0,0,1,0,0,0,0,0,0,- ,- ,32.51412964,-115.3280487,IMPERIAL,UNINCORPORATED,-115.5355911,32.86156082
90989771,2019,5/16/2019,9625,5/6/2019,805,13627,,1,1,9,1300,0,3,5,,2,50,BOWKER ROAD,HEBER ROAD,1698,S,N,A,-,N,,,,,,,,,,Y,3,0,2,4,A,-,5,21650,,N,B,C,A,A,H,-,A,D,0,,,,,Y,,D,22,0,2,0,0,0,0,0,0,0,- ,- ,32.72861862,-115.4650116,IMPERIAL,UNINCORPORATED,-115.4650574,32.72571182
90989867,2019,5/16/2019,9625,5/13/2019,1520,18279,,1,2,9,1300,0,1,3,,2,53,"SR-111, S/B",EVAN HEWES HIGHWAY,200,N,N,A,-,Y,,,111,,,,,,S,N,4,0,1,2,A,-,3,22350,,N,C,C,A,A,H,-,A,A,0,,,,,Y,,A,1,0,0,1,0,0,0,0,0,0,- ,- ,32.80049896,-115.5006027,IMPERIAL,UNINCORPORATED,-115.5005493,32.80049896
90994132,2019,5/22/2019,9625,5/11/2019,1030,17727,,6,1,9,1300,0,1,1,,2,4,I-8 (W/B),DREW ROAD,1750,W,N,A,-,Y,,,8,,,,,,,Y,4,0,2,1,A,-,8,22107,,N,F,I,A,A,H,-,A,D,0,,,,Y,Y,,G,27,0,0,2,0,0,0,0,0,0,- ,- ,32.77410126,-115.6968994,IMPERIAL,UNINCORPORATED,-115.6968994,32.77411652
90995789,2019,5/24/2019,9625,5/14/2019,2022,19668,,2,2,9,1300,0,1,3,,1,11,STATE ROUTE 86 NORTHBOUND,BRANDT ROAD,735,N,N,A,-,Y,,,86,,,,,,N,N,2,0,1,2,D,-,0,,,F,G,B,E,A,H,-,C,D,0,Y,,,,Y,,-,- ,1,0,0,0,1,0,0,0,0,- ,- ,32.97924042,-115.5639877,IMPERIAL,UNINCORPORATED,-115.5639877,32.97914886
91001690,2019,6/3/2019,9625,5/21/2019,748,13627,,2,1,9,1300,0,3,5,,2,50,BOWKER ROAD,EVAN HEWES HWY,0,,Y,B,G,N,,,,,,,,,,Y,4,0,1,2,A,-,9,21802,A,N,D,C,A,A,H,-,A,D,0,,,,,Y,,A,1,0,0,1,0,0,0,0,0,0,- ,- ,32.80323029,-115.4737701,IMPERIAL,UNINCORPORATED,-115.473793,32.80337906
91003331,2019,6/4/2019,9625,5/24/2019,700,20111,,5,1,9,1300,0,2,4,,2,46,DOGWOOD ROAD,RALPH ROAD,1200,N,N,A,-,N,,,,,,,,,,Y,4,0,1,1,A,-,8,22107,,N,E,I,A,A,H,-,A,A,0,,,,,Y,,A,1,0,0,1,0,0,0,0,0,0,- ,- ,32.87324905,-115.5356674,IMPERIAL,UNINCORPORATED,-115.5355682,32.87242889
91003748,2019,6/5/2019,9625,4/22/2019,2500,20516,,1,4,9,1300,0,1,1,,2,1,"I-8, E/B",STATE ROUTE 98,8606,W,N,A,-,Y,,,8,,,,,,E,Y,1,1,0,1,A,-,8,22107,,N,F,I,A,A,H,-,D,D,0,,,,,Y,Y,A,7,0,0,0,0,0,0,0,0,0,- ,- ,32.72026825,-116.0468521,IMPERIAL,UNINCORPORATED,-116.0468216,32.72021103
91003782,2019,6/5/2019,9625,5/26/2019,115,21107,,7,3,9,1300,0,3,5,,2,10,AUSTIN ROAD,KEYSTONE ROAD,5174,N,N,A,-,N,,,,,,,,,,Y,2,0,1,1,A,-,8,22107,,N,E,J,A,A,H,-,C,D,0,,,,,Y,,A,1,1,0,0,0,0,0,0,0,0,- ,- ,32.92647171,-115.5948334,IMPERIAL,UNINCORPORATED,-115.5946808,32.92663574
91005873,2019,6/7/2019,9620,5/30/2019,1717,20738,,4,2,9,1300,0,1,3,,1,62,SR-186,I-8 EASTBOUND,6864,S,N,A,-,Y,,,186,,,,,,,Y,3,0,5,2,A,-,3,22350,,N,C,C,A,A,H,-,A,D,0,,,,,Y,,D,22,0,2,3,0,0,0,0,0,0,- ,- ,32.72681046,-114.721283,IMPERIAL,UNINCORPORATED,-114.7211533,32.72669983
91014632,2019,6/20/2019,9625,6/10/2019,1425,19035,,1,2,9,1300,0,1,1,,2,3,I-8 EASTBOUND,SILSBEE ROAD,4252,W,N,A,-,Y,,,8,,,,,,E,Y,2,0,2,1,A,-,8,22107,,N,E,I,A,A,H,-,A,D,0,,,,,Y,,A,1,2,0,0,0,0,0,0,0,0,- ,- ,32.77370071,-115.661499,IMPERIAL,UNINCORPORATED,-115.661499,32.7737999
91015357,2019,6/21/2019,9625,6/17/2019,200,20111,,1,3,9,1300,0,1,1,,2,1,I-8 E/B,MOUNTAIN SPRINGS ROAD,4176,W,N,A,-,Y,,,8,,,,,,E,Y,2,0,1,1,A,-,8,22107,,N,E,I,A,A,H,-,D,D,0,,,,,Y,,A,7,1,0,0,0,0,0,0,0,0,- ,- ,32.6718483,-116.1058884,IMPERIAL,UNINCORPORATED,-116.1058807,32.67185593
91017857,2019,6/26/2019,9625,6/20/2019,2210,21107,,4,3,9,1300,0,3,5,,2,50,ROSS ROAD,BASS COVE ROAD,350,E,N,A,G,N,,,,,,,,,,Y,2,0,1,2,A,-,8,22107,,F,E,I,A,A,H,-,D,D,0,,,Y,,Y,,-,99,1,0,0,0,0,0,0,0,1,- ,- ,32.7815094,-115.5201874,IMPERIAL,UNINCORPORATED,-115.520195,32.78149033
91021707,2019,7/1/2019,9625,6/20/2019,2320,22010,,4,3,9,1300,0,1,1,,2,5,I-8 E/B,SR-98,2957,W,N,A,-,Y,,,8,,,,,,E,Y,4,0,1,1,A,-,8,22107,,N,E,I,A,A,D,-,D,D,0,,,,,Y,,A,7,0,0,1,0,0,0,0,0,0,- ,- ,32.71358109,-115.0984497,IMPERIAL,UNINCORPORATED,-115.0985031,32.71341705
91022191,2019,8/26/2019,9620,6/18/2019,1915,16222,,2,2,9,1300,0,1,1,,2,82,INTERSTATE 8 E/B,WINTERHAVEN DR / 4TH AVE,2179,E,N,A,-,Y,,,,,,,,,,Y,2,0,4,4,A,-,8,22107,,M,B,C,A,A,H,-,A,D,0,,,Y,,Y,,C,2,3,1,0,0,0,0,0,0,4,- ,- ,,,IMPERIAL,UNINCORPORATED,,
91023244,2019,7/2/2019,9625,6/30/2019,1214,18207,,7,1,9,1300,0,1,1,,2,1,I-8 E/B,IN-KO-PAH PARK RD,5280,E,N,A,-,Y,,,8,,,,,,E,Y,2,0,2,1,C,-,18,,,N,E,J,A,A,H,-,A,D,0,,,,,Y,,-,- ,1,1,0,0,0,0,0,0,0,- ,- ,32.65885925,-116.0974579,IMPERIAL,UNINCORPORATED,-116.0974503,32.65886688
91025211,2019,7/5/2019,9620,7/2/2019,650,16222,,2,1,9,1300,0,2,4,,1,61,OGILBY RD,STATE ROUTE 78,0,,Y,A,-,Y,,,,,,,,,,Y,3,0,1,1,A,-,12,22450,A,N,E,I,A,A,H,-,A,A,0,,,,,Y,,A,1,0,1,0,0,0,0,0,0,0,- ,- ,33.08549881,-114.9112015,IMPERIAL,UNINCORPORATED,-114.9113617,33.08549118
91026643,2019,7/8/2019,9625,6/28/2019,242,21107,,5,3,9,1300,0,1,3,,1,44,SR-86,LARSEN ROAD,0,,Y,A,-,Y,,,86,,,,,,,Y,2,0,3,2,A,-,1,23152,A,N,D,C,A,A,H,-,D,A,0,,,,,Y,Y,A,1,2,1,0,0,0,0,0,0,0,- ,- ,32.87646866,-115.5701599,IMPERIAL,UNINCORPORATED,-115.5702362,32.87646866
91026650,2019,7/8/2019,9625,6/28/2019,1553,18279,,5,2,9,1300,0,1,3,,1,11,"SR-86, S/B",BARTH RD,2112,S,N,A,-,Y,,,86,,,,,,S,Y,3,0,1,1,A,-,1,23152,A,N,E,I,A,A,H,-,A,D,0,,,,,Y,Y,A,7,0,1,0,0,0,0,0,0,0,- ,- ,33.08599854,-115.7641983,IMPERIAL,UNINCORPORATED,-115.7641754,33.08602905
91026675,2019,7/8/2019,9625,6/29/2019,450,20516,,6,3,9,1300,0,1,3,,1,12,N/B SR-86,BRAWLEY AVENUE,1263,N,N,B,-,Y,,,86,,,,,,,Y,3,0,1,1,A,-,8,22107,,N,F,A,A,A,H,-,D,D,0,,,,,Y,,A,8,0,1,0,0,0,0,0,0,0,- ,- ,33.37757874,-116.0277023,IMPERIAL,UNINCORPORATED,-116.0276031,33.37766266
91028552,2019,7/10/2019,9625,7/6/2019,455,20054,,6,3,9,1300,0,1,3,,2,53,SR-111 S/B,MCCABE ROAD,162,N,N,A,-,Y,,,111,,,,,,S,Y,3,0,1,2,A,-,1,23152,A,N,C,C,A,A,H,-,B,A,0,,,,,Y,Y,A,7,0,1,0,0,0,0,0,0,0,- ,- ,32.75289154,-115.5008469,IMPERIAL,UNINCORPORATED,-115.5007629,32.75289154
91029302,2019,7/11/2019,9625,7/7/2019,1447,19668,,7,2,9,1300,0,1,1,,2,5,INTERSTATE 8 E/B,SR-115,998,W,N,A,-,Y,,,8,,,,,,E,Y,3,0,1,3,A,-,3,22350,,N,C,C,A,A,H,-,A,D,0,,,,,Y,,A,7,0,1,0,0,0,0,0,0,0,- ,- ,32.77323914,-115.2887573,IMPERIAL,UNINCORPORATED,-115.2887573,32.77316284
91032193,2019,7/17/2019,9625,7/14/2019,35,20111,,7,3,9,1300,0,3,5,,2,40,LA BRUCHERIE ROAD,VAN DER POEL ROAD,280,S,N,A,-,N,,,,,,,,,,Y,2,0,2,2,A,-,8,22107,,N,B,C,A,A,H,-,D,D,0,,,,,Y,,A,1,1,0,1,0,0,0,0,0,0,- ,- ,32.73731995,-115.5776672,IMPERIAL,UNINCORPORATED,-115.5776443,32.73722458
91033958,2019,7/19/2019,9625,7/11/2019,1455,17809,,4,2,9,1300,0,3,5,,2,10,S-22 (BORREGO SALTON SEA WAY),HOLLY ROAD,3484,W,N,A,-,N,,,,,,,,,,Y,2,0,4,1,A,-,8,22107,,N,F,A,A,A,H,-,A,D,0,,,,,Y,,A,7,4,0,0,0,0,0,0,0,0,- ,- ,33.2649498,-116.0177917,IMPERIAL,UNINCORPORATED,-116.0175934,33.26504135
91042010,2019,9/19/2019,9620,7/25/2019,1615,17051,,4,2,9,1300,0,1,1,,2,81,I8 WB,GORDONS WELL RD,15840,E,N,A,-,Y,,,,,,,,,,Y,1,1,0,1,A,-,8,22107,,N,E,I,A,A,H,-,A,D,0,,,,,Y,,D,22,0,0,0,0,0,0,0,0,0,- ,- ,32.69754028,-114.9009628,IMPERIAL,UNINCORPORATED,,
91046958,2019,8/7/2019,9625,7/30/2019,854,13627,,2,1,9,1300,0,1,3,,1,54,STATE ROUTE 111 SOUTHBOUND,WORTHINGTON ROAD,113,N,N,B,-,Y,,,111,,,,,,S,N,4,0,1,2,A,-,3,22350,,N,C,C,A,A,H,-,A,A,0,,,,,Y,,D,22,0,0,1,0,0,0,0,0,0,- ,- ,32.84772873,-115.5079193,IMPERIAL,UNINCORPORATED,-115.5077896,32.84777832
91050058,2019,8/12/2019,9625,8/6/2019,105,20111,,2,3,9,1300,0,1,3,,1,54,SR-111 S/B,HARRIS ROAD,6019,N,N,A,-,Y,,,111,,,,,,S,Y,4,0,1,2,A,-,1,23152,A,N,C,I,A,A,H,-,D,D,0,,,,,Y,Y,A,1,0,0,1,0,0,0,0,0,0,- ,- ,32.89511108,-115.5094986,IMPERIAL,UNINCORPORATED,-115.50914,32.89511108