CASE_ID,ACCIDENT_YEAR,PROC_DATE,JURIS,COLLISION_DATE,COLLISION_TIME,OFFICER_ID,REPORTING_DISTRICT,DAY_OF_WEEK,CHP_SHIFT,POPULATION,CNTY_CITY_LOC,SPECIAL_COND,BEAT_TYPE,CHP_BEAT_TYPE,CITY_DIVISION_LAPD,CHP_BEAT_CLASS,BEAT_NUMBER,PRIMARY_RD,SECONDARY_RD,DISTANCE,DIRECTION,INTERSECTION,WEATHER_1,WEATHER_2,STATE_HWY_IND,CALTRANS_COUNTY,CALTRANS_DISTRICT,STATE_ROUTE,ROUTE_SUFFIX,POSTMILE_PREFIX,POSTMILE,LOCATION_TYPE,RAMP_INTERSECTION,SIDE_OF_HWY,TOW_AWAY,COLLISION_SEVERITY,NUMBER_KILLED,NUMBER_INJURED,PARTY_COUNT,PRIMARY_COLL_FACTOR,PCF_CODE_OF_VIOL,PCF_VIOL_CATEGORY,PCF_VIOLATION,PCF_VIOL_SUBSECTION,HIT_AND_RUN,TYPE_OF_COLLISION,MVIW,PED_ACTION,ROAD_SURFACE,ROAD_COND_1,ROAD_COND_2,LIGHTING,CONTROL_DEVICE,CHP_ROAD_TYPE,PEDESTRIAN_ACCIDENT,BICYCLE_ACCIDENT,MOTORCYCLE_ACCIDENT,TRUCK_ACCIDENT,NOT_PRIVATE_PROPERTY,ALCOHOL_INVOLVED,STWD_VEHTYPE_AT_FAULT,CHP_VEHTYPE_AT_FAULT,COUNT_SEVERE_INJ,COUNT_VISIBLE_INJ,COUNT_COMPLAINT_PAIN,COUNT_PED_KILLED,COUNT_PED_INJURED,COUNT_BICYCLIST_KILLED,COUNT_BICYCLIST_INJURED,COUNT_MC_KILLED,COUNT_MC_INJURED,PRIMARY_RAMP,SECONDARY_RAMP,LATITUDE,LONGITUDE,COUNTY,CITY,POINT_X,POINT_Y
91057800,2019,8/22/2019,9625,8/18/2019,2246,20111,,7,3,9,1300,0,2,4,,2,57,EVAN HEWES HIGHWAY E/B,MCCONNELL ROAD,243,W,N,A,-,N,,,,,,,,,,Y,2,0,1,1,A,-,1,23152,A,N,F,A,A,A,H,-,C,D,0,,,,,Y,Y,A,1,1,0,0,0,0,0,0,0,0,- ,- ,32.80307007,-115.484581,IMPERIAL,UNINCORPORATED,-115.4847794,32.80327606
91058525,2019,8/23/2019,9625,8/16/2019,2015,19667,,5,2,9,1300,0,1,1,,2,3,I-8 E/B,IMPERIAL HIGHWAY,29568,E,N,A,-,Y,,,8,,,,,,E,Y,4,0,1,2,A,-,7,21658,A,N,C,C,A,A,H,-,D,D,0,,,,,Y,,A,1,0,0,1,0,0,0,0,0,0,- ,- ,32.7514801,-115.8990631,IMPERIAL,UNINCORPORATED,-115.8990631,32.7514801
91059184,2019,8/26/2019,9625,8/21/2019,511,21107,,3,3,9,1300,0,2,4,,2,47,FORRESTER ROAD,HACKLEMAN ROAD,0,,Y,A,-,N,,,,,,,,,,Y,3,0,1,2,A,-,9,21802,A,N,D,C,A,A,H,-,D,A,0,,,,,Y,,A,1,0,1,0,0,0,0,0,0,0,- ,- ,32.81098938,-115.6206512,IMPERIAL,UNINCORPORATED,-115.6206589,32.81110001
91061625,2019,8/28/2019,9620,8/26/2019,1253,19582,,1,1,9,1300,0,2,4,,1,61,OGILBY RD,HYDUKE MINE RD.,1584,S,N,A,-,N,,,,,,,,,,Y,4,0,1,1,A,-,8,22107,,N,E,J,A,A,H,-,A,A,0,,,,,Y,,D,22,0,0,1,0,0,0,0,0,0,- ,- ,32.92858887,-117.8429337,IMPERIAL,UNINCORPORATED,-114.8431778,32.92865753
91062694,2019,8/29/2019,9625,6/7/2019,830,18279,,5,1,9,1300,0,1,1,,2,1,"I-8, E/B",IN-KO-PAH PARK RD.,1584,E,N,A,-,Y,,,8,,,,,,E,Y,1,1,2,1,A,-,8,22107,,N,F,A,A,A,H,-,A,D,0,,,,,Y,,A,7,2,0,0,0,0,0,0,0,0,- ,- ,32.64860153,-116.1029968,IMPERIAL,UNINCORPORATED,-116.1031189,32.64870453
9106596,2020,6/30/2020,1301,3/7/2020,2019,434,BRAW,6,5,3,1301,0,0,0,,0,0B2,DOGWOOD RD,MONTEREY AV,212,S,N,A,-,N,,,,,,,,,,Y,2,0,2,2,A,-,8,22107,,N,D,C,A,A,H,-,D,D,0,,,,,Y,,A,1,1,0,1,0,0,0,0,0,0,- ,- ,,,IMPERIAL,BRAWLEY,-115.5351105,32.96229172
91065965,2019,9/3/2019,9625,8/21/2019,1305,17727,,3,1,9,1300,0,1,3,,1,12,SR-86 (S/B),SOUTH MARINA DRIVE,0,,N,A,-,Y,,,86,,,,,,,Y,4,0,2,3,A,-,7,21658,A,N,C,C,A,A,H,-,A,A,0,,,,Y,Y,,D,22,0,0,2,0,0,0,0,0,0,- ,- ,33.27939987,-115.9645996,IMPERIAL,UNINCORPORATED,-115.9646149,33.27939224
91067167,2019,9/4/2019,9625,8/25/2019,1300,17727,,7,1,9,1300,0,1,3,,1,11,SR-86 (N/B),SR-78,2275,S,N,A,-,Y,,,86,,,,,,,N,4,0,2,2,A,-,3,22350,,N,C,C,A,A,H,-,A,D,0,,,,,Y,,D,22,0,0,2,0,0,0,0,0,0,- ,- ,33.12020111,-115.8516006,IMPERIAL,UNINCORPORATED,-115.8515778,33.12021637
9106828,2020,10/21/2020,1304,5/20/2020,1912,339,EEAST,3,5,4,1304,0,0,0,,0,EAST,4TH,WENSLEY AV,6,S,N,A,-,Y,IMP,11,86,-,-,6.704,I,5,S,N,2,0,1,2,A,-,12,22450,A,N,D,G,A,A,H,-,A,D,0,,Y,,,Y,,L,4,1,0,0,0,0,0,1,0,0,- ,- ,,,IMPERIAL,EL CENTRO,-115.552475,32.78401566
91069168,2019,9/6/2019,9625,8/28/2019,1535,19667,,3,2,9,1300,0,1,3,,1,44,SR-86 SOUTHBOUND,KEYSTONE ROAD,30,N,N,A,-,Y,,,86,,,,,,S,Y,4,0,2,3,A,-,8,22107,,N,C,C,A,A,H,-,A,A,0,,,,,Y,,A,7,0,0,2,0,0,0,0,0,0,- ,- ,32.91268921,-115.5701218,IMPERIAL,UNINCORPORATED,-115.5700607,32.91268921
91070803,2019,9/9/2019,9625,8/30/2019,2235,20516,,5,3,9,1300,0,1,3,,1,44,S/B SR-86,WEST CAREY ROAD,373,N,N,A,-,Y,,,86,,,,,,,Y,3,0,2,2,A,-,3,22350,,N,C,C,A,A,H,-,D,D,0,,,,,Y,,A,1,0,2,0,0,0,0,0,0,0,- ,- ,32.92818069,-115.5701065,IMPERIAL,UNINCORPORATED,-115.5700378,32.92818069
91071412,2019,9/10/2019,9625,9/2/2019,350,20516,,1,3,9,1300,0,1,3,,1,12,SR-86 S/B,COOMBS ROAD,1816,S,N,B,-,Y,,,86,,,,,,S,Y,3,0,2,2,A,-,1,23152,A,N,C,C,A,A,H,-,D,D,0,,,,,Y,Y,A,1,0,2,0,0,0,0,0,0,0,- ,- ,33.31884003,-115.9936981,IMPERIAL,UNINCORPORATED,-115.9938736,33.31871033
91078913,2019,9/19/2019,9625,9/10/2019,1540,18773,,2,2,9,1300,0,3,5,,2,40,CLARK ROAD,MCCABE ROAD,0,,Y,A,-,N,,,,,,,,,,Y,4,0,1,2,A,-,9,21802,A,N,D,C,A,A,H,-,A,A,0,,,,,Y,,A,1,0,0,1,0,0,0,0,0,0,- ,- ,32.75239182,-115.560463,IMPERIAL,UNINCORPORATED,-115.5604935,32.75244141
91080386,2019,9/23/2019,9625,9/13/2019,1512,18279,,5,2,9,1300,0,1,3,,2,24,SR-78,GREEN RD,118,W,N,A,-,Y,,,78,,,,,,,Y,4,0,1,2,A,-,3,22350,,N,C,C,A,A,H,-,A,D,0,,,,,Y,,A,1,0,0,1,0,0,0,0,0,0,- ,- ,32.97481918,-115.3240585,IMPERIAL,UNINCORPORATED,-115.3240585,32.97476196
91080519,2019,9/23/2019,9625,9/17/2019,537,21107,,2,3,9,1300,0,1,3,,2,53,STATE ROUTE 111 NORTHBOUND,ROSS ROAD,0,,Y,A,-,Y,,,111,,,,,,N,Y,3,0,1,2,A,-,3,22350,,N,C,C,A,A,H,-,C,A,0,,,,,Y,,A,1,0,1,0,0,0,0,0,0,0,- ,- ,32.78147125,-115.5013504,IMPERIAL,UNINCORPORATED,-115.5015106,32.78146744
91081064,2019,9/23/2019,9625,9/13/2019,2130,18930,,5,2,9,1300,0,3,5,,2,50,ANDERHOLT ROAD,JASPER ROAD,36,S,N,A,-,N,,,,,,,,,,Y,4,0,1,1,A,-,8,22107,,N,F,A,A,A,H,-,C,D,0,,,Y,,Y,,C,2,0,0,1,0,0,0,0,0,1,- ,- ,32.70809174,-115.4142532,IMPERIAL,UNINCORPORATED,-115.4142609,32.70827103
91083137,2019,9/25/2019,9625,8/31/2019,1725,17432,,6,2,9,1300,0,1,3,,1,54,STATE ROUTE 111 S/B,WORTHINGTON ROAD,0,,Y,A,-,Y,,,111,,,,,,S,Y,2,0,7,2,A,-,12,21453,A,N,D,C,A,A,H,-,A,A,0,,,,,Y,,A,1,4,1,2,0,0,0,0,0,0,- ,- ,32.84735107,-115.5077591,IMPERIAL,UNINCORPORATED,-115.5076447,32.84740067
91085904,2019,9/27/2019,9625,9/25/2019,1516,18773,,3,2,9,1300,0,3,5,,2,50,PITZER ROAD,MCCABE ROAD,11,N,N,C,-,N,,,,,,,,,,Y,4,0,2,2,A,-,3,22350,,N,B,C,A,B,F,-,A,A,0,,,,,Y,,A,1,0,0,2,0,0,0,0,0,0,- ,- ,32.75255966,-115.5176163,IMPERIAL,UNINCORPORATED,-115.5176315,32.752491
91093367,2019,10/9/2019,9625,9/27/2019,1233,19667,,5,1,9,1300,0,2,4,,2,46,DOGWOOD RD,HARRIS RD.,3168,N,N,A,-,N,,,,,,,,,,Y,3,0,2,2,A,-,1,23153,A,N,A,C,A,A,H,-,A,D,0,,,,,Y,Y,D,22,0,1,1,0,0,0,0,0,0,- ,- ,32.89271927,-115.5354996,IMPERIAL,UNINCORPORATED,-115.5354996,32.89230728
91093704,2019,10/9/2019,9625,9/29/2019,550,17432,,7,3,9,1300,0,1,1,,2,1,INTERSTATE 8 (E/B),IN KO PAH ROAD,2640,E,N,A,-,Y,,,8,,,,,,,Y,3,0,1,1,A,-,8,22107,,N,E,I,A,A,H,-,A,D,0,,,,,Y,,A,1,0,1,0,0,0,0,0,0,0,- ,- ,32.64987946,-116.1021881,IMPERIAL,UNINCORPORATED,-116.1021576,32.64985275
91094665,2019,10/10/2019,9625,9/30/2019,2100,18279,,1,2,9,1300,0,1,3,,2,24,SR-78,SR-111,1056,E,N,A,-,Y,,,78,,,,,,,Y,3,0,2,2,A,-,3,22350,,N,C,C,A,A,H,-,D,D,0,,,,,Y,,A,1,0,2,0,0,0,0,0,0,0,- ,- ,32.97863007,-115.4974213,IMPERIAL,UNINCORPORATED,-115.4974213,32.97865677
91100538,2019,10/18/2019,9625,10/8/2019,1255,13627,,2,1,9,1300,0,1,3,,2,56,EVAN HEWES HIGHWAY,MCCONNELL ROAD,0,,Y,A,-,N,,,,,,,,,,Y,4,0,2,3,A,-,9,21801,A,N,D,C,A,A,H,-,A,D,0,,,,,Y,,D,22,0,0,2,0,0,0,0,0,0,- ,- ,32.80329895,-115.4840088,IMPERIAL,UNINCORPORATED,-115.4840012,32.80334854
91103479,2019,10/23/2019,9625,10/11/2019,1005,19667,,5,1,9,1300,0,1,3,,1,42,SR-98,HAMMERS ROAD,1350,E,N,A,-,Y,,,98,,,,,,,Y,4,0,2,3,A,-,3,22350,,N,C,C,A,A,H,-,A,D,0,,,,,Y,,A,1,0,0,2,0,0,0,0,0,0,- ,- ,32.67926025,-115.5511322,IMPERIAL,UNINCORPORATED,-115.5511322,32.67931366
91103511,2019,10/23/2019,9625,10/11/2019,1431,20054,,5,2,4,1304,0,1,1,,2,4,I-8 W/B OFF-RAMP TO IMPERIAL AVENUE,IMPERIAL AVENUE,250,E,N,A,-,Y,,,8,,,,R,,W,Y,4,0,1,1,A,-,8,22107,,N,E,I,A,A,H,-,A,D,0,,,,,Y,,A,1,0,0,1,0,0,0,0,0,0,- ,- ,32.77462006,-115.5685883,IMPERIAL,EL CENTRO,-115.5685883,32.77462006
91109089,2019,10/29/2019,9625,10/18/2019,1500,17809,,5,2,9,1300,0,3,5,,2,20,ENGLISH ROAD,SCHRIMPF ROAD,0,,Y,A,-,N,,,,,,,,,,Y,2,0,1,2,A,-,9,21800,A,N,D,C,A,A,H,-,A,D,0,,,,,Y,,D,22,1,0,0,0,0,0,0,0,0,- ,- ,33.19823837,-115.5450211,IMPERIAL,UNINCORPORATED,-115.5449905,33.19832993
91110622,2019,10/31/2019,9625,10/21/2019,858,13627,,1,1,9,1300,0,3,5,,2,50,ALAMO ROAD,STATE ROUTE 115,2160,E,N,A,-,N,,,,,,,,,,Y,4,0,1,2,A,-,4,21703,,N,C,C,A,A,H,-,A,D,0,,,,,Y,,D,22,0,0,1,0,0,0,0,0,0,- ,- ,32.81838989,-115.3990402,IMPERIAL,UNINCORPORATED,-115.3991013,32.81836319
91110880,2019,10/31/2019,9625,10/23/2019,1505,20111,,3,2,9,1300,0,3,5,,2,40,CLARK ROAD,HEBER ROAD,0,,Y,A,-,N,,,,,,,,,,Y,4,0,1,3,A,-,9,21802,A,N,D,C,A,A,H,-,A,A,0,,,,,Y,,A,1,0,0,1,0,0,0,0,0,0,- ,- ,32.73067856,-115.560051,IMPERIAL,UNINCORPORATED,-115.560318,32.73064041
91114048,2019,11/5/2019,9625,10/28/2019,1910,17727,,1,2,9,1300,0,3,5,,2,20,COACHELLA CANAL ROAD,BEAL ROAD,370,W,N,A,-,N,,,,,,,,,,Y,3,0,1,3,A,-,8,22107,,M,A,E,A,A,H,-,D,D,0,,,,,Y,,D,22,0,1,0,0,0,0,0,0,0,- ,- ,33.26340103,-115.4633026,IMPERIAL,UNINCORPORATED,-115.4632263,33.26343536
91115622,2019,11/7/2019,9620,11/4/2019,1720,18535,,1,2,9,1300,0,1,1,,2,82,WB INTERSTATE 8,SIDEWINDER RD,11616,W,N,A,-,Y,,,8,,,,,,,Y,4,0,1,2,A,-,8,22107,,N,B,C,A,A,H,-,D,D,0,,,,,Y,,D,22,0,0,1,0,0,0,0,0,0,- ,- ,32.75278091,-114.7916031,IMPERIAL,UNINCORPORATED,-114.7915878,32.75283813
91117974,2019,11/12/2019,9625,11/2/2019,1330,17727,,6,1,9,1300,0,1,3,,1,21,SR-111,1ST ST,680,N,N,A,-,Y,,,111,,,,,,,Y,3,0,1,1,A,-,1,23152,A,N,F,I,A,A,H,-,A,A,0,,,,,Y,Y,D,22,0,1,0,0,0,0,0,0,0,- ,- ,33.24319839,-115.5193024,IMPERIAL,UNINCORPORATED,-115.51931,33.24319839
91122481,2019,11/18/2019,9625,11/7/2019,1622,17809,,4,2,9,1300,0,1,3,,1,11,STATE ROUTE 86 S/B,VENDEL ROAD,975,S,N,A,-,Y,,,86,,,,,,S,Y,3,0,1,2,A,-,3,22350,,N,C,C,A,A,H,-,A,D,0,,,Y,,Y,,C,2,0,1,0,0,0,0,0,0,1,- ,- ,33.03776932,-115.7046738,IMPERIAL,UNINCORPORATED,-115.7046738,33.0377655
91129399,2019,11/25/2019,9625,11/18/2019,1400,18773,,1,2,9,1300,0,1,3,,2,52,SR-98,BORNT ROAD,2904,W,N,A,-,Y,,,98,,,,,,,Y,4,0,1,1,A,-,3,22350,,N,E,I,A,A,H,-,A,D,0,,,,Y,Y,,G,25,0,0,1,0,0,0,0,0,0,- ,- ,32.69456863,-115.2896118,IMPERIAL,UNINCORPORATED,-115.2896118,32.69457626
91132010,2019,12/2/2019,9625,11/19/2019,1855,18930,,2,2,9,1300,0,3,5,,2,50,ATEN ROAD,SR-111,20,W,N,B,-,N,,,,,,,,,,Y,4,0,2,2,A,-,3,22350,,N,C,C,A,B,H,-,C,A,0,,,,,Y,,A,1,0,0,2,0,0,0,0,0,0,- ,- ,32.82569885,-115.5003967,IMPERIAL,UNINCORPORATED,-115.4993057,32.82575989
91133905,2019,12/3/2019,9625,11/22/2019,1645,17809,,5,2,9,1300,0,2,4,,2,47,FORRESTER ROAD,KEYSTONE ROAD,3396,N,N,A,-,N,,,,,,,,,,Y,2,0,2,2,A,-,3,22350,,N,A,J,A,A,H,-,B,D,0,,,,,Y,,M,46,1,0,1,0,0,0,0,0,0,- ,- ,32.92316818,-115.6214676,IMPERIAL,UNINCORPORATED,-115.6214294,32.92298508
91136706,2019,12/5/2019,9625,11/27/2019,1821,20054,,3,2,9,1300,0,1,1,,2,1,I-8 E/B,IN-KO-PAH PARK ROAD,6283,E,N,B,C,Y,,,8,,,,,,E,Y,4,0,1,1,A,-,3,22350,,N,E,I,A,B,H,-,D,D,0,,,,,Y,,A,1,0,0,1,0,0,0,0,0,0,- ,- ,32.65745926,-116.0969467,IMPERIAL,UNINCORPORATED,-116.096962,32.65745926
91139759,2019,12/10/2019,9625,11/25/2019,715,16248,,1,1,9,1300,0,3,5,,2,50,MCCABE ROAD,PITZER ROAD,0,,Y,A,-,N,,,,,,,,,,Y,4,0,3,2,A,-,12,21453,A,N,D,C,A,A,H,-,A,A,0,,,,,Y,,A,1,0,0,3,0,0,0,0,0,0,- ,- ,32.752491,-115.5176086,IMPERIAL,UNINCORPORATED,-115.5176315,32.75246048
91142739,2019,12/13/2019,9625,12/3/2019,755,17432,,2,1,9,1300,0,1,3,,2,53,STATE ROUTE 111 S/B,JASPER ROAD,345,N,N,A,-,Y,,,111,,,,,,S,N,4,0,1,2,A,-,3,22350,,N,C,C,A,A,H,-,A,A,0,,,,,Y,,A,1,0,0,1,0,0,0,0,0,0,- ,- ,32.70877838,-115.4996796,IMPERIAL,UNINCORPORATED,-115.4994202,32.7087822
91144099,2019,12/16/2019,9625,12/7/2019,2030,22010,,6,2,9,1300,0,1,1,,2,1,INTERSTATE 8 E/B,IN KO PAH PARK ROAD,6019,E,N,A,-,Y,,,8,,,,,,E,Y,4,0,2,1,A,-,8,22107,,N,E,I,A,A,H,-,D,D,0,,,,,Y,,A,1,0,0,2,0,0,0,0,0,0,- ,- ,32.65715027,-116.0974731,IMPERIAL,UNINCORPORATED,-116.0969925,32.65702438
91144147,2019,12/16/2019,9625,12/4/2019,605,17432,,3,1,9,1300,0,3,5,,2,10,GENTRY ROAD,VAIL ROAD,105,N,N,B,C,N,,,,,,,,,,Y,4,0,2,2,A,-,3,22350,,N,C,D,A,B,H,-,A,D,0,,,,Y,Y,,G,25,0,0,2,0,0,0,0,0,0,- ,- ,33.10440063,-115.6146011,IMPERIAL,UNINCORPORATED,-115.6143494,33.10452652
91144246,2019,12/16/2019,9625,12/7/2019,330,18773,,6,3,9,1300,0,3,5,,2,10,NORM NIVER ROAD,NURSERY ROAD,140,S,N,A,-,N,,,,,,,,,,Y,4,0,1,1,A,-,1,23152,A,N,E,I,A,A,H,-,D,D,0,,,,,Y,Y,A,1,0,0,1,0,0,0,0,0,0,- ,- ,33.35689163,-116.0203629,IMPERIAL,UNINCORPORATED,-116.0208588,33.35702515
91146283,2019,12/18/2019,9625,12/8/2019,620,18464,,7,1,9,1300,0,1,1,,2,3,I-8 (E/B),IMPERIAL HIGHWAY,24288,E,N,A,-,Y,,,8,,,,,,,Y,2,0,1,1,A,-,8,22107,,N,F,A,A,A,H,-,B,D,0,,,,,Y,,A,1,1,0,0,0,0,0,0,0,0,- ,- ,32.74934006,-115.9169693,IMPERIAL,UNINCORPORATED,-115.9169769,32.74939728
91147599,2019,1/22/2020,9625,12/10/2019,1315,18279,,2,1,9,1300,0,1,3,,1,21,SR-111,DOWDEN ROAD,3696,S,N,A,-,Y,,,111,,,,,,,N,4,0,1,2,D,-,0,,,N,B,C,A,A,H,-,A,D,0,,,,,Y,,-,- ,0,0,1,0,0,0,0,0,0,- ,- ,33.0807991,-115.5242996,IMPERIAL,UNINCORPORATED,-115.5242844,33.08078384
91147685,2019,12/19/2019,9625,12/16/2019,1500,19035,,1,2,9,1300,0,1,3,,2,25,SR-78,GECKO PARK ROAD,1500,E,N,A,-,Y,,,78,,,,,,,Y,4,0,1,1,A,-,3,22350,,N,F,A,A,A,G,-,A,D,0,,,,,Y,,A,1,0,0,1,0,0,0,0,0,0,- ,- ,32.98020172,-115.1536026,IMPERIAL,UNINCORPORATED,-115.1536102,32.98027039
91150692,2019,12/23/2019,9625,12/14/2019,1240,16248,,6,1,9,1300,0,1,1,,2,38,JAIME OBESO SUNBEAM E/B REST AREA,DREW ROAD,5808,E,N,A,-,Y,,,,,,,,,,N,4,0,1,2,A,-,11,21954,A,N,G,B,E,A,H,-,A,D,0,Y,,,,Y,,N,60,0,0,1,0,1,0,0,0,0,- ,- ,32.77368164,-115.6699905,IMPERIAL,UNINCORPORATED,,
91150987,2019,12/23/2019,9625,12/12/2019,820,17055,,4,1,9,1300,0,3,5,,2,10,IMLER ROAD,FORRESTER ROAD,8448,W,N,A,-,N,,,,,,,,,,Y,3,0,1,2,A,-,8,22107,,N,D,C,A,A,H,-,A,D,0,,,,,Y,,M,46,0,1,0,0,0,0,0,0,0,- ,- ,32.92650986,-115.6492996,IMPERIAL,UNINCORPORATED,-115.6489792,32.9265213
91154207,2019,12/27/2019,9625,12/20/2019,1635,17809,,5,2,9,1300,0,1,3,,1,11,STATE ROUTE 86,BRANDT ROAD,0,,Y,A,-,Y,,,86,,,,,,,Y,4,0,1,2,A,-,9,21801,A,N,D,C,A,A,H,-,B,A,0,,,,,Y,,D,22,0,0,1,0,0,0,0,0,0,- ,- ,32.9789505,-115.5615234,IMPERIAL,UNINCORPORATED,-115.5615234,32.97912598
91154365,2019,12/27/2019,9625,12/20/2019,8,21107,,5,3,9,1300,0,1,1,,2,4,INTERSTATE 8 WESTBOUND,SILSBEE ROAD,2600,E,N,A,-,Y,,,8,,,,,,W,Y,4,0,1,2,C,-,18,,,N,D,C,A,A,H,-,D,D,0,,,,,Y,,-,- ,0,0,1,0,0,0,0,0,0,- ,- ,32.77396011,-115.6376495,IMPERIAL,UNINCORPORATED,-115.6376495,32.773983
91157265,2019,1/2/2020,9625,12/20/2019,300,20111,,5,3,9,1300,0,3,5,,2,40,CLARK ROAD,CRUICKSHANK DRIVE,1685,N,N,A,-,N,,,,,,,,,,Y,3,0,1,1,A,-,8,22107,,M,F,A,A,A,H,-,E,D,0,,,,,Y,,A,1,0,1,0,0,0,0,0,0,0,- ,- ,32.81885147,-115.5615311,IMPERIAL,UNINCORPORATED,-115.5615158,32.81885147
91160099,2019,1/6/2020,9625,12/25/2019,1328,18279,,3,1,9,1300,0,3,5,,2,20,EDDINS ROAD,CORN ROAD,1056,W,N,A,-,N,,,,,,,,,,Y,2,0,2,1,A,-,1,23152,A,N,E,I,A,A,H,-,A,D,0,,,,,Y,Y,A,1,1,1,0,0,0,0,0,0,0,- ,- ,33.12580109,-115.5338974,IMPERIAL,UNINCORPORATED,-115.5354233,33.12572861
91163887,2020,1/13/2020,9625,1/1/2020,1844,20054,,3,2,9,1300,0,1,1,,2,3,I-8 EASTBOUND,DUNAWAY ROAD,4752,W,N,A,-,Y,,,8,,,,,,E,Y,3,0,1,1,A,-,8,22107,,N,F,A,A,A,H,-,D,D,0,,,,,Y,,A,1,0,1,0,0,0,0,0,0,0,- ,- ,32.76583099,-115.8149567,IMPERIAL,UNINCORPORATED,-115.8149567,32.76581955
91164073,2019,1/13/2020,9625,12/31/2019,1637,18792,,2,2,9,1300,0,1,3,,2,52,SR-98,WEED ROAD,12,E,N,A,-,Y,,,98,,,,,,,Y,4,0,1,2,A,-,3,22350,,N,B,C,A,A,H,-,A,D,0,,,Y,,Y,,C,2,0,0,1,0,0,0,0,0,1,- ,- ,32.67935944,-115.5684586,IMPERIAL,UNINCORPORATED,-115.5684586,32.67935944
91166326,2020,1/15/2020,9625,1/4/2020,1045,18279,,6,1,9,1300,0,1,1,,2,1,I-8 E/B,SR-98,16368,W,N,A,-,Y,,,8,,,,,,E,Y,3,0,2,1,A,-,3,22350,,N,E,I,A,A,H,-,A,D,0,,,,,Y,,A,1,0,2,0,0,0,0,0,0,0,- ,- ,32.70190048,-116.0552826,IMPERIAL,UNINCORPORATED,-116.0551834,32.70185089
91169579,2020,1/21/2020,9625,1/9/2020,2500,16248,,4,4,9,1300,0,1,1,,2,1,I-8 E/B,MOUNTAIN SPRINGS ROAD,1584,E,N,A,-,Y,,,8,,,,,,E,Y,3,0,1,1,A,-,3,22350,,N,E,I,A,A,H,-,A,D,0,,,,,Y,,A,1,0,1,0,0,0,0,0,0,0,- ,- ,32.67235184,-116.0910416,IMPERIAL,UNINCORPORATED,-116.0910416,32.6723671
91169657,2020,1/21/2020,9625,1/9/2020,455,19225,,4,3,9,1300,0,3,5,,2,50,HEBER ROAD,STATE ROUTE 111 N/B,50,E,N,A,-,Y,,,,,,,,,,Y,4,0,1,2,A,-,3,22350,,F,A,C,A,A,H,-,D,D,0,,,,,Y,,A,7,0,0,1,0,0,0,0,0,0,- ,- ,32.73067856,-115.5000687,IMPERIAL,UNINCORPORATED,,
91170117,2020,1/22/2020,9625,1/10/2020,443,18930,,5,3,9,1300,0,1,3,,2,24,SR-78,BUTTERS ROAD,1100,E,N,A,-,Y,,,78,,,,,,,N,2,0,1,2,A,-,3,22350,,N,G,B,E,A,H,-,D,D,0,Y,,,,Y,,D,22,1,0,0,0,1,0,0,0,0,- ,- ,32.97439957,-115.3634033,IMPERIAL,UNINCORPORATED,-115.3634033,32.97467041
91175920,2020,1/29/2020,9625,1/20/2020,1545,20263,,1,2,9,1300,0,1,3,,2,43,SR-86,MCCABE ROAD,0,,Y,B,-,Y,,,,,,,,,,Y,3,0,4,2,A,-,12,21453,A,N,D,C,A,A,H,-,A,A,0,,,,,Y,,A,1,0,4,0,0,0,0,0,0,0,- ,- ,32.77822876,-115.5036163,IMPERIAL,UNINCORPORATED,-115.5518265,32.75236893
91178515,2020,2/3/2020,9625,1/22/2020,750,17432,,3,1,9,1300,0,1,3,,1,54,STATE ROUTE 111 (N/B),EVAN HEWES HIGHWAY,1056,S,N,A,-,Y,,,111,,,,,,,Y,4,0,2,2,A,-,3,22350,,N,C,C,A,A,H,-,A,A,0,,,,,Y,,A,7,0,0,2,0,0,0,0,0,0,- ,- ,32.79689026,-115.5004807,IMPERIAL,UNINCORPORATED,-115.5006256,32.79689026
91179525,2020,2/4/2020,9625,1/27/2020,1830,18464,,1,2,9,1300,0,1,3,,1,21,SR-111,ENGLISH ROAD,795,S,N,A,-,Y,,,111,,,,,,,Y,4,0,1,2,A,-,1,23152,A,N,B,C,A,A,H,-,D,D,0,,,,,Y,Y,A,7,0,0,1,0,0,0,0,0,0,- ,- ,33.25463867,-115.5398865,IMPERIAL,UNINCORPORATED,-115.5398865,33.2546463