CASE_ID,ACCIDENT_YEAR,PROC_DATE,JURIS,COLLISION_DATE,COLLISION_TIME,OFFICER_ID,REPORTING_DISTRICT,DAY_OF_WEEK,CHP_SHIFT,POPULATION,CNTY_CITY_LOC,SPECIAL_COND,BEAT_TYPE,CHP_BEAT_TYPE,CITY_DIVISION_LAPD,CHP_BEAT_CLASS,BEAT_NUMBER,PRIMARY_RD,SECONDARY_RD,DISTANCE,DIRECTION,INTERSECTION,WEATHER_1,WEATHER_2,STATE_HWY_IND,CALTRANS_COUNTY,CALTRANS_DISTRICT,STATE_ROUTE,ROUTE_SUFFIX,POSTMILE_PREFIX,POSTMILE,LOCATION_TYPE,RAMP_INTERSECTION,SIDE_OF_HWY,TOW_AWAY,COLLISION_SEVERITY,NUMBER_KILLED,NUMBER_INJURED,PARTY_COUNT,PRIMARY_COLL_FACTOR,PCF_CODE_OF_VIOL,PCF_VIOL_CATEGORY,PCF_VIOLATION,PCF_VIOL_SUBSECTION,HIT_AND_RUN,TYPE_OF_COLLISION,MVIW,PED_ACTION,ROAD_SURFACE,ROAD_COND_1,ROAD_COND_2,LIGHTING,CONTROL_DEVICE,CHP_ROAD_TYPE,PEDESTRIAN_ACCIDENT,BICYCLE_ACCIDENT,MOTORCYCLE_ACCIDENT,TRUCK_ACCIDENT,NOT_PRIVATE_PROPERTY,ALCOHOL_INVOLVED,STWD_VEHTYPE_AT_FAULT,CHP_VEHTYPE_AT_FAULT,COUNT_SEVERE_INJ,COUNT_VISIBLE_INJ,COUNT_COMPLAINT_PAIN,COUNT_PED_KILLED,COUNT_PED_INJURED,COUNT_BICYCLIST_KILLED,COUNT_BICYCLIST_INJURED,COUNT_MC_KILLED,COUNT_MC_INJURED,PRIMARY_RAMP,SECONDARY_RAMP,LATITUDE,LONGITUDE,COUNTY,CITY,POINT_X,POINT_Y
91183288,2020,2/10/2020,9620,2/5/2020,1528,19582,,3,2,9,1300,0,1,1,,2,82,I-8 E/B,SR-186,4752,W,N,A,-,Y,,,8,,,,,,E,Y,3,0,1,1,A,-,8,22107,,N,E,I,A,A,H,-,A,D,0,,,,,Y,,A,1,0,1,0,0,0,0,0,0,0,- ,- ,32.74552917,-114.7351303,IMPERIAL,UNINCORPORATED,-114.7350845,32.7456665
91184594,2020,2/11/2020,9625,1/24/2020,615,17727,,5,1,9,1300,0,3,5,,2,10,SR-78,SR-115,0,,Y,A,-,Y,,,78,,,,,,,Y,3,0,8,2,A,-,9,21801,A,N,D,C,A,A,H,-,D,D,0,,,,,Y,,M,51,0,7,1,0,0,0,0,0,0,- ,- ,32.9742012,-115.4080963,IMPERIAL,UNINCORPORATED,-115.4081039,32.97418213
91184854,2020,2/11/2020,9625,1/31/2020,2230,19225,,5,3,9,1300,0,3,5,,2,10,KALIN ROAD,CADY ROAD,500,N,N,A,-,N,,,,,,,,,,N,3,0,1,2,A,-,11,21954,A,F,G,B,E,A,H,-,D,D,0,Y,,,,Y,,N,60,0,1,0,0,1,0,0,0,0,- ,- ,32.98051071,-115.5786133,IMPERIAL,UNINCORPORATED,-115.5785904,32.98058701
91185698,2020,2/12/2020,9625,2/1/2020,435,18930,,6,3,9,1300,0,1,1,,2,2,INTERSTATE 8 W/B,MOUNTAIN SPRINGS ROAD,31152,E,N,A,-,Y,,,8,,,,,,W,Y,3,0,1,1,A,-,8,22107,,N,E,I,A,A,H,-,D,D,0,,,,Y,Y,,G,27,0,1,0,0,0,0,0,0,0,- ,- ,32.72489929,-116.0391006,IMPERIAL,UNINCORPORATED,-116.0391006,32.72492981
91186176,2020,2/13/2020,9625,2/6/2020,1855,17809,,4,2,9,1300,0,3,5,,2,20,KERSHAW ROAD,YOCUM ROAD,0,,Y,A,-,N,,,,,,,,,,Y,4,0,1,1,A,-,3,22350,,N,E,I,A,A,H,-,D,A,0,,,,,Y,,A,1,0,0,1,0,0,0,0,0,0,- ,- ,33.11119843,-115.5085373,IMPERIAL,UNINCORPORATED,-115.5084991,33.11119843
91186536,2020,2/13/2020,9620,2/7/2020,1445,19582,,5,2,9,1300,0,1,1,,2,82,I-8 E/B,WINTERHAVEN DR,3696,E,N,A,-,Y,,,8,,,,,,E,Y,3,0,1,1,A,-,8,22107,,N,E,I,A,A,H,-,A,D,0,,,,,Y,,A,1,0,1,0,0,0,0,0,0,0,- ,- ,32.73432922,-114.6395187,IMPERIAL,UNINCORPORATED,-114.6395035,32.73440552
91187788,2020,2/17/2020,9625,2/5/2020,1940,18792,,3,2,9,1300,0,1,1,,2,1,INTERSTATE 8 E/B,MOUNTAIN SPRINGS ROAD,14256,E,N,A,-,Y,,,,,,,,,,Y,3,0,1,2,A,-,8,22107,,N,B,C,A,A,H,-,D,D,0,,,,,Y,,A,1,0,1,0,0,0,0,0,0,0,- ,- ,32.69934082,-115.0591431,IMPERIAL,UNINCORPORATED,-116.0647736,32.68833542
91189564,2020,2/19/2020,9625,2/7/2020,945,17727,,5,1,9,1300,0,1,3,,2,23,SR-115,CHALUPNIK ROAD,1056,S,N,A,-,Y,,,115,,,,,,,Y,3,0,1,1,A,-,8,22107,,N,F,A,A,A,H,-,A,D,0,,,,,Y,,A,7,0,1,0,0,0,0,0,0,0,- ,- ,33.02410126,-115.4488983,IMPERIAL,UNINCORPORATED,-115.4488678,33.02410126
91189578,2020,2/19/2020,9625,2/4/2020,630,17055,,2,1,9,1300,0,1,3,,1,11,SR-86 S/B,SR-78,0,,Y,A,-,Y,,,86,,,,,,S,Y,3,0,3,2,A,-,12,21453,A,N,D,C,A,A,H,-,A,A,0,,,,,Y,,A,1,0,1,2,0,0,0,0,0,0,- ,- ,32.99927139,-115.5891724,IMPERIAL,UNINCORPORATED,-115.5892258,32.99922943
91190077,2019,2/20/2020,9625,12/31/2019,1355,19668,,2,1,9,1300,0,1,3,,1,12,STATE ROUTE 86 S/B,SUNRISE DRIVE,0,,Y,A,-,Y,,,86,,,,,,S,Y,1,1,3,2,A,-,9,21804,A,N,D,C,A,A,H,-,A,A,0,,,,,Y,,A,1,1,2,0,0,0,0,0,0,0,- ,- ,33.28923035,-115.9719009,IMPERIAL,UNINCORPORATED,-115.9719315,33.28920746
91190526,2020,2/20/2020,9625,2/10/2020,1140,16248,,1,1,9,1300,0,2,4,,2,57,COUNTRY CLUB DRIVE,EVAN HEWES HIGHWAY,0,,Y,A,-,N,,,,,,,,,,Y,4,0,1,2,A,-,9,21802,A,N,D,C,A,A,H,-,A,A,0,,,,,Y,,A,1,0,0,1,0,0,0,0,0,0,- ,- ,32.8042717,-115.4219666,IMPERIAL,UNINCORPORATED,-115.4219666,32.80443192
91192896,2020,2/25/2020,9625,2/15/2020,1210,17727,,6,1,9,1300,0,3,5,,2,20,TED KIPF ROAD,SR-78,33792,S,N,A,-,N,,,,,,,,,,Y,3,0,1,1,A,-,3,22350,,N,F,A,A,A,H,-,A,D,0,,,,,Y,,A,1,0,1,0,0,0,0,0,0,0,- ,- ,32.93799973,-114.9850998,IMPERIAL,UNINCORPORATED,-115.157814,33.05345154
91193165,2020,2/25/2020,9625,2/22/2020,1827,18792,,6,2,9,1300,0,1,1,,2,3,INTERSTATE 8 E/B TO IMPERIAL AVE. N/B,IMPERIAL AVENUE,581,E,N,A,-,Y,,,,,,,,,,Y,3,0,1,1,A,-,8,22107,,N,E,I,A,A,H,-,C,A,0,,,,,Y,,D,22,0,1,0,0,0,0,0,0,0,- ,- ,32.7735405,-115.567482,IMPERIAL,UNINCORPORATED,-115.567482,32.77379227
91198884,2020,2/28/2020,9625,2/18/2020,750,17432,,2,1,9,1300,0,1,3,,2,53,STATE ROUTE 111 (N/B),ROSS ROAD,1056,S,N,A,-,Y,,,111,,,,,,,Y,4,0,3,2,A,-,3,22350,,N,C,C,A,A,H,-,A,A,0,,,,,Y,,D,22,0,0,3,0,0,0,0,0,0,- ,- ,32.77856827,-115.501297,IMPERIAL,UNINCORPORATED,-115.5013962,32.77856445
91200162,2020,3/2/2020,9625,2/19/2020,700,17055,,3,1,9,1300,0,2,4,,2,46,DOGWOOD ROAD,HARRIS ROAD,4224,N,N,A,-,N,,,,,,,,,,Y,3,0,2,2,A,-,8,22107,,N,B,C,A,A,H,-,A,D,0,,,,,Y,,D,22,0,1,1,0,0,0,0,0,0,- ,- ,32.89530182,-115.5354614,IMPERIAL,UNINCORPORATED,-115.5355072,32.89519501
91200190,2020,3/2/2020,9625,2/19/2020,1135,17432,,3,1,9,1300,0,1,3,,2,53,STATE ROUTE 111 (S/B),CHICK ROAD,1060,S,N,A,-,Y,,,111,,,,,,,Y,4,0,4,2,A,-,3,22350,,N,C,C,A,A,H,-,A,D,0,,,,,Y,,D,22,0,0,4,0,0,0,0,0,0,- ,- ,32.7648201,-115.5010223,IMPERIAL,UNINCORPORATED,-115.5009308,32.7648201
91204122,2020,3/9/2020,9625,2/29/2020,405,18930,,6,3,9,1300,0,1,3,,1,12,SR-86 S/B,BRAWLEY AVENUE,2005,N,N,A,-,Y,,,86,,,,,,S,Y,2,0,2,1,A,-,8,22107,,N,E,I,A,A,H,-,D,D,0,,,,,Y,,A,1,1,1,0,0,0,0,0,0,0,- ,- ,33.37739944,-116.0277023,IMPERIAL,UNINCORPORATED,-116.027771,33.37734604
91205044,2020,3/10/2020,9620,3/4/2020,525,16222,,3,3,9,1300,0,1,1,,2,81,INTERSTATE 8 (W/B),GORDONS WELL RD,4752,E,N,A,-,Y,,,8,,,,,,,Y,4,0,1,1,A,-,8,22107,,N,F,A,A,A,H,-,D,D,0,,,,,Y,,A,1,0,0,1,0,0,0,0,0,0,- ,- ,32.70899963,-114.9433975,IMPERIAL,UNINCORPORATED,-114.9433975,32.70887375
91207002,2020,3/12/2020,9625,3/10/2020,114,21107,,2,3,9,1300,0,1,1,,2,6,INTERSTATE 8 W/B FROM N/B DOGWOOD ROAD,DOGWOOD ROAD,20,E,N,B,C,Y,,,,,,,,,,Y,4,0,1,2,A,-,3,22350,,N,D,C,A,B,H,-,C,A,0,,,,,Y,Y,A,1,0,0,1,0,0,0,0,0,0,- ,- ,32.77479172,-115.5349503,IMPERIAL,UNINCORPORATED,-115.5351486,32.77389908
91209417,2020,3/16/2020,9625,3/9/2020,1950,19668,,1,2,9,1300,0,1,1,,2,1,I-8 E/B,IN KO PAH PARK ROAD,6336,E,N,B,C,Y,,,8,,,,,,E,Y,4,0,1,1,A,-,3,22350,,N,E,I,A,B,H,-,D,D,0,,,,,Y,,A,1,0,0,1,0,0,0,0,0,0,- ,- ,32.65800095,-116.0969315,IMPERIAL,UNINCORPORATED,-116.0970459,32.65797424
91211606,2020,3/19/2020,9625,3/10/2020,705,20263,,2,1,9,1300,0,3,5,,2,10,WALKER ROAD,GENTRY ROAD,10,W,N,B,-,N,,,,,,,,,,Y,3,0,1,1,A,-,3,22350,,N,E,I,A,B,H,-,A,D,0,,,,,Y,,A,1,0,1,0,0,0,0,0,0,0,- ,- ,33.07492065,-115.6149826,IMPERIAL,UNINCORPORATED,-115.6144562,33.07552338
91211843,2020,3/19/2020,9625,3/9/2020,730,18617,,1,1,4,1304,1,4,S,,2,901,PEPPER DRIVE,COTTONWOOD DRIVE,0,,Y,A,-,N,,,,,,,,,,N,4,0,4,2,A,-,9,21801,A,N,D,C,A,A,H,-,A,D,0,,,,,Y,,H,13,0,0,4,0,0,0,0,0,0,- ,- ,32.77910995,-115.571991,IMPERIAL,EL CENTRO,-115.5719299,32.77904892
91212127,2020,3/19/2020,9625,3/12/2020,1645,18279,,4,2,9,1300,0,2,4,,2,46,DOGWOOD RD,WILLOUGHBY ROAD,0,,Y,B,-,N,,,,,,,,,,Y,4,0,1,2,A,-,9,21802,A,N,D,C,A,B,H,-,A,A,0,,,,,Y,,A,1,0,0,1,0,0,0,0,0,0,- ,- ,32.70849991,-115.5341034,IMPERIAL,UNINCORPORATED,-115.5340805,32.70845032
91212926,2020,3/20/2020,9625,3/17/2020,1030,16248,,2,1,9,1300,0,1,3,,1,44,SR-86 N/B,AUSTIN ROAD,980,S,N,A,-,Y,,,86,,,,,,N,Y,4,0,1,1,A,-,8,22107,,N,F,A,A,A,H,-,A,D,0,,,,,Y,,A,7,0,0,1,0,0,0,0,0,0,- ,- ,32.94849014,-115.5694885,IMPERIAL,UNINCORPORATED,-115.5696716,32.94860458
91215059,2020,3/24/2020,9625,3/16/2020,1245,17727,,1,1,9,1300,0,3,5,,2,40,EL CENTRO STREET,HOLT AVENUE,1350,E,N,A,-,N,,,,,,,,,,Y,4,0,1,3,A,-,8,22107,,N,A,E,A,A,H,-,A,D,0,,,,,Y,,A,1,0,0,1,0,0,0,0,0,0,- ,- ,32.79650116,-115.6817017,IMPERIAL,UNINCORPORATED,-115.681694,32.79649734
91215713,2020,3/25/2020,9620,3/18/2020,1425,20738,,3,2,9,1300,0,1,1,,2,81,I-8 EASTBOUND,GORDONS WELL,9504,E,N,B,C,Y,,,8,,,,,,E,Y,2,0,2,2,A,-,8,22107,,N,D,D,A,B,H,-,A,D,0,,,,,Y,,D,22,1,1,0,0,0,0,0,0,0,- ,- ,32.71218872,-114.9248199,IMPERIAL,UNINCORPORATED,-114.9247894,32.71212387
91218451,2020,3/30/2020,9625,3/19/2020,1700,18279,,4,2,9,1300,0,1,3,,1,42,SR-98,IMPERIAL HIGHWAY,1584,E,N,A,-,Y,,,98,,,,,,,Y,3,0,1,1,A,-,8,22107,,N,E,I,A,A,H,-,A,D,0,,,,,Y,Y,A,8,0,1,0,0,0,0,0,0,0,- ,- ,32.72439957,-115.990097,IMPERIAL,UNINCORPORATED,-115.9901047,32.72449493
91219533,2020,5/22/2020,9625,1/18/2020,1135,17727,,6,1,9,1300,0,3,5,,2,10,MOUNTAIN VIEW DRIVE,DESERT SHORES DRIVE,11,N,N,A,-,N,,,,,,,,,,N,1,1,4,9,A,-,16,24002,A,N,G,B,E,A,H,-,A,D,0,Y,,Y,,Y,,C,6,2,2,0,1,4,0,0,0,0,- ,- ,33.40620041,-116.0414963,IMPERIAL,UNINCORPORATED,-116.0415115,33.40610886
91219673,2020,4/1/2020,9625,3/23/2020,1335,17727,,1,1,9,1300,0,3,5,,2,10,BLACK SEA AVE,CORAL SEA AVE,90,S,N,A,-,N,,,,,,,,,,N,2,0,1,1,A,-,8,22107,,N,F,A,A,A,H,-,A,D,0,,,Y,,Y,,C,6,1,0,0,0,0,0,0,0,1,- ,- ,33.33570099,-115.9633026,IMPERIAL,UNINCORPORATED,-115.9630127,33.33562851
91219840,2020,4/2/2020,9625,3/24/2020,1715,17809,,2,2,9,1300,0,1,3,,1,11,STATE ROUTE 86 S/B,KALIN ROAD,0,,Y,A,-,Y,,,86,,,,,,S,Y,4,0,1,2,A,-,9,21802,A,N,D,C,A,A,H,-,A,A,0,,,,,Y,,D,22,0,0,1,0,0,0,0,0,0,- ,- ,32.9844017,-115.5784073,IMPERIAL,UNINCORPORATED,-115.5781403,32.98462677
91219894,2020,4/2/2020,9625,3/27/2020,1440,17809,,5,2,9,1300,0,3,5,,2,10,BAUGHMAN ROAD,DEAN ROAD,47,W,N,A,-,N,,,,,,,,,,Y,3,0,1,1,A,-,8,22107,,N,E,I,A,A,H,-,A,D,0,,,,,Y,,A,1,0,1,0,0,0,0,0,0,0,- ,- ,33.03002167,-115.6138687,IMPERIAL,UNINCORPORATED,-115.6130295,33.03009033
91220495,2020,4/3/2020,9625,3/30/2020,755,19225,,1,1,9,1300,0,1,1,,2,3,I-8 E/B,DREW ROAD,1835,W,N,A,-,Y,,,8,,,,,,E,Y,2,0,4,1,A,-,8,22107,,N,F,A,A,A,H,-,A,D,0,,,,,Y,,A,7,2,0,2,0,0,0,0,0,0,- ,- ,32.77381134,-115.6990204,IMPERIAL,UNINCORPORATED,-115.6990204,32.77384567
91222555,2020,4/7/2020,9625,1/24/2020,1623,18773,,5,2,9,1300,0,3,5,,2,50,BLODGETT ROAD,SHAW ROAD,85,E,N,A,-,N,,,,,,,,,,Y,1,1,1,1,A,-,8,22107,,N,E,I,A,A,H,-,A,D,0,,,,,Y,,A,1,1,0,0,0,0,0,0,0,0,- ,- ,32.87633133,-115.3972931,IMPERIAL,UNINCORPORATED,-115.3972931,32.87636185
91223992,2020,4/10/2020,9625,4/7/2020,1435,18464,,2,2,9,1300,0,1,1,,2,5,I-8 E/B TO SR-111 S/B,SR-111 S/B,320,W,N,A,-,Y,,,8,,,,R,,E,Y,4,0,3,1,A,-,8,22107,,N,F,A,A,A,H,-,A,D,0,,,,,Y,,A,1,0,0,3,0,0,0,0,0,0,- ,- ,32.77322006,-115.5031433,IMPERIAL,UNINCORPORATED,-115.5031433,32.77322006
91225652,2019,4/14/2020,9620,9/13/2019,2317,18703,Quech,5,3,9,1300,0,2,4,,1,75,S-24 (PICACHO RD),SAN PASQUAL SCHOOL ROAD,464,N,N,A,-,N,,,,,,,,,,Y,1,1,1,1,A,-,1,23152,A,N,E,I,A,A,H,-,D,D,0,,,,,Y,Y,A,1,1,0,0,0,0,0,0,0,0,- ,- ,32.74684143,-114.6159286,IMPERIAL,UNINCORPORATED,-114.6159744,32.74683762
91227977,2020,4/21/2020,9625,4/15/2020,1000,20111,,3,1,9,1300,0,1,3,,1,11,SR-86 S/B,VENDEL ROAD,0,,Y,A,-,Y,,,86,,,,,,S,Y,3,0,1,2,A,-,9,21803,A,N,D,C,A,A,H,-,A,A,0,,,,,Y,,D,22,0,1,0,0,0,0,0,0,0,- ,- ,33.03858948,-115.7078094,IMPERIAL,UNINCORPORATED,-115.7078171,33.03857422
91227996,2020,4/21/2020,9625,4/16/2020,1338,16248,,4,1,9,1300,0,3,5,,2,20,OLD HIGHWAY 111,SCHARTZ ROAD,0,,Y,A,-,N,,,,,,,,,,Y,4,0,2,2,A,-,9,21802,A,N,D,C,A,A,H,-,A,A,0,,,,,Y,,A,1,0,0,2,0,0,0,0,0,0,- ,- ,32.94178009,-115.5104675,IMPERIAL,UNINCORPORATED,-115.5104599,32.94176865
91230572,2020,4/28/2020,9625,4/16/2020,1717,20516,,4,2,9,1300,0,3,5,,2,40,STATE ROUTE 86,DOGWOOD ROAD,1135,W,N,A,-,Y,,,86,,,,,,,Y,3,0,1,2,A,-,3,22350,,N,C,C,A,A,D,-,A,A,0,,,,,Y,,A,1,0,1,0,0,0,0,0,0,0,- ,- ,32.73065186,-115.5383301,IMPERIAL,UNINCORPORATED,-115.5383301,32.73065948
91233942,2020,5/5/2020,9625,1/24/2020,1645,22010,,5,2,9,1300,0,3,5,,2,50,ROSS ROAD,BOWKER ROAD,1901,W,N,A,-,N,,,,,,,,,,Y,1,1,1,2,A,-,3,22350,,N,C,C,A,A,H,-,B,D,0,,,,,Y,,A,1,0,0,1,0,0,0,0,0,0,- ,- ,32.78139877,-115.4801636,IMPERIAL,UNINCORPORATED,-115.4799728,32.78136444
91235801,2020,5/11/2020,9625,4/30/2020,215,19667,,4,3,9,1300,0,1,3,,1,11,SR-86 N/B,ALLEN ROAD,1555,S,N,A,-,Y,,,86,,,,,,N,Y,4,0,1,1,A,-,1,23152,A,N,E,I,A,A,H,-,D,D,0,,,,,Y,Y,A,1,0,0,1,0,0,0,0,0,0,- ,- ,33.10037994,-115.7921295,IMPERIAL,UNINCORPORATED,-115.7921677,33.10030746
91235819,2020,5/11/2020,9625,5/3/2020,2340,21107,,7,3,9,1300,0,1,3,,2,53,STATE ROUTE 111 SOUTHBOUND,JASPER ROAD,860,N,N,A,-,Y,,,111,,,,,,S,N,4,0,2,3,A,-,3,22350,,F,C,C,A,A,H,-,D,D,0,,,,,Y,,-,99,0,0,2,0,0,0,0,0,0,- ,- ,32.71107864,-115.4996872,IMPERIAL,UNINCORPORATED,-115.4994431,32.71108246
91236281,2020,5/11/2020,9625,5/7/2020,1010,19668,,4,1,9,1300,0,1,3,,2,58,SR-86,PARKYNS ROAD,188,E,N,A,-,Y,,,86,,,,,,,N,4,0,1,2,A,-,8,22107,,N,D,C,A,A,H,-,A,D,0,,,,,Y,,A,1,0,0,1,0,0,0,0,0,0,- ,- ,32.73065186,-115.5282211,IMPERIAL,UNINCORPORATED,-115.5282211,32.73069
91236291,2020,5/12/2020,9625,5/4/2020,1140,17901,,1,1,9,1300,0,3,5,,2,40,IMPERIAL HIGHWAY,I-8,1188,S,N,A,-,N,,,,,,,,,,Y,4,0,2,2,A,-,9,21804,A,N,B,C,A,A,H,-,A,D,0,,,,,Y,,A,7,0,0,2,0,0,0,0,0,0,- ,- ,32.73075104,-115.9742737,IMPERIAL,UNINCORPORATED,-115.9942017,32.7340889
91239224,2020,5/18/2020,9625,5/9/2020,1855,19225,,6,2,9,1300,0,3,5,,2,10,WEST BOWLES ROAD,BOYLE ROAD,412,E,N,A,-,N,,,,,,,,,,Y,2,0,2,1,A,-,1,23152,A,N,E,I,A,A,H,-,A,D,0,,,,,Y,Y,D,22,1,1,0,0,0,0,0,0,0,- ,- ,33.11848831,-115.6217117,IMPERIAL,UNINCORPORATED,-115.6214218,33.11848068
91245164,2020,5/29/2020,9625,4/17/2020,2223,19035,,5,3,9,1300,0,1,3,,2,52,STATE ROUTE 98,INTERSTATE 8 E/B,8436,W,N,A,-,Y,,,98,,,,,,,Y,1,1,1,2,A,-,5,21650,,N,A,C,A,A,H,-,D,D,0,,,,,Y,,A,1,0,0,1,0,0,0,0,0,0,- ,- ,32.70930099,-115.1160965,IMPERIAL,UNINCORPORATED,-115.1160965,32.70946503
91246850,2020,6/3/2020,9625,5/24/2020,38,22010,,7,3,9,1300,0,1,3,,1,42,SR-98,COYOTE #2 ROAD,3274,E,N,A,-,Y,,,98,,,,,,,Y,4,0,3,1,A,-,8,22107,,N,F,J,A,A,H,-,D,D,0,,,,,Y,,A,1,0,0,3,0,0,0,0,0,0,- ,- ,32.66847992,-115.8638077,IMPERIAL,UNINCORPORATED,-115.8638916,32.6689415
91250431,2020,6/10/2020,9625,6/3/2020,1450,17809,,3,2,9,1300,0,3,5,,2,10,STARDUST AVENUE,BLACK SEA AVENUE,0,,Y,A,-,N,,,,,,,,,,Y,4,0,1,2,A,-,9,21800,A,N,D,C,A,A,H,-,A,D,0,,,,,Y,,D,22,0,0,1,0,0,0,0,0,0,- ,- ,33.3357811,-115.9716263,IMPERIAL,UNINCORPORATED,-115.9716873,33.33583069
91252649,2020,6/16/2020,9625,6/11/2020,925,20054,,4,1,9,1300,0,3,5,,2,10,BERING BLVD,CAMINO DRIVE,0,,Y,A,-,N,,,,,,,,,,N,4,0,3,2,A,-,9,21800,A,N,D,C,A,A,H,-,A,D,0,,,,,Y,,A,1,0,0,3,0,0,0,0,0,0,- ,- ,33.33852005,-115.9806366,IMPERIAL,UNINCORPORATED,-115.9806137,33.33860016
91255206,2020,6/22/2020,9625,6/19/2020,320,20263,,5,3,9,1300,0,3,5,,2,20,BEAL ROAD,LOW ROAD,5280,W,N,A,-,N,,,,,,,,,,Y,2,0,4,1,A,-,1,23152,A,N,F,A,A,A,H,-,D,D,0,,,,,Y,Y,A,7,2,2,0,0,0,0,0,0,0,- ,- ,33.25468826,-115.4736099,IMPERIAL,UNINCORPORATED,-115.4762115,33.2491188
91259961,2020,6/29/2020,9625,6/21/2020,1155,17727,,7,1,9,1300,0,3,5,,2,20,WILKINS ROAD,GILLESPIE ROAD,255,S,N,A,-,N,,,,,,,,,,Y,2,0,1,1,A,-,8,22107,,N,F,A,A,A,H,-,A,D,0,,,Y,,Y,,C,2,1,0,0,0,0,0,0,0,1,- ,- ,33.28435898,-115.52742,IMPERIAL,UNINCORPORATED,-115.5282364,33.28489685
91261142,2020,6/30/2020,9625,6/23/2020,1515,19035,,2,2,9,1300,0,3,5,,2,40,ROSS ROAD,NICHOLS ROAD,54,W,N,A,-,N,,,,,,,,,,Y,4,0,1,2,A,-,3,22350,,N,C,C,A,A,H,-,A,D,0,,,,Y,Y,,A,1,0,0,1,0,0,0,0,0,0,- ,- ,32.78139877,-115.6036987,IMPERIAL,UNINCORPORATED,-115.6036148,32.78145981
91264453,2020,7/7/2020,9625,6/27/2020,52,21107,,6,3,9,1300,0,2,4,,2,45,EVAN HEWES HIGHWAY,SILSBEE ROAD,598,E,N,A,-,N,,,,,,,,,,Y,3,0,2,1,A,-,8,22107,,N,E,I,A,A,H,-,D,D,0,,,,,Y,,A,1,0,1,1,0,0,0,0,0,0,- ,- ,32.79660034,-115.6437683,IMPERIAL,UNINCORPORATED,-115.644516,32.79656982
91264767,2020,7/7/2020,9625,6/30/2020,845,19225,,2,1,9,1300,0,3,5,,2,40,CLARK ROAD,WILLOUGHBY ROAD,247,S,N,A,-,N,,,,,,,,,,Y,3,0,1,1,A,-,1,23152,A,N,E,I,A,A,H,-,A,D,0,,,,,Y,Y,A,1,0,1,0,0,0,0,0,0,0,- ,- ,32.70716858,-115.559761,IMPERIAL,UNINCORPORATED,-115.5598602,32.70783615
91265176,2020,7/8/2020,9625,7/6/2020,450,18468,,1,3,9,1300,0,3,5,,2,50,EAST 7TH STREET,PARKYNS AVENUE,24,W,N,A,-,N,,,,,,,,,,Y,3,0,1,1,A,-,8,22107,,F,E,I,A,A,H,-,C,D,0,,,,,Y,,D,22,0,1,0,0,0,0,0,0,0,- ,- ,32.73175812,-115.5289307,IMPERIAL,UNINCORPORATED,-115.5288849,32.73173141
91265538,2020,7/13/2020,9625,7/2/2020,456,21107,,4,3,9,1300,0,1,1,,2,1,INTERSTATE 8 E/B,MOUNTAIN SPRINGS ROAD,13042,E,N,A,-,Y,,,8,,,,,,E,Y,2,0,3,1,A,-,8,22107,,N,E,J,A,A,H,-,D,D,0,,,,,Y,,A,1,1,2,0,0,0,0,0,0,0,- ,- ,32.68548965,-116.0656662,IMPERIAL,UNINCORPORATED,-116.0656204,32.6854744
91266885,2020,7/10/2020,9625,7/1/2020,1255,18930,,3,1,9,1300,0,1,3,,1,54,SR-111 N/B,EVAN HEWES HIGHWAY,130,S,N,A,-,Y,,,111,,,,,,N,N,4,0,1,2,A,-,3,22350,,N,C,C,A,A,H,-,A,A,0,,,,,Y,,A,7,0,0,1,0,0,0,0,0,0,- ,- ,32.79940033,-115.5002975,IMPERIAL,UNINCORPORATED,-115.500618,32.79944611
91267865,2020,7/13/2020,9625,7/3/2020,340,22010,,5,3,9,1300,0,1,1,,2,3,INTERSTATE 8 E/B,SILSBEE ROAD,2693,W,N,A,-,Y,,,8,,,,,,E,Y,2,0,2,1,A,-,1,23152,A,N,E,I,A,A,H,-,D,D,0,,,,,Y,Y,A,1,1,1,0,0,0,0,0,0,0,- ,- ,32.77357864,-115.6555405,IMPERIAL,UNINCORPORATED,-115.6555405,32.77379608
91269698,2020,7/16/2020,9625,7/3/2020,923,18930,,5,1,9,1300,0,1,3,,2,53,SR-111 N/B,HEBER ROAD,1530,S,N,A,-,Y,,,111,,,,,,N,Y,4,0,2,2,A,-,8,22107,,F,B,C,A,A,H,-,A,D,0,,,,,Y,,D,22,0,0,2,0,0,0,0,0,0,- ,- ,32.72576141,-115.5001907,IMPERIAL,UNINCORPORATED,-115.5003281,32.7257576
91269909,2020,7/16/2020,9625,7/13/2020,2245,18468,,1,3,9,1300,0,3,5,,2,40,ATEN ROAD,SILSBEE ROAD,9,W,N,A,-,N,,,,,,,,,,Y,3,0,1,1,A,-,1,23152,A,N,E,I,A,A,H,-,D,D,0,,,,,Y,Y,A,1,0,1,0,0,0,0,0,0,0,- ,- ,32.82553101,-115.6464996,IMPERIAL,UNINCORPORATED,-115.6464615,32.82553101