CASE_ID,ACCIDENT_YEAR,PROC_DATE,JURIS,COLLISION_DATE,COLLISION_TIME,OFFICER_ID,REPORTING_DISTRICT,DAY_OF_WEEK,CHP_SHIFT,POPULATION,CNTY_CITY_LOC,SPECIAL_COND,BEAT_TYPE,CHP_BEAT_TYPE,CITY_DIVISION_LAPD,CHP_BEAT_CLASS,BEAT_NUMBER,PRIMARY_RD,SECONDARY_RD,DISTANCE,DIRECTION,INTERSECTION,WEATHER_1,WEATHER_2,STATE_HWY_IND,CALTRANS_COUNTY,CALTRANS_DISTRICT,STATE_ROUTE,ROUTE_SUFFIX,POSTMILE_PREFIX,POSTMILE,LOCATION_TYPE,RAMP_INTERSECTION,SIDE_OF_HWY,TOW_AWAY,COLLISION_SEVERITY,NUMBER_KILLED,NUMBER_INJURED,PARTY_COUNT,PRIMARY_COLL_FACTOR,PCF_CODE_OF_VIOL,PCF_VIOL_CATEGORY,PCF_VIOLATION,PCF_VIOL_SUBSECTION,HIT_AND_RUN,TYPE_OF_COLLISION,MVIW,PED_ACTION,ROAD_SURFACE,ROAD_COND_1,ROAD_COND_2,LIGHTING,CONTROL_DEVICE,CHP_ROAD_TYPE,PEDESTRIAN_ACCIDENT,BICYCLE_ACCIDENT,MOTORCYCLE_ACCIDENT,TRUCK_ACCIDENT,NOT_PRIVATE_PROPERTY,ALCOHOL_INVOLVED,STWD_VEHTYPE_AT_FAULT,CHP_VEHTYPE_AT_FAULT,COUNT_SEVERE_INJ,COUNT_VISIBLE_INJ,COUNT_COMPLAINT_PAIN,COUNT_PED_KILLED,COUNT_PED_INJURED,COUNT_BICYCLIST_KILLED,COUNT_BICYCLIST_INJURED,COUNT_MC_KILLED,COUNT_MC_INJURED,PRIMARY_RAMP,SECONDARY_RAMP,LATITUDE,LONGITUDE,COUNTY,CITY,POINT_X,POINT_Y
91272548,2020,7/22/2020,9625,7/12/2020,650,19035,,7,1,9,1300,0,2,4,,2,47,FORRESTER ROAD,BLAIS ROAD,1350,N,N,A,-,N,,,,,,,,,,Y,4,0,2,1,A,-,8,22107,,N,E,I,A,A,H,-,A,D,0,,,,,Y,,D,22,0,0,2,0,0,0,0,0,0,- ,- ,32.95100021,-115.6228027,IMPERIAL,UNINCORPORATED,-115.6232986,32.95156097
91276707,2020,7/30/2020,9625,7/18/2020,840,18930,,6,1,9,1300,0,1,1,,2,5,INTERSTATE 8,VAN DER LINDEN ROAD,30,E,N,A,-,Y,,,,,,,,,,Y,4,0,1,1,A,-,3,22350,,N,F,I,A,A,H,-,A,D,0,,,,Y,Y,,G,27,0,0,1,0,0,0,0,0,0,- ,- ,32.77190018,-115.2854996,IMPERIAL,UNINCORPORATED,,
91277359,2020,7/30/2020,9625,7/28/2020,1230,18368,,2,1,9,1300,0,1,3,,1,12,SR-86 N/B,BLACK DIAMOND ROAD,0,,Y,A,-,Y,,,86,,,,,,N,Y,3,0,2,2,A,-,9,21802,A,N,D,C,A,A,H,-,A,A,0,,,,,Y,,D,22,0,2,0,0,0,0,0,0,0,- ,- ,33.3572998,-116.0186996,IMPERIAL,UNINCORPORATED,-116.0184479,33.35737991
91280161,2020,8/4/2020,9620,7/24/2020,1849,21051,Quech,5,2,9,1300,0,2,4,,1,72,WINTERHAVEN DR,PICACHO RD,10,N,N,A,-,N,,,,,,,,,,Y,4,0,1,1,A,-,1,23152,F,N,E,I,A,A,H,-,A,A,0,,,,,Y,,A,8,0,0,1,0,0,0,0,0,0,- ,- ,32.73656082,-114.6268768,IMPERIAL,UNINCORPORATED,,
91281108,2020,8/5/2020,9625,8/1/2020,320,22010,,6,3,9,1300,0,3,5,,2,10,LOVELAND ROAD,ANDRE ROAD,475,N,N,A,-,N,,,,,,,,,,Y,4,0,1,1,A,-,3,22350,,N,E,I,A,A,H,-,D,D,0,,,,,Y,,A,1,0,0,1,0,0,0,0,0,0,- ,- ,33.02212906,-115.6043777,IMPERIAL,UNINCORPORATED,-115.6043167,33.01684952
91281751,2020,8/6/2020,9625,5/30/2020,552,18617,,6,3,9,1300,0,3,5,,2,20,KERSHAW ROAD,WILLIAMS ROAD,295,N,N,A,-,N,,,,,,,,,,Y,1,1,0,1,A,-,8,22107,,N,E,I,A,A,H,-,A,D,0,,,,,Y,,A,1,0,0,0,0,0,0,0,0,0,- ,- ,33.07012177,-115.5067978,IMPERIAL,UNINCORPORATED,-115.5067596,33.07078934
91284128,2020,8/11/2020,9625,8/2/2020,137,20516,,7,3,9,1300,0,3,5,,2,40,KRAMER ROAD,SILSBEE ROAD,16,E,N,A,-,N,,,,,,,,,,Y,2,0,1,1,A,-,1,23152,A,N,E,I,A,A,H,-,D,A,0,,,,,Y,Y,D,22,1,0,0,0,0,0,0,0,0,- ,- ,32.76702881,-115.6464005,IMPERIAL,UNINCORPORATED,-115.6463928,32.76691818
91284496,2020,8/11/2020,9625,8/4/2020,1106,17809,,2,1,9,1300,0,1,1,,2,4,I-8 W/B,DOGWOOD ROAD,2352,W,N,A,-,Y,,,,,,,,,,Y,2,0,1,2,A,-,3,22350,,N,C,C,A,A,H,-,A,A,0,,,,,Y,,A,1,1,0,0,0,0,0,0,0,0,- ,- ,32.77391815,-115.542778,IMPERIAL,UNINCORPORATED,-115.5428162,32.77387238
91285647,2020,8/13/2020,9625,8/7/2020,2330,21107,,5,3,9,1300,0,1,1,,2,5,I-8 E/B,DOGWOOD ROAD,2575,E,N,A,-,Y,,,8,,,,,,E,Y,2,0,2,2,A,-,8,22107,,N,C,C,A,A,H,-,D,D,0,,,,,Y,,A,1,1,1,0,0,0,0,0,0,0,- ,- ,32.77373886,-115.5267487,IMPERIAL,UNINCORPORATED,-115.5267487,32.77371979
91286532,2020,8/14/2020,9625,8/8/2020,605,18930,,6,1,9,1300,0,1,1,,2,6,INTERSTATE 8 W/B,SR-98,10560,W,N,A,-,Y,,,8,,,,,,W,Y,4,0,1,2,A,-,3,22350,,N,C,C,A,A,H,-,A,D,0,,,,,Y,,D,22,0,0,1,0,0,0,0,0,0,- ,- ,32.7179985,-115.1115036,IMPERIAL,UNINCORPORATED,-115.1115112,32.71796799
91292450,2020,8/25/2020,9625,8/14/2020,2115,18792,,5,2,9,1300,0,2,4,,2,46,DOGWOOD ROAD,SCHARTZ ROAD,1581,N,N,A,-,N,,,,,,,,,,Y,2,0,2,1,A,-,3,22350,,N,E,I,A,A,H,-,D,D,0,,,,,Y,,A,1,1,0,1,0,0,0,0,0,0,- ,- ,32.94628143,-115.5355301,IMPERIAL,UNINCORPORATED,-115.5355225,32.94610977
91298273,2020,9/3/2020,9625,8/28/2020,1355,19582,,5,1,9,1300,0,3,5,,2,50,OLD HIGHWAY 111,ATEN ROAD,1247,N,N,A,-,N,,,,,,,,,,N,3,0,1,1,A,-,8,22107,,N,F,A,A,A,H,-,A,D,0,,,Y,,Y,,C,2,0,1,0,0,0,0,0,0,1,- ,- ,32.82946014,-115.5013275,IMPERIAL,UNINCORPORATED,-115.5012512,32.82917786
91300965,2020,9/8/2020,9625,8/27/2020,2145,22010,,4,2,9,1300,0,3,5,,2,20,BEAL ROAD,CUFF ROAD,500,W,N,A,-,N,,,,,,,,,,N,4,0,1,1,A,-,3,22350,,N,F,A,A,A,A,-,D,D,0,,,Y,,Y,,C,2,0,0,1,0,0,0,0,0,1,- ,- ,33.24174118,-115.4997864,IMPERIAL,UNINCORPORATED,-115.4961624,33.24180603
91306588,2020,9/17/2020,9625,7/3/2020,1544,19667,,5,2,9,1300,0,1,1,,2,2,INTERSTATE 8 W/B,MOUNTAIN SPRINGS ROAD,4278,W,N,A,-,Y,,,8,,,,,,W,Y,1,1,0,1,A,-,8,22107,,N,E,I,A,A,H,-,A,D,0,,,,,Y,,A,1,0,0,0,0,0,0,0,0,0,- ,- ,32.67187119,-116.1064301,IMPERIAL,UNINCORPORATED,-116.1064606,32.67185593
91307151,2020,9/18/2020,9625,9/14/2020,500,18468,,1,3,9,1300,0,1,3,,1,42,STATE ROUTE 98,CORDA ROAD,5,W,N,A,-,Y,,,98,,,,,,,Y,4,0,4,2,A,-,5,21752,D,N,B,C,A,A,H,-,D,A,0,,,,,Y,,-,98,0,0,4,0,0,0,0,0,0,- ,- ,32.67937851,-115.5957336,IMPERIAL,UNINCORPORATED,-115.595726,32.67972183
91308132,2020,9/21/2020,9625,9/16/2020,400,20516,,3,3,9,1300,0,1,3,,1,42,STATE ROUTE 98,SIGNAL ROAD,19642,W,N,A,-,Y,,,98,,,,,,,Y,3,0,1,1,A,-,8,22107,,N,F,A,A,A,H,-,D,D,0,,,,,Y,,A,1,0,1,0,0,0,0,0,0,0,- ,- ,32.67779922,-115.7501678,IMPERIAL,UNINCORPORATED,-115.7501678,32.67781448
91308177,2020,9/21/2020,9625,9/19/2020,1230,18368,,6,1,9,1300,0,3,5,,2,40,CLARK ROAD,HEBER ROAD,1700,N,N,A,-,N,,,,,,,,,,Y,4,0,1,1,A,-,8,22107,,N,E,I,A,A,H,-,A,D,0,,,,,Y,,A,1,0,0,1,0,0,0,0,0,0,- ,- ,32.73514175,-115.5603867,IMPERIAL,UNINCORPORATED,-115.560318,32.73064041
91308254,2020,9/21/2020,9625,9/19/2020,512,19582,,6,3,9,1300,0,1,1,,2,3,I-8 E/B,JEFFERY ROAD,300,E,N,A,-,Y,,,8,,,,,,E,N,4,0,1,2,A,-,8,22107,,F,D,C,A,A,H,-,A,D,0,,,,,Y,,A,1,0,0,1,0,0,0,0,0,0,- ,- ,32.77312851,-115.7591171,IMPERIAL,UNINCORPORATED,-115.7591171,32.7730484
91308419,2020,9/21/2020,9625,6/5/2020,2500,18930,,5,4,9,1300,0,1,1,,2,1,I-8 E/B,MOUNTAIN SPRINGS ROAD,5280,W,N,A,G,Y,,,8,,,,,,E,Y,1,1,0,1,A,-,8,22107,,N,E,J,A,A,H,-,D,D,0,,,,,Y,,D,22,0,0,0,0,0,0,0,0,0,- ,- ,32.66933823,-116.1055679,IMPERIAL,UNINCORPORATED,-116.1055222,32.6693306
91308471,2020,9/21/2020,9625,9/17/2020,1135,18617,,4,1,9,1300,0,3,5,,2,50,BOWKER ROAD,GILLETT ROAD,104,S,N,A,-,N,,,,,,,,,,N,4,0,1,1,A,-,8,22107,,N,E,J,A,A,H,-,A,D,0,,,,,Y,,A,1,0,0,1,0,0,0,0,0,0,- ,- ,32.78504181,-115.473793,IMPERIAL,UNINCORPORATED,-115.4738312,32.78478622
91312087,2020,9/25/2020,9625,9/24/2020,824,19035,,4,1,9,1300,0,2,4,,2,46,DOGWOOD ROAD,COLE ROAD,0,,Y,A,-,N,,,,,,,,,,Y,4,0,1,2,A,-,3,22350,,N,C,C,A,A,H,-,A,D,0,,,,,Y,,A,1,0,0,1,0,0,0,0,0,0,- ,- ,32.69380188,-115.5339966,IMPERIAL,UNINCORPORATED,-115.5339813,32.69400024
9131602,2020,9/30/2020,1304,7/10/2020,1200,SEID,EAST,5,5,4,1304,0,0,0,,0,EAST,4TH,ORANGE,0,,Y,A,-,N,,,,,,,,,,Y,3,0,1,2,A,-,12,21453,A,N,A,G,A,A,H,-,A,D,0,,Y,,,Y,Y,L,4,0,1,0,0,0,0,1,0,0,- ,- ,,,IMPERIAL,EL CENTRO,-115.5525131,32.78876877
91323088,2020,10/13/2020,9625,10/5/2020,423,21107,,1,3,9,1300,0,1,1,,2,4,INTERSTATE 8 WESTBOUND,DUNAWAY ROAD,815,E,N,A,-,Y,,,8,,,,,,W,Y,2,0,1,2,A,-,3,22350,,N,C,C,A,A,H,-,D,D,0,,,,Y,Y,,A,1,1,0,0,0,0,0,0,0,0,- ,- ,32.76955032,-115.7978134,IMPERIAL,UNINCORPORATED,-115.7978287,32.76964951
91329596,2020,10/22/2020,9625,10/13/2020,2120,18792,,2,2,9,1300,0,1,3,,1,54,SR-111 S/B,EVAN HEWES HIGHWAY,83,N,N,A,-,Y,,,111,,,,,,S,Y,4,0,2,3,A,-,3,22350,,N,C,C,A,A,H,-,C,A,0,,,,,Y,,A,1,0,0,2,0,0,0,0,0,0,- ,- ,32.80006027,-115.5007401,IMPERIAL,UNINCORPORATED,-115.5005569,32.80005646
91333464,2020,10/28/2020,9625,9/24/2020,1015,17727,,4,1,9,1300,0,3,5,,2,20,RUTHERFORD ROAD,JACKSON ROAD,241,E,N,A,-,N,,,,,,,,,,Y,1,1,0,1,A,-,8,22107,,N,E,I,A,A,H,-,A,D,0,,,,,Y,,D,22,0,0,0,0,0,0,0,0,0,- ,- ,33.04454041,-115.4652328,IMPERIAL,UNINCORPORATED,-115.465271,33.04457092
91337093,2020,11/2/2020,9625,10/25/2020,2038,20263,,7,2,9,1300,0,3,5,,2,20,HUFF ROAD,IMLER ROAD,2640,S,N,A,-,N,,,,,,,,,,Y,3,0,2,1,A,-,3,22350,,N,E,I,A,A,H,-,D,D,0,,,,,Y,,D,22,0,1,1,0,0,0,0,0,0,- ,- ,32.91365051,-115.7106018,IMPERIAL,UNINCORPORATED,-115.7169266,32.90182495
91337309,2020,11/2/2020,9625,10/31/2020,1613,19225,,6,2,9,1300,0,1,3,,1,54,SR-111 S/B,KEYSTONE ROAD,0,,Y,A,-,Y,,,111,,,,,,S,Y,3,0,2,2,A,-,9,21453,C,N,D,C,A,A,H,-,A,A,0,,,,,Y,,D,22,0,1,1,0,0,0,0,0,0,- ,- ,32.91262054,-115.5092316,IMPERIAL,UNINCORPORATED,-115.50914,32.91261673
91337333,2020,11/2/2020,9625,10/31/2020,1150,19668,,6,1,9,1300,0,3,5,,2,40,HUFF ROAD,ADAIR ROAD,3255,S,N,A,-,N,,,,,,,,,,Y,4,0,2,1,A,-,3,22350,,N,F,A,A,A,H,-,A,D,0,,,,,Y,,A,1,0,0,2,0,0,0,0,0,0,- ,- ,32.82809067,-115.7182999,IMPERIAL,UNINCORPORATED,-115.7183533,32.82751083
91337361,2020,11/3/2020,9625,10/29/2020,1620,18930,,4,2,9,1300,0,3,5,,2,50,PARKYNS ROAD,NINTH STREET,0,,Y,A,-,N,,,,,,,,,,Y,4,0,1,2,A,-,9,21800,A,N,D,C,A,A,H,-,A,D,0,,,,,Y,,A,1,0,0,1,0,0,0,0,0,0,- ,- ,32.72940063,-115.5292969,IMPERIAL,UNINCORPORATED,-115.5288086,32.72961044
91338022,2020,11/3/2020,9625,10/30/2020,1150,18279,,5,1,9,1300,0,3,5,,2,40,HUFF ROAD,WORTHINGTON ROAD,1161,N,N,A,-,N,,,,,,,,,,Y,3,0,2,1,A,-,8,22107,,N,E,I,A,A,H,-,A,D,0,,,,,Y,,A,1,0,2,0,0,0,0,0,0,0,- ,- ,32.85380173,-115.7185974,IMPERIAL,UNINCORPORATED,-115.7185898,32.85344315
91341746,2020,1/19/2021,9625,11/1/2020,1430,18930,,7,2,9,1300,0,1,3,,2,24,SR-78,OSBORNE PARK ROAD,9504,E,N,A,-,Y,,,78,,,,,,,N,1,1,0,1,C,-,18,,,N,H,A,A,A,H,-,A,D,0,,,,,Y,,-,- ,0,0,0,0,0,0,0,0,0,- ,- ,32.99380112,-115.1056519,IMPERIAL,UNINCORPORATED,-115.1056519,32.99380875
91347247,2020,11/17/2020,9625,11/12/2020,2015,19225,,4,2,9,1300,0,3,5,,2,10,NORM NIVER ROAD,NURSERY ROAD,40,S,N,A,-,N,,,,,,,,,,Y,4,0,1,2,A,-,8,22107,,N,D,C,A,A,H,-,D,D,0,,,,Y,Y,,A,1,0,0,1,0,0,0,0,0,0,- ,- ,33.35725021,-116.0210037,IMPERIAL,UNINCORPORATED,,
91350861,2020,11/23/2020,9620,11/13/2020,2031,19291,,5,2,9,1300,0,2,4,,1,61,OGILBY RD,SR-78,46464,S,N,A,-,N,,,,,,,,,,Y,4,0,1,2,A,-,16,24002,A,F,E,J,A,A,H,-,D,D,0,,,,,Y,,E,22,0,0,1,0,0,0,0,0,0,- ,- ,32.96306992,-114.8947906,IMPERIAL,UNINCORPORATED,-114.8947678,32.96269989
91354023,2020,11/25/2020,9625,11/14/2020,1144,22010,,6,1,9,1300,0,1,1,,2,5,I-8 E/B FROM SR-111 S/B,SR-111,370,W,N,A,-,Y,,,8,,,,R,,E,Y,4,0,1,1,A,-,3,22350,,N,F,A,A,A,H,-,A,A,0,,,,,Y,,-,31,0,0,1,0,0,0,0,0,0,- ,- ,32.77280045,-115.5016937,IMPERIAL,UNINCORPORATED,-115.5016937,32.77280045
91361591,2020,12/8/2020,9625,11/28/2020,530,18792,,6,3,9,1300,0,3,5,,2,20,BLAIR ROAD,SCHRIMPF ROAD,542,S,N,A,-,N,,,,,,,,,,Y,4,0,1,1,A,-,1,23152,A,N,E,I,A,A,H,-,D,D,0,,,,,Y,Y,A,1,0,0,1,0,0,0,0,0,0,- ,- ,33.19654846,-115.493309,IMPERIAL,UNINCORPORATED,-115.493248,33.19683838
91363781,2020,12/10/2020,9625,12/8/2020,435,21107,,2,3,9,1300,0,3,5,,2,50,BARBARA WORTH ROAD,EVAN HEWES HIGHWAY,2636,S,N,A,-,N,,,,,,,,,,Y,3,0,1,1,A,-,8,22107,,N,F,A,A,A,H,-,D,D,0,,,,,Y,,A,1,0,1,0,0,0,0,0,0,0,- ,- ,32.79627991,-115.4307327,IMPERIAL,UNINCORPORATED,-115.4306488,32.79655838
91368836,2020,12/16/2020,9625,12/4/2020,1227,18933,,5,1,9,1300,0,3,5,,2,40,AUSTIN ROAD,SR-86,38,S,N,A,-,Y,,,,,,,,,,Y,3,0,1,1,A,-,3,22350,,N,F,I,A,A,H,-,A,D,0,,,,,Y,,A,1,0,1,0,0,0,0,0,0,0,- ,- ,32.95080185,-115.5674973,IMPERIAL,UNINCORPORATED,-115.5669937,32.95037842
91373121,2020,12/22/2020,9625,12/15/2020,850,18368,,2,1,9,1300,0,3,5,,2,40,HUFF ROAD,WHEELER ROAD,3789,N,N,A,-,N,,,,,,,,,,Y,3,0,1,1,A,-,8,22107,,N,E,I,A,A,H,-,A,D,0,,,,,Y,,A,1,0,1,0,0,0,0,0,0,0,- ,- ,32.89225006,-115.7185211,IMPERIAL,UNINCORPORATED,-115.718483,32.89208984
91373821,2020,12/23/2020,9625,12/17/2020,630,19225,,4,1,9,1300,0,1,3,,1,11,SR-86 (SOUTHBOUND),NORM NIVER ROAD,1300,N,N,A,-,Y,,,86,,,,,,,Y,3,0,2,1,A,-,8,22107,,N,E,I,A,A,H,-,A,D,0,,,,,Y,,A,1,0,2,0,0,0,0,0,0,0,- ,- ,33.3608284,-116.0197983,IMPERIAL,UNINCORPORATED,-116.0198822,33.36080551
91376325,2020,12/28/2020,9625,12/18/2020,2202,21107,,5,3,9,1300,0,2,4,,2,46,COLE ROAD,DOGWOOD ROAD,0,,Y,A,-,N,,,,,,,,,,Y,3,0,5,3,A,-,12,22450,A,N,D,C,A,A,H,-,D,A,0,,,,,Y,,A,1,0,3,2,0,0,0,0,0,0,- ,- ,32.69403839,-115.5339737,IMPERIAL,UNINCORPORATED,-115.5339813,32.69400024
91376376,2020,12/28/2020,9625,12/19/2020,1154,20738,,6,1,9,1300,0,1,3,,1,54,SR-111 SOUTHBOUND,EVAN HEWES HIGHWAY,3010,S,N,A,-,Y,,,111,,,,,,S,N,4,0,1,2,A,-,3,22350,,N,C,C,A,A,D,-,A,D,0,,,,,Y,,A,7,0,0,1,0,0,0,0,0,0,- ,- ,32.79140091,-115.5008698,IMPERIAL,UNINCORPORATED,-115.5006943,32.79139709
91381309,2020,1/5/2021,9625,12/31/2020,735,19225,,4,1,9,1300,0,3,5,,2,10,KALIN ROAD,FREDRICKS ROAD,80,S,N,A,-,N,,,,,,,,,,Y,4,0,1,1,A,-,8,22107,,N,E,I,A,A,H,-,A,D,0,,,,,Y,,A,1,0,0,1,0,0,0,0,0,0,- ,- ,33.00059891,-115.578598,IMPERIAL,UNINCORPORATED,-115.5785904,33.00073242
91381344,2021,1/5/2021,9625,1/1/2021,135,20263,,5,3,9,1300,0,2,4,,2,47,FORRESTER ROAD,WORTHINGTON ROAD,0,,Y,A,-,N,,,,,,,,,,Y,3,0,3,2,A,-,1,23152,G,N,D,C,A,A,H,-,C,A,0,,,,,Y,Y,D,22,0,2,1,0,0,0,0,0,0,- ,- ,32.8473587,-115.6207428,IMPERIAL,UNINCORPORATED,-115.6207581,32.84738922
91382858,2021,1/6/2021,9625,1/4/2021,1853,18468,,1,2,9,1300,0,1,3,,1,44,STATE ROUTE 86 (N/B),AUSTIN ROAD,0,,Y,A,-,Y,,,86,,,,,,,Y,4,0,1,1,A,-,8,22107,,N,E,I,A,A,H,-,D,D,0,,,,,Y,,A,7,0,0,1,0,0,0,0,0,0,- ,- ,32.95037842,-115.5669327,IMPERIAL,UNINCORPORATED,-115.5669479,32.95042801
91383576,2020,1/7/2021,9625,11/8/2020,2130,20738,,7,2,9,1300,0,1,1,,2,1,I-8 E/B,OLD HIGHWAY 80,6336,E,N,B,G,Y,,,8,,,,,,E,Y,1,1,1,1,A,-,8,22107,,N,F,A,A,B,H,-,D,D,0,,,,,Y,,A,1,1,0,0,0,0,0,0,0,0,- ,- ,32.65774155,-116.0968933,IMPERIAL,UNINCORPORATED,-116.0969849,32.65771866
91389518,2021,1/18/2021,9625,1/13/2021,2303,20738,,3,3,9,1300,0,1,3,,1,11,SR-86 SOUTHBOUND,BANNISTER ROAD,1954,S,N,A,-,Y,,,86,,,,,,S,Y,3,0,1,1,A,-,8,22107,,N,E,I,A,A,H,-,D,D,0,,,,,Y,,A,1,0,1,0,0,0,0,0,0,0,- ,- ,33.04758835,-115.7177124,IMPERIAL,UNINCORPORATED,-115.7176895,33.04760742
91391802,2021,1/21/2021,9625,1/10/2021,2500,19225,,7,4,9,1300,0,3,5,,2,10,RUTHERFORD ROAD,KALIN ROAD,0,,Y,A,-,N,,,,,,,,,,Y,1,1,0,1,A,-,3,22350,,N,E,I,A,A,H,-,D,A,0,,,,,Y,,A,1,0,0,0,0,0,0,0,0,0,- ,- ,33.04454041,-115.578537,IMPERIAL,UNINCORPORATED,-115.5784912,33.04452896
91393381,2021,1/25/2021,9625,1/18/2021,1040,16248,,1,1,9,1300,0,1,1,,2,5,E/B I-8 TO N/B SR-111,SR-111,41,E,N,A,-,Y,,,8,,,,R,,,Y,2,0,1,1,A,-,3,22350,,N,F,A,A,A,H,-,A,D,0,,,,Y,Y,,G,26,1,0,0,0,0,0,0,0,0,- ,- ,32.77294159,-115.5009613,IMPERIAL,UNINCORPORATED,-115.5009613,32.77294159
91393888,2021,1/25/2021,9625,1/21/2021,1530,18468,,4,2,9,1300,0,3,5,,2,20,RUTHERFORD ROAD,BEST ROAD,364,E,N,A,-,N,,,,,,,,,,Y,3,0,1,1,A,-,8,22107,,N,E,I,A,A,H,-,A,D,0,,,,,Y,,A,1,0,1,0,0,0,0,0,0,0,- ,- ,33.04444885,-115.5087738,IMPERIAL,UNINCORPORATED,-115.5080795,33.04449844
91395081,2021,1/27/2021,9625,1/21/2021,932,17075,,4,1,9,1300,0,3,5,,2,10,BRANDT ROAD,WILKINSON ROAD,1833,N,N,A,-,N,,,,,,,,,,Y,4,0,1,1,A,-,8,22107,,N,F,A,A,A,H,-,A,D,0,,,,,Y,,A,1,0,0,1,0,0,0,0,0,0,- ,- ,33.14461136,-115.5625992,IMPERIAL,UNINCORPORATED,-115.5625992,33.1452713
91399525,2021,2/1/2021,9625,1/25/2021,43,21107,,1,3,9,1300,0,3,5,,2,10,SOUTH MARINA DRIVE,SEA CREST PLACE,10,E,N,B,-,N,,,,,,,,,,Y,3,0,1,1,A,-,1,23152,A,N,F,A,A,A,H,-,D,D,0,,,,,Y,Y,A,1,0,1,0,0,0,0,0,0,0,- ,- ,33.31196976,-115.9451218,IMPERIAL,UNINCORPORATED,-115.9452362,33.31184769
91402503,2021,2/4/2021,9625,1/28/2021,1611,19582,,4,2,9,1300,0,1,3,,1,42,SR-98,WEED ROAD,0,,Y,A,-,Y,,,98,,,,,,,Y,2,0,4,2,A,-,9,21801,A,N,A,C,A,A,H,-,A,D,0,,,,,Y,,A,1,1,2,1,0,0,0,0,0,0,- ,- ,32.67932129,-115.5683594,IMPERIAL,UNINCORPORATED,-115.5683594,32.67935944
91404268,2021,2/8/2021,9620,1/27/2021,445,18028,,3,3,9,1300,0,1,1,,2,81,INTERSTATE 8 E/B,OGILBY RD.,1541,W,N,A,-,Y,,,8,,,,,,E,Y,1,1,0,1,A,-,8,22107,,N,F,A,A,A,H,-,D,D,0,,,,,Y,,A,7,0,0,0,0,0,0,0,0,0,- ,- ,32.76028061,-114.8418808,IMPERIAL,UNINCORPORATED,-114.8418884,32.76033401
91406078,2021,2/10/2021,9625,1/29/2021,1215,17727,,5,1,9,1300,0,1,3,,1,21,SR-111,BAUGHMAN ROAD,210,N,N,A,-,Y,,,111,,,,,,,Y,4,0,1,2,A,-,3,22350,,N,C,C,A,A,H,-,A,D,0,,,,,Y,,A,7,0,0,1,0,0,0,0,0,0,- ,- ,33.03070068,-115.5269012,IMPERIAL,UNINCORPORATED,-115.5268784,33.03070068
91406216,2021,2/10/2021,9625,2/3/2021,1635,19582,,3,2,9,1300,0,3,5,,2,10,S22,CROSS OVER TRAIL RD.,1056,W,N,A,-,N,,,,,,,,,,Y,3,0,2,1,A,-,8,22107,,N,E,J,A,A,H,-,A,D,0,,,,,Y,,A,1,0,1,1,0,0,0,0,0,0,- ,- ,33.26623917,-116.0187607,IMPERIAL,UNINCORPORATED,,
91406747,2021,2/11/2021,9625,2/3/2021,818,18468,,3,1,9,1300,0,1,3,,1,12,STATE ROUTE 86 (S/B),NORM NIVER ROAD,0,,Y,A,-,Y,,,86,,,,,,,Y,4,0,3,2,A,-,9,21802,A,N,D,C,A,A,H,-,A,A,0,,,,,Y,,E,22,0,0,3,0,0,0,0,0,0,- ,- ,33.35763168,-116.0187225,IMPERIAL,UNINCORPORATED,-116.0188904,33.35757828
91407716,2021,2/12/2021,9625,2/4/2021,1150,17075,,4,1,9,1300,0,3,5,,2,20,NILAND AVENUE,5TH STREET,43,N,N,A,-,N,,,,,,,,,,Y,4,0,1,1,A,-,8,22107,,N,A,I,A,A,H,-,A,D,0,,,,,Y,,A,1,0,0,1,0,0,0,0,0,0,- ,- ,33.23696899,-115.5136871,IMPERIAL,UNINCORPORATED,-115.5135956,33.23698044
91409408,2021,2/16/2021,9625,2/5/2021,2130,17727,,5,2,9,1300,0,3,5,,2,20,MACFADDEN ROAD,REEVES ROAD,25,E,N,A,-,N,,,,,,,,,,Y,3,0,2,1,A,-,8,22107,,N,F,J,A,A,H,-,D,D,0,,,,,Y,,D,22,0,2,0,0,0,0,0,0,0,- ,- ,33.08969879,-115.5447006,IMPERIAL,UNINCORPORATED,-115.5447006,33.08953094
91409429,2021,2/16/2021,9625,2/9/2021,2151,21107,,2,2,9,1300,0,1,3,,2,23,STATE ROUTE 115,YOCUM ROAD,400,N,N,A,-,Y,,,115,,,,,,,Y,2,0,2,1,A,-,1,23152,A,N,F,A,A,A,H,-,D,D,0,,,,,Y,Y,A,7,2,0,0,0,0,0,0,0,0,- ,- ,33.11223984,-115.4497604,IMPERIAL,UNINCORPORATED,-115.4497299,33.11223984