CASE_ID,ACCIDENT_YEAR,PROC_DATE,JURIS,COLLISION_DATE,COLLISION_TIME,OFFICER_ID,REPORTING_DISTRICT,DAY_OF_WEEK,CHP_SHIFT,POPULATION,CNTY_CITY_LOC,SPECIAL_COND,BEAT_TYPE,CHP_BEAT_TYPE,CITY_DIVISION_LAPD,CHP_BEAT_CLASS,BEAT_NUMBER,PRIMARY_RD,SECONDARY_RD,DISTANCE,DIRECTION,INTERSECTION,WEATHER_1,WEATHER_2,STATE_HWY_IND,CALTRANS_COUNTY,CALTRANS_DISTRICT,STATE_ROUTE,ROUTE_SUFFIX,POSTMILE_PREFIX,POSTMILE,LOCATION_TYPE,RAMP_INTERSECTION,SIDE_OF_HWY,TOW_AWAY,COLLISION_SEVERITY,NUMBER_KILLED,NUMBER_INJURED,PARTY_COUNT,PRIMARY_COLL_FACTOR,PCF_CODE_OF_VIOL,PCF_VIOL_CATEGORY,PCF_VIOLATION,PCF_VIOL_SUBSECTION,HIT_AND_RUN,TYPE_OF_COLLISION,MVIW,PED_ACTION,ROAD_SURFACE,ROAD_COND_1,ROAD_COND_2,LIGHTING,CONTROL_DEVICE,CHP_ROAD_TYPE,PEDESTRIAN_ACCIDENT,BICYCLE_ACCIDENT,MOTORCYCLE_ACCIDENT,TRUCK_ACCIDENT,NOT_PRIVATE_PROPERTY,ALCOHOL_INVOLVED,STWD_VEHTYPE_AT_FAULT,CHP_VEHTYPE_AT_FAULT,COUNT_SEVERE_INJ,COUNT_VISIBLE_INJ,COUNT_COMPLAINT_PAIN,COUNT_PED_KILLED,COUNT_PED_INJURED,COUNT_BICYCLIST_KILLED,COUNT_BICYCLIST_INJURED,COUNT_MC_KILLED,COUNT_MC_INJURED,PRIMARY_RAMP,SECONDARY_RAMP,LATITUDE,LONGITUDE,COUNTY,CITY,POINT_X,POINT_Y
91413878,2021,2/23/2021,9625,2/17/2021,530,19225,,3,3,9,1300,0,1,3,,1,21,SR-111,RUTHERFORD ROAD,0,,Y,A,-,Y,,,111,,,,,,,Y,4,0,1,2,A,-,9,21802,A,N,D,C,A,A,H,-,A,A,0,,,,,Y,,D,22,0,0,1,0,0,0,0,0,0,- ,- ,33.04452896,-115.5273972,IMPERIAL,UNINCORPORATED,-115.5273361,33.04452515
91414468,2021,2/24/2021,9625,2/21/2021,1655,19668,,7,2,9,1300,0,3,5,,2,20,BRANDT ROAD,EDDINS ROAD,0,,Y,A,-,N,,,,,,,,,,Y,4,0,2,2,A,-,12,22450,A,N,D,C,A,A,H,-,A,A,0,,,,,Y,,A,7,0,0,2,0,0,0,0,0,0,- ,- ,33.12574005,-115.5626068,IMPERIAL,UNINCORPORATED,-115.5625916,33.1257515
91415130,2021,2/25/2021,9625,2/22/2021,128,21107,,1,3,9,1300,0,2,4,,2,47,FORRESTER ROAD,KEYSTONE ROAD,3272,N,N,A,-,N,,,,,,,,,,Y,3,0,1,1,A,-,1,23152,A,N,E,I,A,A,H,-,D,D,0,,,,,Y,Y,A,7,0,1,0,0,0,0,0,0,0,- ,- ,32.92261124,-115.6213226,IMPERIAL,UNINCORPORATED,-115.6213455,32.9226532
91417755,2021,3/1/2021,9620,2/20/2021,940,18535,,6,1,9,1300,0,1,3,,1,63,SR-78 (BEN HULSE HIGHWAY),STALLARD RD,7920,W,N,A,-,Y,,,78,,,,,,,Y,4,0,1,1,A,-,8,22107,,N,E,I,A,A,H,-,A,D,0,,,,,Y,,A,7,0,0,1,0,0,0,0,0,0,- ,- ,33.33845139,-114.7240677,IMPERIAL,UNINCORPORATED,-114.7241058,33.33844757
91417909,2021,3/1/2021,9625,1/26/2021,1018,16248,,2,1,9,1300,0,1,3,,1,54,SR-111 N/B,SCHARTZ ROAD,0,,Y,A,-,Y,,,111,,,,,,N,Y,1,1,1,2,A,-,9,21802,A,N,D,C,A,A,H,-,A,A,0,,,,Y,Y,,A,1,0,0,1,0,0,0,0,0,0,- ,- ,32.94176865,-115.5089569,IMPERIAL,UNINCORPORATED,-115.5091171,32.94176865
91418007,2021,3/1/2021,9625,2/21/2021,2500,20738,,7,4,9,1300,0,1,1,,2,1,I-8 EASTBOUND,MOUNTAIN SPRINGS ROAD,15840,E,N,A,-,Y,,,8,,,,,,E,N,2,0,1,1,A,-,21,22106,,F,H,A,A,A,H,-,D,D,0,,,,,Y,,D,23,1,0,0,0,0,0,0,0,0,- ,- ,32.69313812,-116.0638504,IMPERIAL,UNINCORPORATED,-116.0639114,32.69314194
91418078,2021,3/1/2021,9625,2/24/2021,1232,18468,,3,1,9,1300,0,1,3,,2,55,STATE ROUTE 115,EVAN HEWES HIGHWAY,118,N,N,A,-,Y,,,115,,,,,,,N,4,0,1,1,A,-,3,22350,,N,E,I,A,A,H,-,A,D,0,,,,,Y,,A,8,0,0,1,0,0,0,0,0,0,- ,- ,32.77568817,-115.2860184,IMPERIAL,UNINCORPORATED,-115.286087,32.77563858
91423676,2021,3/9/2021,9625,2/27/2021,2046,18792,,6,2,9,1300,0,1,3,,1,11,SR-86 N/B,POE ROAD,2180,N,N,A,-,Y,,,86,,,,,,N,Y,2,0,4,2,A,-,8,22107,,N,D,C,A,A,H,-,D,D,0,,,,,Y,,A,1,1,1,2,0,0,0,0,0,0,- ,- ,33.08362961,-115.759552,IMPERIAL,UNINCORPORATED,-115.7595673,33.08358765
91423744,2021,3/9/2021,9625,3/4/2021,1905,19667,,4,2,9,1300,0,3,5,,2,40,KEYSTONE ROAD,AUSTIN ROAD,2630,E,N,A,-,N,,,,,,,,,,Y,3,0,1,2,A,-,9,21804,A,N,D,C,A,A,H,-,D,D,0,,,,,Y,,D,22,0,1,0,0,0,0,0,0,0,- ,- ,32.91262054,-115.5862274,IMPERIAL,UNINCORPORATED,-115.5863876,32.91254044
91423963,2021,3/10/2021,9620,3/2/2021,1355,17837,Quech,2,1,9,1300,0,1,1,,2,82,I-8 W/B,SEMINOLE ROAD,5808,E,N,A,-,Y,,,8,,,,,,W,Y,2,0,1,1,A,-,8,22107,,N,F,A,A,A,H,-,A,D,0,,,,,Y,,A,7,1,0,0,0,0,0,0,0,0,- ,- ,32.74258041,-114.6867294,IMPERIAL,UNINCORPORATED,-114.6867676,32.74250031
91426437,2021,3/12/2021,9625,3/8/2021,640,16248,,1,1,9,1300,0,2,4,,2,57,EVAN HEWES HIGHWAY E/B,BOWKER ROAD,0,,Y,A,-,N,,,,,,,,,,Y,3,0,1,2,A,-,9,21802,A,N,D,C,A,A,H,-,A,A,0,,,,,Y,,D,22,0,1,0,0,0,0,0,0,0,- ,- ,32.80321884,-115.4737778,IMPERIAL,UNINCORPORATED,-115.473793,32.80337906
91427271,2021,3/15/2021,9620,3/6/2021,425,21051,,6,3,9,1300,0,1,1,,2,81,I-8 W/B,SR-98,2640,E,N,A,-,Y,,,8,,,,,,W,Y,3,0,1,1,A,-,1,23152,A,N,F,A,A,A,H,-,D,D,0,,,,,Y,Y,D,22,0,1,0,0,0,0,0,0,0,- ,- ,32.70840073,-115.0809937,IMPERIAL,UNINCORPORATED,-115.0810013,32.70834732
91428112,2021,3/16/2021,9625,3/15/2021,2025,19225,,1,2,9,1300,0,1,3,,2,13,SR-78,SR-86,7920,W,N,A,G,Y,,,78,,,,,,,Y,4,0,1,3,A,-,3,22350,,N,B,E,A,A,H,-,D,D,0,,,,Y,Y,,A,1,0,0,1,0,0,0,0,0,0,- ,- ,33.12585068,-115.8815536,IMPERIAL,UNINCORPORATED,-115.8815536,33.12579346
91428990,2021,3/17/2021,9625,3/6/2021,2220,20263,,6,3,9,1300,0,3,5,,2,40,GUILLETT ROAD,ATEN ROAD,0,,Y,A,-,N,,,,,,,,,,Y,2,0,1,1,A,-,1,23152,A,N,F,A,A,A,H,-,D,D,0,,,,,Y,Y,A,1,1,0,0,0,0,0,0,0,0,- ,- ,32.82548141,-115.6378403,IMPERIAL,UNINCORPORATED,-115.6378784,32.82556915
91429557,2021,3/17/2021,9620,3/10/2021,1400,20054,,3,2,9,1300,0,1,1,,2,81,W/B I -8,GORDONS WELL ROAD,5280,W,N,A,-,Y,,,8,,,,,,,Y,3,0,1,1,A,-,8,22107,,N,F,A,A,A,H,-,A,D,0,,,,,Y,,D,22,0,1,0,0,0,0,0,0,0,- ,- ,32.70851898,-114.9746475,IMPERIAL,UNINCORPORATED,-114.9746475,32.70843506
91430195,2021,3/18/2021,9625,3/13/2021,1705,19667,,6,2,9,1300,0,1,3,,1,44,SR-86 N/B,AUSTIN ROAD,4195,N,N,A,-,Y,,,86,,,,,,N,Y,4,0,1,1,A,-,8,22107,,N,E,I,A,A,H,-,B,D,0,,,,,Y,,A,1,0,0,1,0,0,0,0,0,0,- ,- ,32.95523834,-115.5549393,IMPERIAL,UNINCORPORATED,-115.554985,32.95535278
91430434,2021,3/18/2021,9625,3/10/2021,1320,17727,,3,1,9,1300,0,1,3,,1,12,SR-86 S/B,COOMBS DRIVE,2700,S,N,A,-,Y,,,86,,,,,,S,N,4,0,1,1,A,-,8,22107,,N,F,A,A,A,H,-,A,D,0,,,Y,,Y,,C,2,0,0,1,0,0,0,0,0,1,- ,- ,33.31719971,-115.9926987,IMPERIAL,UNINCORPORATED,-115.9927216,33.31718445
91430500,2021,3/18/2021,9625,3/9/2021,1350,19667,,2,1,9,1300,0,1,3,,2,43,SR-86,MCCABE ROAD,0,,Y,A,G,Y,,,86,,,,,,,Y,3,0,3,3,A,-,12,21453,A,N,D,D,A,A,H,-,A,A,0,,,,,Y,,A,1,0,2,1,0,0,0,0,0,0,- ,- ,32.75259018,-115.5518494,IMPERIAL,UNINCORPORATED,-115.5518799,32.75259018
91434478,2021,3/24/2021,9625,3/22/2021,1325,18468,,1,1,9,1300,0,1,3,,1,44,STATE ROUTE 86 S/B,AUSTIN ROAD,1043,S,N,A,-,Y,,,86,,,,,,S,Y,3,0,1,1,C,-,18,,,N,E,I,A,A,H,-,A,D,0,,,,,Y,,-,- ,0,1,0,0,0,0,0,0,0,- ,- ,32.94871902,-115.5697632,IMPERIAL,UNINCORPORATED,-115.5696411,32.94864655
91439528,2021,3/30/2021,9625,3/23/2021,650,18930,,2,1,9,1300,0,3,5,,2,50,HEBER ROAD,YOURMAN ROAD,0,,Y,A,-,N,,,,,,,,,,Y,4,0,1,2,A,-,9,21801,A,N,D,C,A,A,H,-,A,D,0,,,,,Y,,D,22,0,0,1,0,0,0,0,0,0,- ,- ,32.73080063,-115.4960022,IMPERIAL,UNINCORPORATED,-115.4983368,32.73067856
91441996,2021,4/2/2021,9625,3/24/2021,44,18978,,3,3,9,1300,0,1,3,,1,11,STATE ROUTE 86 S/B,BARTH ROAD,100,S,N,A,-,Y,,,86,,,,,,S,Y,3,0,1,1,A,-,8,22107,,N,F,A,A,A,H,-,D,D,0,,,,Y,Y,,G,25,0,1,0,0,0,0,0,0,0,- ,- ,33.08929062,-115.7685776,IMPERIAL,UNINCORPORATED,-115.7686157,33.08922195
91447421,2021,4/9/2021,9625,3/31/2021,1243,18930,,3,1,9,1300,0,3,5,,2,40,CORRELL ROAD,DOGWOOD ROAD,500,W,N,A,-,N,,,,,,,,,,Y,4,0,1,3,A,-,8,22107,,N,C,C,A,A,H,-,A,D,0,,,,,Y,,A,1,0,0,1,0,0,0,0,0,0,- ,- ,32.7378006,-115.5360031,IMPERIAL,UNINCORPORATED,-115.5362091,32.73790359
91447487,2021,4/9/2021,9625,3/30/2021,730,17727,,2,1,9,1300,0,3,5,,2,20,HASTAIN ROAD,RUTHERFORD ROAD,0,,Y,A,-,N,,,,,,,,,,Y,3,0,2,2,A,-,12,22450,A,N,D,C,A,A,H,-,A,A,0,,,,,Y,,D,22,0,2,0,0,0,0,0,0,0,- ,- ,33.04449844,-115.4150009,IMPERIAL,UNINCORPORATED,-115.4150467,33.04450989
91449325,2021,4/13/2021,9625,4/4/2021,2330,19582,,7,3,9,1300,0,1,3,,1,12,OPEN DESERT AREA,DOLPHIN DR.,172,W,N,A,-,N,,,,,,,,,,Y,2,0,1,1,A,-,8,38314,,N,F,A,A,A,H,-,D,D,0,,,,,Y,,D,22,1,0,0,0,0,0,0,0,0,- ,- ,33.32263184,-115.9667664,IMPERIAL,UNINCORPORATED,,
91449710,2021,4/13/2021,9625,4/6/2021,1947,19225,,2,2,9,1300,0,1,3,,1,42,SR-98,DOGWOOD ROAD,0,,Y,A,-,Y,,,98,,,,,,,Y,2,0,1,2,A,-,12,21453,A,N,D,C,A,A,H,-,C,A,0,,,,Y,Y,,A,1,1,0,0,0,0,0,0,0,0,- ,- ,32.67926025,-115.5335007,IMPERIAL,UNINCORPORATED,-115.5335007,32.67924118
91455064,2021,4/21/2021,9625,4/19/2021,1955,19225,,1,2,9,1300,0,2,4,,2,57,SR-115,EVAN HEWES HIGHWAY,0,,Y,A,-,N,,,115,,,,,,,Y,4,0,1,2,A,-,9,21802,A,N,D,C,A,A,H,-,C,A,0,,,,,Y,,D,22,0,0,1,0,0,0,0,0,0,- ,- ,32.8057518,-115.4061127,IMPERIAL,UNINCORPORATED,-115.4061203,32.8057518
91456535,2021,4/22/2021,9625,4/15/2021,1355,20111,,4,1,9,1300,0,1,3,,1,11,SR-86 S/B,KALIN ROAD,0,,Y,A,-,Y,,,86,,,,,,S,Y,4,0,2,2,A,-,9,21803,A,N,D,C,A,A,H,-,A,A,0,,,,,Y,,A,7,0,0,2,0,0,0,0,0,0,- ,- ,32.98461914,-115.5783234,IMPERIAL,UNINCORPORATED,-115.5782089,32.98471069
91456956,2021,4/23/2021,9625,4/16/2021,330,19668,,5,3,9,1300,0,2,4,,2,47,FORRESTER ROAD,HACKLEMAN ROAD,2497,S,N,A,-,N,,,,,,,,,,Y,4,0,1,1,A,-,1,23152,A,N,F,A,A,A,H,-,D,D,0,,,,,Y,Y,A,7,0,0,1,0,0,0,0,0,0,- ,- ,32.80511856,-115.6203918,IMPERIAL,UNINCORPORATED,-115.6207199,32.80427551
91457020,2021,4/23/2021,9625,4/16/2021,836,18978,,5,1,9,1300,0,1,1,,2,3,INTERSTATE 8 E/B,WESTSIDE ROAD,4348,W,N,B,-,Y,,,8,,,,,,E,Y,4,0,1,1,A,-,8,22107,,N,E,I,A,A,H,-,A,D,0,,,,,Y,,A,1,0,0,1,0,0,0,0,0,0,- ,- ,32.7730217,-115.7474899,IMPERIAL,UNINCORPORATED,-115.7474899,32.77305222
91458030,2021,4/26/2021,9625,4/18/2021,1415,18792,,7,2,9,1300,0,1,1,,2,5,I-8 E/B,SR-115,6864,E,N,A,-,Y,,,8,,,,,,E,Y,3,0,2,2,A,-,8,22107,,N,C,C,A,A,H,-,A,D,0,,,,,Y,,A,1,0,1,1,0,0,0,0,0,0,- ,- ,32.76390076,-115.2664032,IMPERIAL,UNINCORPORATED,-115.2664032,32.7638855
91463525,2021,4/30/2021,9625,4/27/2021,1635,21107,,2,2,9,1300,0,2,4,,2,46,DOGWOOD ROAD,SCHARTZ ROAD,0,,Y,A,-,N,,,,,,,,,,Y,4,0,1,2,A,-,5,21752,D,N,D,C,A,A,H,-,A,D,0,,,,,Y,,A,7,0,0,1,0,0,0,0,0,0,- ,- ,32.94176102,-115.535553,IMPERIAL,UNINCORPORATED,-115.5355377,32.94179153
91470581,2021,5/11/2021,9625,4/29/2021,317,18978,,4,3,9,1300,0,1,3,,1,54,STATE ROUTE 111 S/B,SCHARTZ ROAD,0,,Y,A,-,Y,,,111,,,,,,S,Y,2,0,1,2,A,-,9,21804,A,N,D,C,A,A,H,-,C,A,0,,,,,Y,,A,7,1,0,0,0,0,0,0,0,0,- ,- ,32.94171906,-115.5096588,IMPERIAL,UNINCORPORATED,-115.5091171,32.94170761
91470926,2021,5/12/2021,9625,5/3/2021,1215,17727,,1,1,9,1300,0,3,5,,2,50,ORCHARD ROAD,I-8,3326,N,N,A,-,N,,,,,,,,,,Y,3,0,2,2,A,-,3,22350,,N,D,C,A,A,H,-,A,D,0,,,,,Y,,A,1,0,2,0,0,0,0,0,0,0,- ,- ,32.78250122,-115.3837967,IMPERIAL,UNINCORPORATED,,
9147361,2020,12/1/2020,1304,7/29/2020,1101,363,EAST,3,5,4,1304,0,0,0,,0,EAST,4TH,RT 8,0,,Y,A,-,Y,SD,11,8,-,R,38.126,R,4,W,Y,3,0,1,2,A,-,12,21453,A,N,D,C,A,A,H,-,A,A,0,,,,,Y,,A,1,0,1,0,0,0,0,0,0,0,- ,FR,32.7741394,-115.5522003,IMPERIAL,EL CENTRO,-116.6214371,32.82493591
91478911,2021,5/21/2021,9625,5/12/2021,1240,17727,,3,1,9,1300,0,1,1,,2,1,I-8 E/B,IN KO PAH PARK ROAD,1495,E,N,A,-,Y,,,,,,,,,,Y,3,0,1,1,A,-,8,22107,,N,F,A,A,A,H,-,A,D,0,,,,,Y,,A,1,0,1,0,0,0,0,0,0,0,- ,- ,32.63639832,-116.1046982,IMPERIAL,UNINCORPORATED,,
91482885,2021,5/27/2021,9625,5/3/2021,1153,18468,,1,1,9,1300,0,1,3,,2,52,STATE ROUTE 98,HOLDRIDGE ROAD,8478,E,N,A,-,Y,,,98,,,,,,,Y,1,1,2,2,A,-,5,21650,,N,A,C,A,A,H,-,A,D,0,,,,,Y,,A,7,1,1,0,0,0,0,0,0,0,- ,- ,32.71179962,-115.2493515,IMPERIAL,UNINCORPORATED,-115.2493515,32.71181488
91483041,2021,5/27/2021,9625,5/12/2021,1724,18978,,3,2,9,1300,0,1,3,,1,11,STATE ROUTE 86 S/B,STATE ROUTE 78,0,,Y,A,-,Y,,,86,,,,,,S,Y,3,0,1,2,A,-,9,21804,A,N,D,C,A,A,H,-,A,A,0,,,,,Y,,A,1,0,1,0,0,0,0,0,0,0,- ,- ,33.12572861,-115.8554764,IMPERIAL,UNINCORPORATED,-115.855423,33.12574768
91487898,2021,6/2/2021,9625,5/24/2021,655,19886,,1,1,9,1300,0,1,3,,1,44,SR-86 N/B,CAREY ROAD,0,,Y,A,-,Y,,,86,,,,,,N,Y,4,0,1,2,A,-,8,22107,,N,B,C,A,A,H,-,A,D,0,,,,Y,Y,,A,1,0,0,1,0,0,0,0,0,0,- ,- ,32.92710114,-115.5700073,IMPERIAL,UNINCORPORATED,-115.5700378,32.92710114
91492347,2021,6/8/2021,9620,4/17/2021,2100,20555,,6,2,9,1300,0,1,1,,2,81,I-8 W/B,GORDONS WELL ROAD,9504,W,N,A,-,Y,,,8,,,,,,W,Y,1,1,0,2,A,-,11,21954,A,N,G,B,D,A,H,-,D,D,0,Y,,,,Y,,N,60,0,0,0,1,0,0,0,0,0,- ,- ,32.7081604,-114.9886398,IMPERIAL,UNINCORPORATED,-114.9886398,32.70814896
91494019,2021,6/10/2021,9625,6/2/2021,1620,19667,,3,2,9,1300,0,1,1,,2,3,EASTBOUND INTERSTATE 8,WESTSIDE ROAD,2400,W,N,A,-,Y,,,8,,,,,,,N,2,0,3,1,A,-,8,22107,,N,F,I,A,A,H,-,A,D,0,,,,,Y,,E,22,1,1,1,0,0,0,0,0,0,- ,- ,32.77389145,-115.7410583,IMPERIAL,UNINCORPORATED,-115.7410583,32.77390671
91502068,2021,6/21/2021,9625,6/12/2021,2120,18792,,6,2,9,1300,0,1,3,,1,21,SR-111,DAVIS ROAD,74,S,N,A,-,Y,,,111,,,,,,,Y,3,0,4,1,A,-,8,22107,,N,E,8,A,A,H,-,D,D,0,,,,,Y,,A,7,0,4,0,0,0,0,0,0,0,- ,- ,33.28430176,-115.5789795,IMPERIAL,UNINCORPORATED,-115.5785217,33.28467178
91503801,2021,6/23/2021,9625,6/13/2021,2025,18933,,7,2,9,1300,0,2,4,,2,47,FORRESTER ROAD,ANDRE ROAD,2772,N,N,A,-,N,,,,,,,,,,Y,3,0,1,1,A,-,8,22107,,M,B,I,A,A,H,-,D,D,0,,,,,Y,,D,22,0,1,0,0,0,0,0,0,0,- ,- ,33.02312851,-115.6219482,IMPERIAL,UNINCORPORATED,-115.6215363,33.02316666
91507569,2021,6/28/2021,9625,6/17/2021,1300,18930,,4,1,9,1300,0,1,1,,2,5,INTERSTATE 8 E/B,DOGWOOD ROAD,4204,E,N,A,-,Y,,,8,,,,,,E,Y,4,0,2,2,A,-,8,22107,,N,C,C,A,A,H,-,A,D,0,,,,,Y,,D,22,0,0,2,0,0,0,0,0,0,- ,- ,32.77389908,-115.5196228,IMPERIAL,UNINCORPORATED,-115.5196228,32.77373123
91507806,2021,6/28/2021,9625,6/19/2021,1235,16248,,6,1,9,1300,0,1,3,,1,51,SR-7 S/B,SR-98,38,N,N,A,-,Y,,,7,,,,,,S,Y,4,0,3,2,A,-,3,22350,,N,C,C,A,A,H,-,A,A,0,,,,,Y,,A,1,0,0,3,0,0,0,0,0,0,- ,- ,32.69400024,-115.3791504,IMPERIAL,UNINCORPORATED,-115.3791351,32.69400024
91508935,2021,6/29/2021,9625,6/20/2021,2055,19225,,7,2,9,1300,0,1,3,,1,54,SR-111 N/B,EVAN HEWES HIGHWAY,300,S,N,A,-,Y,,,111,,,,,,N,Y,4,0,2,2,A,-,7,21658,A,N,B,C,A,A,H,-,D,A,0,,,,,Y,,A,1,0,0,2,0,0,0,0,0,0,- ,- ,32.79922104,-115.5004425,IMPERIAL,UNINCORPORATED,-115.5006256,32.79922104
91511381,2021,7/1/2021,9625,6/25/2021,618,16248,,5,1,9,1300,0,3,5,,2,50,OLD HIGHWAY 111,KEYSTONE ROAD,0,,Y,A,-,N,,,,,,,,,,Y,4,0,2,2,A,-,12,22450,A,N,D,C,A,A,H,-,A,A,0,,,,,Y,,A,1,0,0,2,0,0,0,0,0,0,- ,- ,32.91263962,-115.5102234,IMPERIAL,UNINCORPORATED,-115.5102005,32.91265869
91513742,2021,7/6/2021,9625,6/25/2021,1605,19225,,5,2,9,1300,0,3,5,,2,50,MENVIELLE ROAD,CARR ROAD,675,N,N,A,-,N,,,,,,,,,,Y,3,0,2,2,A,-,5,21651,B,N,A,C,A,A,D,-,A,A,0,,,,,Y,,A,7,0,1,1,0,0,0,0,0,0,- ,- ,32.68503952,-115.3878021,IMPERIAL,UNINCORPORATED,-115.3874512,32.68540192
91513902,2021,8/11/2021,9625,6/26/2021,1601,18468,,6,2,9,1300,0,1,3,,2,23,STATE ROUTE 115,ALBRIGHT ROAD,0,,Y,A,-,Y,,,115,,,,,,,Y,1,1,1,2,A,-,1,23152,A,N,D,C,A,A,H,-,A,A,0,,,,,Y,Y,A,1,1,0,0,0,0,0,0,0,0,- ,- ,33.10398102,-115.4496765,IMPERIAL,UNINCORPORATED,-115.4496613,33.10398102
91516202,2021,7/8/2021,9625,6/29/2021,121,19582,,2,3,9,1300,0,1,3,,2,14,SR-78,SR-86,2640,E,N,A,-,Y,,,78,,,,,,,Y,3,0,1,2,A,-,3,22350,,N,C,C,A,A,H,-,D,D,0,,,,,Y,,A,7,0,1,0,0,0,0,0,0,0,- ,- ,33.00037003,-115.5826797,IMPERIAL,UNINCORPORATED,-115.5826797,33.00035858
91516880,2021,7/9/2021,9625,6/30/2021,2048,18792,,3,2,9,1300,0,3,5,,2,20,ALBRIGHT ROAD,FLEMING ROAD,1690,E,N,A,-,N,,,,,,,,,,Y,3,0,1,1,A,-,8,22107,,N,F,A,A,A,H,-,D,D,0,,,,,Y,,D,22,0,1,0,0,0,0,0,0,0,- ,- ,33.10398865,-115.4009933,IMPERIAL,UNINCORPORATED,-115.401001,33.10397339
91516883,2021,7/9/2021,9625,6/30/2021,1803,20738,,3,2,9,1300,0,1,1,,2,1,I-8 EASTBOUND,MOUNTAIN SPRINGS ROAD,8976,E,N,A,-,Y,,,8,,,,,,E,N,3,0,1,2,A,-,3,22350,,N,C,C,A,A,H,-,A,D,0,,,,Y,Y,,A,1,0,1,0,0,0,0,0,0,0,- ,- ,32.67721176,-116.0730209,IMPERIAL,UNINCORPORATED,-116.0730438,32.67723846
91518858,2021,7/13/2021,9625,6/30/2021,805,17727,,3,1,9,1300,0,3,5,,2,10,BRAWLEY AVE,SR-86,10,E,N,A,-,N,,,,,,,,,,N,4,0,1,2,A,-,3,22350,,N,C,C,A,A,H,-,A,A,0,,,,,Y,,A,1,0,0,1,0,0,0,0,0,0,- ,- ,33.37450027,-116.0254974,IMPERIAL,UNINCORPORATED,-116.0259094,33.37437057
91519379,2021,7/13/2021,9625,6/5/2021,1518,19667,,6,2,9,1300,0,1,3,,1,42,STATE ROUTE 98,DREW ROAD,355,E,N,A,-,Y,,,98,,,,,,,Y,1,1,1,1,A,-,8,22107,,N,E,I,A,A,H,-,A,D,0,,,,,Y,,A,7,1,0,0,0,0,0,0,0,0,- ,- ,32.67906952,-115.6709595,IMPERIAL,UNINCORPORATED,-115.6709747,32.67913055
91520369,2021,7/14/2021,9625,7/4/2021,430,21107,,7,3,9,1300,0,1,3,,2,23,DIRT ROAD N/O BOWLES ROAD,STATE ROUTE 115,37,E,N,A,-,N,,,,,,,,,,Y,3,0,1,1,A,-,8,22107,,N,E,I,A,A,H,-,D,D,0,,,,,Y,,D,22,0,1,0,0,0,0,0,0,0,- ,- ,33.11854935,-115.4495087,IMPERIAL,UNINCORPORATED,,
91520990,2021,7/15/2021,9625,7/6/2021,935,18468,,2,1,9,1300,0,1,1,,2,3,INTERSTATE 8 (E/B),DUNAWAY ROAD,0,,N,A,-,Y,,,8,,,,,,,Y,2,0,5,1,A,-,8,22107,,N,F,A,A,A,H,-,A,D,0,,,,,Y,,A,7,2,2,1,0,0,0,0,0,0,- ,- ,32.76874161,-115.8002167,IMPERIAL,UNINCORPORATED,-115.8002319,32.76880264
91524345,2021,7/20/2021,9625,7/10/2021,1050,18930,,6,1,9,1300,0,3,5,,2,50,HEBER ROAD,ANDERHOLT ROAD,2640,E,N,A,-,N,,,,,,,,,,Y,2,0,4,1,A,-,8,22107,,N,F,A,A,A,H,-,A,D,0,,,,,Y,,A,1,1,3,0,0,0,0,0,0,0,- ,- ,32.73025131,-115.4050903,IMPERIAL,UNINCORPORATED,-115.4052505,32.7303772
91525848,2021,7/21/2021,9625,7/14/2021,450,21107,,3,3,9,1300,0,1,1,,2,2,INTERSTATE 8 WESTBOUND,MOUNTAIN SPRINGS ROAD,2376,E,N,A,-,Y,,,8,,,,,,W,Y,4,0,1,1,A,-,8,22107,,N,E,I,A,A,H,-,D,D,0,,,,,Y,,A,1,0,0,1,0,0,0,0,0,0,- ,- ,32.68153,-116.0921936,IMPERIAL,UNINCORPORATED,-116.0921478,32.68148041
91525922,2021,7/21/2021,9625,7/15/2021,1555,19667,,4,2,9,1300,0,3,5,,2,50,ROSS ROAD,CANON ROAD,0,,Y,A,-,N,,,,,,,,,,N,3,0,2,3,A,-,9,21802,B,N,D,C,A,A,H,-,A,A,0,,,,,Y,,A,1,0,2,0,0,0,0,0,0,0,- ,- ,32.7815094,-115.5095596,IMPERIAL,UNINCORPORATED,-115.5095215,32.78150177
91530042,2021,7/27/2021,9625,7/15/2021,440,20111,,4,3,9,1300,0,2,4,,2,57,SR-115,MILLER ROAD,3195,W,N,A,-,Y,,,115,,,,,,,Y,3,0,1,2,A,-,3,22350,,M,C,C,A,A,H,-,D,D,0,,,,Y,Y,,-,33,0,1,0,0,0,0,0,0,0,- ,- ,32.79335022,-115.3107681,IMPERIAL,UNINCORPORATED,-115.3108139,32.79328918