CASE_ID,ACCIDENT_YEAR,PROC_DATE,JURIS,COLLISION_DATE,COLLISION_TIME,OFFICER_ID,REPORTING_DISTRICT,DAY_OF_WEEK,CHP_SHIFT,POPULATION,CNTY_CITY_LOC,SPECIAL_COND,BEAT_TYPE,CHP_BEAT_TYPE,CITY_DIVISION_LAPD,CHP_BEAT_CLASS,BEAT_NUMBER,PRIMARY_RD,SECONDARY_RD,DISTANCE,DIRECTION,INTERSECTION,WEATHER_1,WEATHER_2,STATE_HWY_IND,CALTRANS_COUNTY,CALTRANS_DISTRICT,STATE_ROUTE,ROUTE_SUFFIX,POSTMILE_PREFIX,POSTMILE,LOCATION_TYPE,RAMP_INTERSECTION,SIDE_OF_HWY,TOW_AWAY,COLLISION_SEVERITY,NUMBER_KILLED,NUMBER_INJURED,PARTY_COUNT,PRIMARY_COLL_FACTOR,PCF_CODE_OF_VIOL,PCF_VIOL_CATEGORY,PCF_VIOLATION,PCF_VIOL_SUBSECTION,HIT_AND_RUN,TYPE_OF_COLLISION,MVIW,PED_ACTION,ROAD_SURFACE,ROAD_COND_1,ROAD_COND_2,LIGHTING,CONTROL_DEVICE,CHP_ROAD_TYPE,PEDESTRIAN_ACCIDENT,BICYCLE_ACCIDENT,MOTORCYCLE_ACCIDENT,TRUCK_ACCIDENT,NOT_PRIVATE_PROPERTY,ALCOHOL_INVOLVED,STWD_VEHTYPE_AT_FAULT,CHP_VEHTYPE_AT_FAULT,COUNT_SEVERE_INJ,COUNT_VISIBLE_INJ,COUNT_COMPLAINT_PAIN,COUNT_PED_KILLED,COUNT_PED_INJURED,COUNT_BICYCLIST_KILLED,COUNT_BICYCLIST_INJURED,COUNT_MC_KILLED,COUNT_MC_INJURED,PRIMARY_RAMP,SECONDARY_RAMP,LATITUDE,LONGITUDE,COUNTY,CITY,POINT_X,POINT_Y
91530047,2021,7/27/2021,9625,7/16/2021,1705,19668,,5,2,9,1300,0,1,3,,1,12,SR-86 SOUTHBOUND,SUNRISE DRIVE,0,,Y,A,-,Y,,,86,,,,,,S,Y,3,0,2,2,A,-,9,21802,A,N,D,C,A,A,H,-,A,A,0,,,,,Y,,D,22,0,2,0,0,0,0,0,0,0,- ,- ,33.28918076,-115.9717484,IMPERIAL,UNINCORPORATED,-115.9718475,33.28910446
91531097,2021,7/28/2021,9620,7/21/2021,216,20054,,3,3,9,1300,0,1,1,,2,81,W/B I-8,OGILBY ROAD,4752,W,N,A,-,Y,,,8,,,,,,,Y,2,0,2,1,A,-,8,22107,,N,E,I,A,A,H,-,D,D,0,,,,,Y,,A,1,1,1,0,0,0,0,0,0,0,- ,- ,32.7580719,-114.8520279,IMPERIAL,UNINCORPORATED,-114.8520126,32.75801468
91533589,2021,7/30/2021,9625,7/20/2021,1510,19225,,2,2,9,1300,0,1,3,,1,42,SR-98,MOLITAR ROAD,12144,E,N,A,-,Y,,,98,,,,,,,Y,4,0,1,1,A,-,8,22107,,N,F,A,A,A,H,-,A,D,0,,,,,Y,,A,1,0,0,1,0,0,0,0,0,0,- ,- ,32.70190048,-115.9323502,IMPERIAL,UNINCORPORATED,-115.9324112,32.70188141
91533733,2021,7/30/2021,9625,7/20/2021,1425,19668,,2,2,9,1300,0,2,4,,2,45,EVAN HEWES HIGHWAY,FORRESTER ROAD,1531,E,N,A,-,N,,,,,,,,,,N,3,0,1,2,A,-,3,22350,,N,C,C,A,A,H,-,A,D,0,,,,,Y,,A,1,0,1,0,0,0,0,0,0,0,- ,- ,32.79656982,-115.6157608,IMPERIAL,UNINCORPORATED,-115.6158371,32.7965889
91535191,2021,8/2/2021,9625,7/22/2021,127,21107,,4,3,9,1300,0,1,1,,2,3,INTERSTATE 8 EASTBOUND,LA BRUCHERIE ROAD,330,E,N,A,-,Y,,,8,,,,,,E,N,4,0,1,2,A,-,8,22107,,F,E,8,A,A,H,-,C,D,0,,,,,Y,,-,99,0,0,1,0,0,0,0,0,0,- ,- ,32.77373886,-115.5771103,IMPERIAL,UNINCORPORATED,-115.5771103,32.77380371
91535197,2021,8/2/2021,9625,7/23/2021,2205,21107,,5,3,9,1300,0,1,3,,1,22,STATE ROUTE 111,HOWELL ROAD,3485,S,N,A,-,Y,,,111,,,,,,,Y,2,0,1,1,A,-,8,22107,,N,F,A,A,A,H,-,D,D,0,,,,,Y,,A,7,1,0,0,0,0,0,0,0,0,- ,- ,33.29920959,-115.5902023,IMPERIAL,UNINCORPORATED,-115.5902481,33.29917526
91535533,2021,8/3/2021,9620,6/10/2021,1440,14306,,4,2,9,1300,0,1,3,,1,63,SR-78,MITCHELLS CAMP RD.,1056,W,N,A,-,Y,,,,,,,,,,Y,1,2,1,3,A,-,5,21460,A,N,B,C,A,A,H,-,A,D,0,,,,Y,Y,,A,7,0,1,0,0,0,0,0,0,0,- ,- ,33.31970978,-114.7336197,IMPERIAL,UNINCORPORATED,-114.7413864,33.30706787
91535820,2021,8/3/2021,9625,7/24/2021,530,21107,,6,3,9,1300,0,1,3,,2,24,STATE ROUTE 78,OSBORNE PARK ROAD,1690,E,N,A,-,Y,,,78,,,,,,,Y,4,0,1,1,C,-,18,,,N,E,9,A,A,C,-,D,D,0,,,,,Y,,-,- ,0,0,1,0,0,0,0,0,0,- ,- ,32.98719025,-115.1296082,IMPERIAL,UNINCORPORATED,-115.1296158,32.98723221
91535858,2021,8/3/2021,9625,7/25/2021,229,21107,,7,3,9,1300,0,1,3,,1,44,STATE ROUTE 86 NORTHBOUND,AUSTIN ROAD,2482,N,N,A,-,Y,,,86,,,,,,N,N,2,0,1,2,A,-,11,21954,A,N,G,B,E,A,H,-,D,D,0,Y,,,,Y,Y,N,60,1,0,0,0,1,0,0,0,0,- ,- ,32.95333099,-115.5596619,IMPERIAL,UNINCORPORATED,-115.5596924,32.95341492
91537635,2021,8/5/2021,9625,8/2/2021,1700,19668,,1,2,9,1300,0,1,3,,2,53,SR-111 S/B,HEBER ROAD,446,S,N,A,-,Y,,,111,,,,,,S,Y,2,0,1,2,A,-,3,22350,,N,C,C,A,A,A,-,A,D,0,,,Y,,Y,,C,2,1,0,0,0,0,0,0,0,1,- ,- ,32.72940826,-115.5005722,IMPERIAL,UNINCORPORATED,-115.5003891,32.72941208
91540737,2021,9/17/2021,9625,7/28/2021,810,17727,,3,1,9,1300,0,1,3,,1,54,SR-111 S/B,KEYSTONE ROAD,3813,N,N,A,-,Y,,,111,,,,,,S,Y,4,0,2,2,A,-,8,22107,,N,B,E,A,A,H,-,A,D,0,,,,Y,Y,,G,25,0,0,2,0,0,0,0,0,0,- ,- ,32.92309952,-115.5093002,IMPERIAL,UNINCORPORATED,-115.5091248,32.92309952
91541761,2021,8/10/2021,9625,3/15/2021,1620,21107,,1,2,9,1300,0,1,3,,1,12,STATE ROUTE 86 NORTHBOUND,NORTH MARINA DRIVE,2014,N,N,F,G,Y,,,86,,,,,,N,Y,1,1,1,3,A,-,3,22350,,N,G,B,E,A,H,-,A,D,0,Y,,,,Y,,D,22,0,1,0,1,0,0,0,0,0,- ,- ,33.30773926,-115.9853592,IMPERIAL,UNINCORPORATED,-115.9853287,33.30776596
91546221,2021,8/16/2021,9620,8/7/2021,1835,18535,,6,2,9,1300,0,2,4,,1,61,S-34 (OGILBY ROAD),INDIAN PASS ROAD,12144,S,N,A,G,N,,,,,,,,,,Y,2,0,1,2,A,-,8,22107,,N,E,I,A,A,H,-,B,D,0,,,,,Y,,A,1,1,0,0,0,0,0,0,0,0,- ,- ,32.92802048,-114.8424072,IMPERIAL,UNINCORPORATED,,
91551482,2021,8/23/2021,9625,8/12/2021,1730,18792,,4,2,9,1300,0,1,3,,1,12,SR-86 N/B,SUNRISE DR.,0,,Y,A,-,Y,,,86,,,,,,N,Y,3,0,2,2,A,-,9,21803,A,N,D,C,A,A,H,-,A,A,0,,,,,Y,,A,1,0,2,0,0,0,0,0,0,0,- ,- ,33.28936005,-115.9716492,IMPERIAL,UNINCORPORATED,-115.9716721,33.28934479
91552699,2021,8/24/2021,9625,8/17/2021,1920,18792,,2,2,9,1300,0,1,3,,1,54,SR-111 S/B,EVAN HEWES HIGHWAY,206,N,N,A,-,Y,,,111,,,,,,S,Y,3,0,3,2,A,-,3,22350,,N,C,C,A,A,H,-,B,A,0,,,,,Y,,A,1,0,2,1,0,0,0,0,0,0,- ,- ,32.80031967,-115.5006714,IMPERIAL,UNINCORPORATED,-115.5005493,32.80031586
91553101,2021,8/24/2021,9620,8/21/2021,1330,18535,,6,1,9,1300,0,3,5,,2,60,RIVER RD,NEIGHBORS BLVD,1056,S,N,A,G,N,,,,,,,,,,Y,3,0,2,1,A,-,8,22107,,N,F,A,A,A,H,-,A,D,0,,,,,Y,,A,1,0,2,0,0,0,0,0,0,0,- ,- ,33.41545868,-114.6576996,IMPERIAL,UNINCORPORATED,,
91557035,2021,8/27/2021,9625,8/24/2021,1120,18468,,2,1,9,1300,0,1,3,,1,54,STATE ROUTE 111 (N/B),EVAN HEWES HIGHWAY,100,S,N,A,-,Y,,,111,,,,,,,Y,4,0,1,3,A,-,3,22350,,N,C,C,A,A,H,-,A,A,0,,,,,Y,,D,22,0,0,1,0,0,0,0,0,0,- ,- ,32.79935074,-115.5004578,IMPERIAL,UNINCORPORATED,-115.5006256,32.79937363
91559520,2021,8/31/2021,9625,8/25/2021,1950,19668,,3,2,9,1300,0,2,4,,2,57,EVAN HEWES HIGHWAY W/B,MELOLAND ROAD,1220,E,N,A,-,N,,,,,,,,,,Y,3,0,1,2,A,-,3,22350,,F,C,C,A,A,H,-,D,D,0,,,,,Y,,A,1,0,1,0,0,0,0,0,0,0,- ,- ,32.80342102,-115.4441223,IMPERIAL,UNINCORPORATED,-115.444046,32.80332184
91559813,2021,8/31/2021,9625,8/27/2021,1355,19668,,5,1,9,1300,0,1,1,,2,6,I-8 W/B,SR-111,2832,W,N,A,-,Y,,,8,,,,,,W,Y,4,0,1,1,A,-,8,22107,,N,E,I,A,A,H,-,A,D,0,,,,,Y,,A,7,0,0,1,0,0,0,0,0,0,- ,- ,32.77428055,-115.5110931,IMPERIAL,UNINCORPORATED,-115.5110931,32.773983
91561054,2021,9/2/2021,9625,8/24/2021,730,17727,,2,1,9,1300,0,1,3,,1,12,SR-86 S/B,NORM NIVER ROAD,60,S,N,A,-,Y,,,86,,,,,,S,Y,2,0,1,1,A,-,8,22107,,N,E,8,A,A,H,-,A,D,0,,,,,Y,,A,1,1,0,0,0,0,0,0,0,0,- ,- ,33.35720062,-116.0187988,IMPERIAL,UNINCORPORATED,-116.0187759,33.35720825
91561521,2021,9/2/2021,9620,8/24/2021,815,19953,Quech,2,1,9,1300,0,1,3,,1,62,STATE ROUTE 186,ANRADE PORT OF ENTRY,3168,N,N,A,-,Y,,,,,,,,,,N,4,0,1,2,A,-,11,21954,A,F,G,B,D,A,H,-,A,D,0,Y,,,,Y,Y,N,60,0,0,1,0,1,0,0,0,0,- ,- ,,,IMPERIAL,UNINCORPORATED,,
91562203,2021,9/3/2021,9625,8/24/2021,352,20263,,2,3,9,1300,0,1,3,,2,14,SR-78 W/B,BRANDT ROAD,0,,Y,A,-,Y,,,78,,,,,,W,Y,2,0,1,2,A,-,1,23152,A,N,D,D,A,A,H,-,C,A,0,,,,,Y,Y,A,7,1,0,0,0,0,0,0,0,0,- ,- ,33.00040817,-115.5614395,IMPERIAL,UNINCORPORATED,-115.5614395,33.00033569
91562671,2021,9/6/2021,9625,9/2/2021,1605,18933,,4,2,9,1300,0,2,4,,2,45,EVAN HEWES HWY,FORRESTER ROAD,1379,W,N,A,-,Y,,,,,,,,,,Y,3,0,1,2,A,-,6,21750,A,N,D,C,A,A,H,-,A,D,0,,,,,Y,,A,1,0,1,0,0,0,0,0,0,0,- ,- ,32.79663086,-115.6253662,IMPERIAL,UNINCORPORATED,-115.6252518,32.79658127
91566618,2021,9/9/2021,9625,8/31/2021,500,22010,,2,3,9,1300,0,1,3,,2,24,SR-78,OSBORNE PARK ROAD,2006,E,N,C,-,Y,,,78,,,,,,,Y,3,0,1,1,A,-,8,22107,,N,F,A,A,B,H,-,D,D,0,,,,,Y,,A,1,0,1,0,0,0,0,0,0,0,- ,- ,32.98711014,-115.1298218,IMPERIAL,UNINCORPORATED,-115.129837,32.98719788
91569911,2021,9/14/2021,9625,9/4/2021,1105,18368,,6,1,9,1300,0,2,4,,2,46,DOGWOOD ROAD,COLE ROAD,0,,Y,A,-,N,,,,,,,,,,Y,4,0,1,2,A,-,9,21801,A,N,D,C,A,A,H,-,A,D,0,,,,,Y,,A,7,0,0,1,0,0,0,0,0,0,- ,- ,32.69393158,-115.533783,IMPERIAL,UNINCORPORATED,-115.5339813,32.69400024
91573433,2021,9/17/2021,9625,9/10/2021,949,18978,,5,1,9,1300,0,1,3,,1,11,STATE ROUTE 86 S/B,VENDEL ROAD,1800,S,N,A,-,Y,,,86,,,,,,S,Y,4,0,1,2,A,-,5,21651,B,N,E,J,A,A,H,-,A,D,0,,,,,Y,,D,22,0,0,1,0,0,0,0,0,0,- ,- ,33.03741074,-115.7019119,IMPERIAL,UNINCORPORATED,-115.7019043,33.03749466
91573517,2021,9/17/2021,9625,9/12/2021,1833,18468,,7,2,9,1300,0,1,1,,2,1,INTERSTATE 8 (E/B),MOUNTAIN SPRINGS ROAD,1219,W,N,A,-,Y,,,8,,,,,,,Y,2,0,1,1,A,-,3,22350,,N,F,A,A,A,H,-,A,D,0,,,,Y,Y,,G,25,1,0,0,0,0,0,0,0,0,- ,- ,32.67660904,-116.1060333,IMPERIAL,UNINCORPORATED,-116.1059952,32.67658234
91574329,2021,9/20/2021,9625,9/11/2021,1250,18978,,6,1,9,1300,0,1,3,,2,53,SR-111 N/B,MCCABE ROAD,150,N,N,A,-,Y,,,111,,,,,,N,Y,2,0,1,1,A,-,8,22107,,N,F,A,A,A,H,-,A,D,0,,,,,Y,,A,7,1,0,0,0,0,0,0,0,0,- ,- ,32.75392151,-115.5008698,IMPERIAL,UNINCORPORATED,-115.5007782,32.75392151
91575419,2021,9/21/2021,9625,9/14/2021,947,18368,,2,1,9,1300,0,1,3,,1,44,SR-86 S/B,AUSTIN RD,3284,N,N,A,-,N,,,86,,,,,,S,N,4,0,2,2,A,-,3,22350,,N,C,C,A,A,H,-,A,D,0,,,,,Y,,A,1,0,0,2,0,0,0,0,0,0,- ,- ,32.95429993,-115.5578003,IMPERIAL,UNINCORPORATED,-115.5577621,32.95421219
91576366,2021,9/22/2021,9620,9/19/2021,700,19333,Quech,7,1,9,1300,0,2,4,,1,75,WINTERHAVEN DRIVE,EASTBOUND INTERSTATE 8,401,S,N,A,-,N,,,,,,,,,,Y,4,0,1,1,A,-,8,22107,,N,E,I,A,A,H,-,A,D,0,,,,,Y,,A,1,0,0,1,0,0,0,0,0,0,- ,- ,32.73054886,-114.6246796,IMPERIAL,UNINCORPORATED,-114.6508102,32.73601532
91580161,2021,9/27/2021,9625,9/17/2021,1520,19225,,5,2,9,1300,0,2,4,,2,46,DOGWOOD ROAD,NECKEL ROAD,5,S,N,A,-,N,,,,,,,,,,Y,4,0,1,2,A,-,9,21801,A,N,E,I,A,A,H,-,A,D,0,,,,,Y,,A,1,0,0,1,0,0,0,0,0,0,- ,- ,32.86177826,-115.5356522,IMPERIAL,UNINCORPORATED,-115.5355911,32.86176682
91581931,2021,9/28/2021,9625,9/26/2021,1050,20996,,7,1,9,1300,0,1,3,,1,54,SR-111 N/B,EVAN HEWES HIGHWAY,2640,S,N,B,-,N,,,111,,,,,,N,N,4,0,1,2,A,-,7,21658,A,N,B,C,A,A,H,-,A,D,0,,,,,Y,,A,7,0,0,1,0,0,0,0,0,0,- ,- ,32.79376984,-115.5005112,IMPERIAL,UNINCORPORATED,-115.5006561,32.79376984
91583565,2021,9/30/2021,9620,9/25/2021,540,18979,Quech,6,3,9,1300,0,1,1,,2,82,I-8 E/B,WINTERHAVEN DRIVE,2640,W,N,A,-,Y,,,8,,,,,,E,Y,4,0,1,1,A,-,8,22107,,N,F,A,A,A,H,-,D,D,0,,,,,Y,,A,1,0,0,1,0,0,0,0,0,0,- ,- ,32.73723984,-114.6589813,IMPERIAL,UNINCORPORATED,-114.6589813,32.7371254
91588231,2021,10/5/2021,9625,9/28/2021,2015,18468,,2,2,9,1300,0,1,1,,2,3,INTERSTATE 8 (E/B),DOGWOOD ROAD,237,W,N,A,-,Y,,,,,,,,,,Y,3,0,1,1,A,-,1,23152,A,M,E,I,A,A,H,-,C,D,0,,,,,Y,Y,A,1,0,1,0,0,0,0,0,0,0,- ,- ,32.77381897,-115.5354691,IMPERIAL,UNINCORPORATED,-115.5359802,32.77389908
91589341,2021,10/6/2021,9625,9/28/2021,758,16248,,2,1,9,1300,0,3,5,,2,50,ZENOS ROAD,SR-115,2678,E,N,A,-,N,,,,,,,,,,Y,4,0,2,2,A,-,5,21650,,N,A,C,A,A,H,-,A,D,0,,,,,Y,,A,1,0,0,2,0,0,0,0,0,0,- ,- ,32.81267929,-115.3966522,IMPERIAL,UNINCORPORATED,-115.3976364,32.81264496
91592786,2021,10/11/2021,9625,10/6/2021,545,22010,,3,3,9,1300,0,3,5,,2,40,DREW ROAD,SR-98,2640,N,N,A,-,N,,,,,,,,,,Y,4,0,1,2,A,-,9,21801,A,N,D,C,A,A,H,-,B,D,0,,,,,Y,,A,1,0,0,1,0,0,0,0,0,0,- ,- ,32.68458939,-115.6742401,IMPERIAL,UNINCORPORATED,-115.6742477,32.68414688
91593021,2021,10/11/2021,9625,10/8/2021,1935,18468,,5,2,9,1300,0,2,4,,2,46,DOGWOOD ROAD,COLE ROAD,11,N,N,B,-,N,,,,,,,,,,Y,4,0,2,2,A,-,3,22350,,N,C,C,A,A,H,-,D,D,0,,,,,Y,,A,1,0,0,2,0,0,0,0,0,0,- ,- ,32.69406891,-115.5339737,IMPERIAL,UNINCORPORATED,-115.5339813,32.69403076
91596135,2021,10/14/2021,9625,10/2/2021,2355,18930,,6,3,9,1300,0,1,3,,1,11,SR-86 N/B,ALLEN ROAD,8976,N,N,A,-,Y,,,86,,,,,,N,N,4,0,1,2,A,-,3,22350,,N,C,C,A,A,H,-,D,D,0,,,,,Y,,D,22,0,0,1,0,0,0,0,0,0,- ,- ,33.10435867,-115.804657,IMPERIAL,UNINCORPORATED,-115.8046646,33.10433578
91598961,2021,10/18/2021,9625,7/30/2021,2040,18792,,5,2,9,1300,0,1,3,,2,24,SR-78,WHITLOCK ROAD,4541,E,N,A,-,Y,,,,,,,,,,Y,1,2,5,3,A,-,5,21650,,N,B,C,A,A,H,-,D,D,0,,,,Y,Y,,A,1,2,3,0,0,0,0,0,0,0,- ,- ,32.97050858,-115.5702133,IMPERIAL,UNINCORPORATED,-115.2826157,32.97054672
91600735,2021,10/19/2021,9625,10/11/2021,1415,19667,,1,2,9,1300,0,3,5,,2,40,OPEN DESERT,SR-98,575,E,N,A,G,N,,,,,,,,,,Y,4,0,1,1,A,-,1,23152,A,N,E,I,A,A,H,-,A,D,0,,,,,Y,Y,A,8,0,0,1,0,0,0,0,0,0,- ,- ,32.72787857,-116.0190964,IMPERIAL,UNINCORPORATED,,
91606282,2021,10/26/2021,9625,10/17/2021,2230,20516,,7,3,9,1300,0,1,3,,1,12,SR-86 S/B,SR-78,11458,N,N,A,G,Y,,,86,,,,,,S,Y,3,0,1,1,A,-,8,22107,,N,E,8,A,A,H,-,D,D,0,,,,,Y,,A,1,0,1,0,0,0,0,0,0,0,- ,- ,33.15526962,-115.8682785,IMPERIAL,UNINCORPORATED,-115.8682022,33.15530777
91607976,2021,10/27/2021,9625,10/21/2021,1828,20263,,4,2,9,1300,0,3,5,,2,40,ROSS ROAD,FORRESTER ROAD,851,E,N,A,-,N,,,,,,,,,,N,3,0,1,2,A,-,3,22350,,N,C,C,A,A,H,-,D,D,0,,,,,Y,,A,7,0,1,0,0,0,0,0,0,0,- ,- ,32.7815094,-115.6178131,IMPERIAL,UNINCORPORATED,-115.6178894,32.78142929
91612020,2021,11/1/2021,9625,10/21/2021,1315,17727,,4,1,9,1300,0,1,3,,2,13,SR-78,SR-86,0,,Y,A,-,N,,,78,,,,,,,Y,4,0,1,2,A,-,9,21802,A,N,D,C,A,A,H,-,A,A,0,,,,,Y,,A,7,0,0,1,0,0,0,0,0,0,- ,- ,33.12575912,-115.8554306,IMPERIAL,UNINCORPORATED,-115.8554306,33.1257782
9161480,2020,1/16/2021,1304,9/14/2020,2131,358,EWEST,1,5,4,1304,0,0,0,,0,WEST,WEST HEIL AV,S WATERMAN AV,179,E,N,A,-,N,,,,,,,,,,Y,4,0,1,2,A,-,5,21650,,N,E,E,A,A,H,-,C,D,0,,,,,Y,,-,,0,0,1,0,0,0,0,0,0,- ,- ,,,IMPERIAL,EL CENTRO,-115.5734787,32.78720093
9161481,2020,11/20/2020,1304,9/10/2020,1809,357,ELCE,4,5,4,1304,0,0,0,,0,EAST,6TH,HAMILTON,0,,Y,A,-,N,,,,,,,,,,Y,4,0,1,2,A,-,9,21802,A,N,D,C,A,A,H,-,A,A,0,,,,,Y,,A,1,0,0,1,0,0,0,0,0,0,- ,- ,32.78591156,-115.5569229,IMPERIAL,EL CENTRO,-115.5569077,32.78583145
91617861,2021,11/8/2021,9620,10/30/2021,245,21051,Quech,6,3,9,1300,0,2,4,,1,75,S-24 (ROSS RD),S-24 (PICACHO RD),12,W,N,A,-,N,,,,,,,,,,N,3,0,1,1,A,-,1,23152,A,N,E,I,A,A,H,-,D,A,0,,,,,Y,Y,A,1,0,1,0,0,0,0,0,0,0,- ,- ,38.81980133,-121.0276031,IMPERIAL,UNINCORPORATED,,
91627568,2021,11/17/2021,9625,11/6/2021,135,20996,,6,3,9,1300,0,1,3,,1,21,SR-111,RUTHERFORD ROAD,62,N,N,A,-,Y,,,111,,,,,,,Y,2,0,1,1,A,-,1,23152,A,N,F,C,A,A,H,-,D,D,0,,,,,Y,Y,A,7,1,0,0,0,0,0,0,0,0,- ,- ,33.04499817,-115.527298,IMPERIAL,UNINCORPORATED,-115.5272827,33.04499817
91628232,2021,11/18/2021,9625,11/12/2021,1300,19225,,5,1,9,1300,0,1,3,,1,54,SR-111 N/B,HEBER ROAD,2640,N,N,A,-,Y,,,111,,,,,,N,N,4,0,1,2,A,-,3,22350,,N,C,C,A,A,H,-,A,D,0,,,,,Y,,A,7,0,0,1,0,0,0,0,0,0,- ,- ,32.73772049,-115.5004425,IMPERIAL,UNINCORPORATED,-115.5005493,32.73771667
91628265,2021,11/18/2021,9625,11/12/2021,2000,18933,,5,2,9,1300,0,3,5,,2,40,SR-86,MCCABE ROAD,20,N,N,A,-,Y,,,86,,,,,,,N,4,0,1,2,A,-,3,22350,,N,C,C,A,A,H,-,C,A,0,,,,,Y,,A,1,0,0,1,0,0,0,0,0,0,- ,- ,32.75254059,-115.5519485,IMPERIAL,UNINCORPORATED,-115.5518723,32.75254059
91634367,2021,11/24/2021,9625,11/14/2021,343,18978,,7,3,9,1300,0,3,5,,2,50,YOURMAN ROAD NORTH OF JASPER ROAD,JASPER ROAD,245,N,N,A,-,N,,,,,,,,,,Y,3,0,1,1,A,-,1,23152,A,N,F,A,A,A,H,-,D,A,0,,,,,Y,Y,D,22,0,1,0,0,0,0,0,0,0,- ,- ,32.70948029,-115.498642,IMPERIAL,UNINCORPORATED,-115.4986343,32.70940781
91634723,2021,11/24/2021,9625,11/11/2021,230,20738,,4,3,9,1300,0,3,5,,2,50,PITZER ROAD,CHICK ROAD,0,,Y,A,-,N,,,,,,,,,,N,3,0,2,1,A,-,1,23152,A,N,E,I,A,A,H,-,D,D,0,,,,,Y,Y,A,1,0,2,0,0,0,0,0,0,0,- ,- ,32.76691055,-115.5177002,IMPERIAL,UNINCORPORATED,-115.5180206,32.76691818
9164066,2020,10/8/2020,1304,9/16/2020,1450,340,E1,3,5,4,1304,0,0,0,,0,EAST,4TH,DRIFTWOOD,50,S,N,A,-,N,,,,,,,,,,Y,3,0,2,2,A,-,3,22350,,N,C,C,A,A,H,-,A,A,0,,,,,Y,,A,1,0,2,0,0,0,0,0,0,0,- ,- ,,,IMPERIAL,EL CENTRO,-115.552269,32.77594376
91641997,2021,12/3/2021,9625,11/24/2021,1620,19668,,3,2,9,1300,0,1,3,,1,44,SR-86 N/B,KEYSTONE ROAD,0,,Y,A,-,Y,,,86,,,,,,N,N,3,0,2,2,A,-,12,21453,A,N,D,C,A,A,H,-,A,A,0,,,,Y,Y,,A,1,0,2,0,0,0,0,0,0,0,- ,- ,32.91257095,-115.5699921,IMPERIAL,UNINCORPORATED,-115.5700607,32.91256332
91643839,2021,12/6/2021,9625,11/29/2021,1908,18933,,1,2,9,1300,0,2,4,,2,46,DOGWOOD ROAD,WORTHINGTON ROAD,0,,Y,A,-,N,,,,,,,,,,Y,3,0,1,2,D,-,0,,,N,D,C,A,A,H,-,C,A,0,,,,,Y,,-,- ,0,1,0,0,0,0,0,0,0,- ,- ,32.84738922,-115.535759,IMPERIAL,UNINCORPORATED,-115.5356903,32.84737015
91647498,2021,12/9/2021,9625,11/26/2021,1218,19582,,5,1,9,1300,0,3,5,,2,40,WHEELER ROAD,HUFF ROAD,18480,W,N,A,-,N,,,,,,,,,,Y,2,0,4,2,A,-,1,23152,A,N,D,C,A,A,H,-,A,D,0,,,,,Y,Y,D,22,1,2,1,0,0,0,0,0,0,- ,- ,32.89371872,-115.781311,IMPERIAL,UNINCORPORATED,-115.7516022,32.86330032
91647845,2021,12/9/2021,9625,10/30/2021,1630,22010,,6,2,9,1300,0,3,5,,2,20,GECKO ROAD,SR-78,317,S,N,A,-,N,,,,,,,,,,Y,4,0,3,2,A,-,3,22350,,F,D,C,A,A,H,-,A,D,0,,,Y,,Y,,C,6,0,0,3,0,0,0,0,0,0,- ,- ,32.97526932,-115.1737823,IMPERIAL,UNINCORPORATED,-115.1738968,32.97540665
91647853,2021,12/9/2021,9625,11/28/2021,1400,18933,,7,2,9,1300,0,1,1,,2,4,I-8 W/B,DUNAWAY ROAD,26242,W,N,A,-,Y,,,8,,,,,,W,Y,3,0,1,1,A,-,8,22107,,N,F,A,A,A,H,-,A,D,0,,,,,Y,,A,1,0,1,0,0,0,0,0,0,0,- ,- ,32.75421906,-115.8841476,IMPERIAL,UNINCORPORATED,-115.8841324,32.75411606
91648190,2021,12/9/2021,9625,12/3/2021,1525,19668,,5,2,9,1300,0,1,3,,2,53,SR-111 S/B,CHICK ROAD,2008,S,N,A,-,Y,,,111,,,,,,S,Y,3,0,1,2,A,-,3,22350,,N,C,C,A,A,H,-,A,D,0,,,,,Y,,A,1,0,1,0,0,0,0,0,0,0,- ,- ,32.76131058,-115.5009384,IMPERIAL,UNINCORPORATED,-115.5008774,32.76131058
91648822,2021,12/10/2021,9625,12/3/2021,1715,20263,,5,2,9,1300,0,3,5,,2,20,E. WIRT ROAD,HASTAIN ROAD,7920,W,N,A,-,N,,,,,,,,,,Y,2,0,1,1,A,-,8,22107,,N,F,A,A,A,H,-,D,D,0,,,,,Y,,A,7,1,0,0,0,0,0,0,0,0,- ,- ,33.12565994,-115.4277115,IMPERIAL,UNINCORPORATED,-115.441246,33.12572479