CASE_ID,ACCIDENT_YEAR,PROC_DATE,JURIS,COLLISION_DATE,COLLISION_TIME,OFFICER_ID,REPORTING_DISTRICT,DAY_OF_WEEK,CHP_SHIFT,POPULATION,CNTY_CITY_LOC,SPECIAL_COND,BEAT_TYPE,CHP_BEAT_TYPE,CITY_DIVISION_LAPD,CHP_BEAT_CLASS,BEAT_NUMBER,PRIMARY_RD,SECONDARY_RD,DISTANCE,DIRECTION,INTERSECTION,WEATHER_1,WEATHER_2,STATE_HWY_IND,CALTRANS_COUNTY,CALTRANS_DISTRICT,STATE_ROUTE,ROUTE_SUFFIX,POSTMILE_PREFIX,POSTMILE,LOCATION_TYPE,RAMP_INTERSECTION,SIDE_OF_HWY,TOW_AWAY,COLLISION_SEVERITY,NUMBER_KILLED,NUMBER_INJURED,PARTY_COUNT,PRIMARY_COLL_FACTOR,PCF_CODE_OF_VIOL,PCF_VIOL_CATEGORY,PCF_VIOLATION,PCF_VIOL_SUBSECTION,HIT_AND_RUN,TYPE_OF_COLLISION,MVIW,PED_ACTION,ROAD_SURFACE,ROAD_COND_1,ROAD_COND_2,LIGHTING,CONTROL_DEVICE,CHP_ROAD_TYPE,PEDESTRIAN_ACCIDENT,BICYCLE_ACCIDENT,MOTORCYCLE_ACCIDENT,TRUCK_ACCIDENT,NOT_PRIVATE_PROPERTY,ALCOHOL_INVOLVED,STWD_VEHTYPE_AT_FAULT,CHP_VEHTYPE_AT_FAULT,COUNT_SEVERE_INJ,COUNT_VISIBLE_INJ,COUNT_COMPLAINT_PAIN,COUNT_PED_KILLED,COUNT_PED_INJURED,COUNT_BICYCLIST_KILLED,COUNT_BICYCLIST_INJURED,COUNT_MC_KILLED,COUNT_MC_INJURED,PRIMARY_RAMP,SECONDARY_RAMP,LATITUDE,LONGITUDE,COUNTY,CITY,POINT_X,POINT_Y
7197703,2016,3/11/2016,1304,2/19/2016,1551,337,,5,5,4,1304,0,0,0,,0,EAST,ADAMS,5TH,0,,Y,A,-,N,,,86,,,,,,,N,4,0,3,2,A,-,9,21800,A,N,D,I,A,A,H,-,A,D,0,,,,,Y,,A,1,0,0,3,0,0,0,0,0,0,- ,- ,32.79658,-115.55501,IMPERIAL,EL CENTRO,-115.5550115,32.79655822
7198485,2016,9/14/2016,1302,2/2/2016,1828,CX098,1302,2,5,4,1302,0,0,0,,0,4,RT 111,RT 111 2300,0,,N,A,-,Y,IMP,11,111,-,R,2.09,H,-,N,Y,4,0,1,3,A,-,3,22350,,N,C,C,A,A,H,-,D,A,0,,,,,Y,,-,,0,0,1,0,0,0,0,0,0,- ,- ,,,IMPERIAL,CALEXICO,-115.4992571,32.69226596
7199652,2016,9/27/2018,1302,1/15/2016,1957,547,1302,5,5,4,1302,0,0,0,,0,4,COLE RD,ROCKWOOD AV,56,E,N,A,-,N,,,,,,,,,,Y,1,1,0,2,A,-,7,21658,A,N,D,G,A,A,H,-,E,A,0,,Y,,Y,Y,,L,4,0,0,0,0,0,1,0,0,0,- ,- ,,,IMPERIAL,CALEXICO,-115.496099,32.69396
8019774,2016,4/25/2016,1304,4/10/2016,3,357,ECSC,7,5,4,1304,0,0,0,,0,EAST,CYPRESS DR,ROSE AV,0,,N,C,-,N,,,,,,,,,,Y,3,0,1,2,A,-,1,23152,A,M,A,E,A,B,H,-,C,D,0,,,,,Y,Y,-,,0,1,0,0,0,0,0,0,0,- ,- ,,,IMPERIAL,EL CENTRO,-115.56538,32.78149006
8029781,2016,5/13/2016,1301,4/8/2016,1933,912,BRAWL,5,5,3,1301,0,0,0,,0,2,A ST,1ST ST,0,,Y,A,-,N,,,,,,,,,,Y,4,0,1,2,A,-,12,22450,,N,D,C,A,A,H,-,D,A,0,,,,,Y,,A,1,0,0,1,0,0,0,0,0,0,- ,- ,,,IMPERIAL,BRAWLEY,-115.5654201,32.95911001
8030004,2016,4/29/2016,1301,2/22/2016,804,RAY9A2,BRAWL,1,5,3,1301,0,0,0,,0,1,MAIN,2ND,73,E,N,A,-,N,,,,,,,,,,N,3,0,1,2,A,-,11,21954,A,N,G,B,D,A,H,-,A,D,0,Y,,,,Y,,N,60,0,1,0,0,1,0,0,0,0,- ,- ,,,IMPERIAL,BRAWLEY,-115.5392133,32.97863
8030826,2016,5/16/2016,1304,4/19/2016,629,358,6,2,5,4,1304,0,0,0,,0,EAST,BROADWAY,6TH,0,,Y,A,-,N,,,,,,,,,,N,3,0,1,2,A,-,9,21800,A,N,D,G,A,A,H,-,A,A,0,,Y,,,Y,,D,22,0,1,0,0,0,0,1,0,0,- ,- ,,,IMPERIAL,EL CENTRO,-115.55695,32.79387008
8030858,2016,5/16/2016,1304,4/18/2016,1651,336,,1,5,4,1304,0,0,0,,0,EAST,SMOKETREE,6TH,0,,Y,A,-,N,,,,,,,,,,Y,4,0,1,2,A,-,9,21800,B,N,D,C,A,A,H,-,A,D,0,,,,,Y,,D,22,0,0,1,0,0,0,0,0,0,- ,- ,,,IMPERIAL,EL CENTRO,-115.5566001,32.77536005
8039512,2016,5/25/2016,1304,5/4/2016,951,329,,3,5,4,1304,0,0,0,,0,PATROL,DANEN BERG,DOGWOOD RD,328,E,N,A,-,N,,,,,,,,,,Y,4,0,2,2,A,-,3,22350,,N,C,C,A,A,H,-,A,A,0,,,,,Y,,-,,0,0,2,0,0,0,0,0,0,- ,- ,,,IMPERIAL,EL CENTRO,-115.534089,32.76691588
8045631,2016,5/26/2016,1304,4/27/2016,1349,332,E4,3,5,4,1304,0,0,0,,0,EAST,5TH ST,BROADWAY,164,,N,A,-,N,,,,,,,,,,N,4,0,1,2,A,-,9,21800,A,N,G,G,A,A,H,-,A,D,0,,Y,,,Y,,L,4,0,0,1,0,0,0,1,0,0,- ,- ,,,IMPERIAL,EL CENTRO,-115.5547301,32.79387006
8045639,2016,5/26/2016,1304,4/27/2016,1756,E0167,,3,5,4,1304,0,0,0,,0,EAST,DOGWOOD,PLAZA,0,W,N,A,-,N,,,,,,,,,,N,4,0,1,2,A,-,3,22350,,N,-,C,A,A,H,-,A,D,0,,,,,Y,,-,,0,0,1,0,0,0,0,0,0,- ,- ,32.77,-115.5352,IMPERIAL,EL CENTRO,,
8046912,2016,2/18/2017,1301,4/22/2016,1708,904,BRAWL,5,5,3,1301,0,0,0,,0,2,W MAIN ST,1ST ST,128,W,N,A,-,Y,IMP,11,86,-,-,20.65,H,-,S,Y,4,0,1,2,C,-,18,,,N,C,C,A,A,H,-,A,-,0,,,,,Y,,-,- ,0,0,1,0,0,0,0,0,0,- ,- ,32.5842,-115.3232,IMPERIAL,BRAWLEY,-115.5420093,32.97865831
8058587,2016,6/15/2016,1304,5/6/2016,800,333,,5,5,4,1304,0,0,0,,0,,LA BRUCHERIE AV,BARBARA WORTH DR,0,,Y,A,-,N,,,,,,,,,,Y,4,0,2,2,A,-,9,21802,A,N,D,C,A,A,H,-,A,A,0,,,,,Y,,A,1,0,0,2,0,0,0,0,0,0,- ,- ,,,IMPERIAL,EL CENTRO,-115.57868,32.79464006
8058623,2016,6/20/2016,1304,5/6/2016,802,E0141,,5,5,4,1304,0,0,0,,0,,ROSS,LOTUS,0,,Y,A,-,N,,,,,,,,,,N,4,0,1,2,A,-,3,22350,,N,C,C,A,A,H,-,A,D,0,,,,,Y,,A,1,0,0,1,0,0,0,0,0,0,- ,- ,32.78134,-115.58523,IMPERIAL,EL CENTRO,-115.5847,32.78146008
8069690,2016,6/27/2016,1301,6/17/2016,1028,9A2,BRAWL,5,5,3,1301,0,0,0,,0,1,MAIN,8TH,30,W,N,A,-,N,,,,,,,,,,Y,4,0,1,3,A,-,3,22350,,N,B,C,A,A,H,-,A,A,0,,,,,Y,,A,7,0,0,1,0,0,0,0,0,0,- ,- ,,,IMPERIAL,BRAWLEY,-115.5305573,32.97863
8070190,2016,6/28/2016,1304,6/1/2016,1806,E0167,6,3,5,4,1304,0,0,0,,0,EAST,4TH ST,SMOKETREE,0,,Y,A,-,N,,,,,,,,,,Y,4,0,1,3,A,-,9,21801,A,N,D,C,A,A,H,-,A,D,0,,,,,Y,,A,1,0,0,1,0,0,0,0,0,0,- ,- ,,,IMPERIAL,EL CENTRO,-115.5522601,32.77535001
8104636,2016,8/23/2016,1304,7/16/2016,1054,E0075,E4,6,5,4,1304,0,0,0,,0,WEST,WATERMAN,ROSS,0,,Y,A,-,N,,,,,,,,,,N,4,0,2,2,A,-,12,22450,,F,D,C,A,A,H,-,A,A,0,,,,,Y,Y,A,1,0,0,2,0,0,0,0,0,0,- ,- ,,,IMPERIAL,EL CENTRO,-115.5739301,32.78146005
8121696,2016,9/19/2016,1304,8/15/2016,2014,343,ELCE,1,5,4,1304,0,0,0,,0,WEST,LA BRUCHERIE RD,ADAMS AV,111,N,N,A,-,N,,,,,,,,,,N,4,0,1,2,A,-,9,21804,A,N,D,C,A,A,H,-,C,D,0,,,,,Y,,A,7,0,0,1,0,0,0,0,0,0,- ,- ,,,IMPERIAL,EL CENTRO,-115.5787121,32.79685331
8121700,2016,10/20/2016,1304,8/21/2016,2253,358,EEAST,7,5,4,1304,0,0,0,,0,EAST,DOGWOOD,AURORA,336,S,N,A,-,N,,,,,,,,,,N,2,0,1,2,A,-,6,21750,,F,C,G,A,A,H,-,A,D,0,,Y,,,Y,,A,1,1,0,0,0,0,0,1,0,0,- ,- ,,,IMPERIAL,EL CENTRO,-115.5353,32.77783
8138006,2016,1/21/2017,1301,8/14/2016,910,912,BRAWL,7,5,3,1301,0,0,0,,0,4,RT 111,RT 78,8,S,N,A,-,Y,IMP,11,111,-,R,22.01,H,-,N,N,4,0,1,2,A,-,3,22350,,N,C,C,A,A,H,-,A,A,0,,,,,Y,,A,1,0,0,1,0,0,0,0,0,0,- ,- ,,,IMPERIAL,BRAWLEY,-115.501344,32.97856769
8138030,2016,1/21/2017,1301,8/6/2016,1914,910,BRAWL,6,5,3,1301,0,0,0,,0,33,RT 111,BEST AV,3,E,N,A,-,Y,IMP,11,78,-,R,13.897,I,5,E,Y,3,0,1,2,A,-,17,21461,A,N,D,C,A,A,H,-,A,A,0,,,,,Y,,A,1,0,1,0,0,0,0,0,0,0,- ,- ,,,IMPERIAL,BRAWLEY,-116.0809374,33.13218942
8138905,2016,12/2/2016,1301,11/8/2016,1848,9A2,BRAWL,2,5,3,1301,0,0,0,,0,1,2ND,E ST,0,,Y,A,-,N,,,,,,,,,,Y,4,0,1,2,A,-,9,21801,A,N,A,C,A,A,H,-,D,A,0,,,,,Y,,D,22,0,0,1,0,0,0,0,0,0,- ,- ,,,IMPERIAL,BRAWLEY,-115.5394401,32.97977011
8139217,2016,12/16/2016,1301,11/11/2016,1908,911,,5,5,3,1301,0,0,0,,0,2,G ST,SOUTH 2ND ST,13,W,N,A,-,N,,,,,,,,,,N,3,0,1,2,A,-,8,22107,,N,G,B,C,A,H,-,C,D,0,Y,,,,Y,,D,22,0,1,0,0,1,0,0,0,0,- ,- ,,,IMPERIAL,BRAWLEY,-115.5394721,32.97751
8157778,2016,11/4/2016,1301,10/3/2016,1143,908,BRWLY,1,5,3,1301,0,0,0,,0,1,MAIN ST,1ST ST,0,,Y,A,-,N,,,,,,,,,,N,4,0,1,2,A,-,12,21453,A,N,D,C,A,A,H,-,A,A,0,,,,,Y,,A,1,0,0,1,0,0,0,0,0,0,- ,- ,32.5844,-115.3231,IMPERIAL,BRAWLEY,-115.5416301,32.97863009
8164919,2016,11/9/2016,1304,10/27/2016,1417,E0104,,4,5,4,1304,0,0,0,,0,,8TH,ROSS,0,,Y,A,-,N,,,,,,,,,,N,4,0,1,2,A,-,12,21453,A,N,D,C,A,A,H,-,A,A,0,,,,,Y,,A,1,0,0,1,0,0,0,0,0,0,- ,- ,32.7813,-115.5612,IMPERIAL,EL CENTRO,-115.5612401,32.78150007
8164955,2016,2/28/2017,1304,10/18/2016,1817,327,EAST,2,5,4,1304,0,0,0,,0,EAST,8TH,WOODWARD,15,N,N,A,-,N,,,,,,,,,,Y,4,0,1,2,A,-,8,22107,,N,D,C,A,A,H,-,B,D,0,,,,,Y,,A,7,0,0,1,0,0,0,0,0,0,- ,- ,,,IMPERIAL,EL CENTRO,-115.56146,32.799321
8165524,2016,11/14/2016,1306,1/18/2016,2021,403,IMPER,1,5,2,1306,0,0,0,,0,PATROL,DOGWOOD RD,ATEN RD,1584,S,N,A,-,N,,,,,,,,,,Y,3,0,1,1,A,-,7,21658,A,M,F,I,A,A,H,-,D,D,0,,,,,Y,Y,-,,0,1,0,0,0,0,0,0,0,- ,- ,,,IMPERIAL,IMPERIAL,-115.5356966,32.82110097
8165568,2016,11/14/2016,1306,7/1/2016,1828,410,IMPER,5,5,2,1306,0,0,0,,0,PATROL,ATEN RD,CLARK RD,528,W,N,A,-,N,,,,,,,,,,Y,4,0,2,2,A,-,- ,,,N,D,C,A,A,H,-,A,D,0,,,,,Y,,-,,0,0,2,0,0,0,0,0,0,- ,- ,,,IMPERIAL,IMPERIAL,-115.5632324,32.82552831
8167973,2018,11/23/2019,1302,2/21/2018,1433,CX118,1302,3,5,4,1302,0,0,0,,0,2,6TH ST,PAULIN AV,66,E,N,A,-,N,,,,,,,,,,N,4,0,2,2,A,-,8,22107,,N,B,C,A,A,H,-,A,A,0,,,,Y,Y,,F,21,0,0,2,0,0,0,0,0,0,- ,- ,,,IMPERIAL,CALEXICO,-115.4972839,32.67089081
8167977,2018,11/23/2019,1302,3/29/2018,738,561,1302,4,5,4,1302,0,0,0,,0,CX2,V V WILLIAMS AV,J M OSTREY ST,0,,Y,A,-,N,,,,,,,,,,Y,3,0,1,2,A,-,8,22107,,N,C,C,A,A,H,-,A,D,0,,,,,Y,,D,22,0,1,0,0,0,0,0,0,0,- ,- ,,,IMPERIAL,CALEXICO,-115.5076218,32.6830101
8168928,2016,11/28/2016,1301,4/22/2016,1710,9A10,BSC,5,5,3,1301,0,0,0,,0,1,A ST,3RD ST,0,,Y,A,-,N,,,,,,,,,,N,4,0,1,2,A,-,9,21802,A,N,D,G,A,A,H,-,A,A,0,,Y,,,Y,,L,4,0,0,1,0,0,0,1,0,0,- ,- ,,,IMPERIAL,BRAWLEY,-115.5637801,32.95905012
8169467,2016,11/16/2016,1301,10/9/2016,36,910,BRAWL,7,5,3,1301,0,0,0,,0,0B3,MAIN ST,CESAR CHAVEZ,630,E,N,A,-,N,,,,,,,,,,Y,2,0,1,2,A,-,0,21954,,N,G,B,D,A,H,-,C,A,0,Y,,,,Y,Y,N,60,1,0,0,0,1,0,0,0,0,- ,- ,,,IMPERIAL,BRAWLEY,-115.5243572,32.97863302
8171501,2016,11/22/2016,1304,11/4/2016,1251,333,E1,5,5,4,1304,0,0,0,,0,WEST,7TH ST,COMMERCIAL AV,0,,Y,A,-,N,,,,,,,,,,Y,4,0,1,2,A,-,9,21800,A,N,D,C,A,A,H,-,A,D,0,,,,,Y,,A,1,0,0,1,0,0,0,0,0,0,- ,- ,,,IMPERIAL,EL CENTRO,-115.5591201,32.79488007
8178725,2016,12/6/2016,1304,11/17/2016,1648,343,ELCE,4,5,4,1304,0,0,0,,0,EAST,E MAIN ST,DOGWOOD RD,77,W,N,A,-,N,,,,,,,,,,Y,3,0,3,4,A,-,1,23152,A,N,H,C,A,A,H,-,B,A,0,,,,,Y,Y,-,,0,1,2,0,0,0,0,0,0,- ,- ,,,IMPERIAL,EL CENTRO,-115.5358992,32.79282
8178924,2016,2/17/2017,1304,10/16/2016,1225,357,EWEST,7,5,4,1304,0,0,0,,0,WEST,ORANGE,ORANGE 1700,0,,-,A,-,N,,,,,,,,,,Y,4,0,2,4,A,-,1,23152,A,N,A,C,A,A,H,-,A,D,0,,,,,Y,,A,1,0,0,2,0,0,0,0,0,0,- ,- ,32.7887,-115.5774,IMPERIAL,EL CENTRO,-115.5741978,32.78873569
8180003,2016,1/10/2017,1305,11/11/2016,1842,682,HOLT,5,5,2,1305,0,0,0,,0,HOLT,E 5TH ST,HOLT AV,0,E,N,A,-,N,,,,,,,,,,N,4,0,1,2,A,-,9,21804,A,M,G,B,A,A,H,-,C,D,0,,Y,,,Y,,-,,0,0,1,0,0,0,1,0,0,- ,- ,,,IMPERIAL,HOLTVILLE,-115.38014,32.81095012
8187776,2016,12/28/2016,1304,11/26/2016,1814,343,ELCE,6,5,4,1304,0,0,0,,0,EAST,ROSS AV,S 3RD ST,161,W,N,A,-,N,,,,,,,,,,Y,3,0,1,2,A,-,9,21801,A,N,D,C,A,A,H,-,C,D,0,,,,,Y,,D,22,0,1,0,0,0,0,0,0,0,- ,- ,,,IMPERIAL,EL CENTRO,-115.5508309,32.78146
8187852,2016,12/29/2016,1304,12/1/2016,946,326,6,4,5,4,1304,0,0,0,,0,EAST,DOGWOOD,SOUTH MALL ENTRANCE RD,10,N,N,A,-,N,,,,,,,,,,N,4,0,1,2,A,-,3,22350,,N,C,C,A,A,H,-,A,A,0,,,,,Y,,A,1,0,0,1,0,0,0,0,0,0,- ,- ,32.7618,-115.5349,IMPERIAL,EL CENTRO,,
8188550,2016,12/13/2016,1301,11/2/2016,1513,945,BRAWL,3,5,3,1301,0,0,0,,0,2,5TH ST,H ST,0,,Y,A,-,N,,,,,,,,,,Y,4,0,1,2,A,-,9,21803,A,N,D,C,A,A,H,-,A,A,0,,,,,Y,,A,1,0,0,1,0,0,0,0,0,0,- ,- ,,,IMPERIAL,BRAWLEY,-115.5330401,32.97641005
8196223,2016,1/5/2017,1301,11/4/2016,1511,901,BRAWL,5,5,3,1301,0,0,0,,0,1,K ST,S IMPERIAL AV,20,E,N,A,-,N,,,,,,,,,,Y,4,0,1,2,D,-,0,,,N,D,C,A,A,H,-,A,A,0,,,,,Y,,-,- ,0,0,1,0,0,0,0,0,0,- ,- ,,,IMPERIAL,BRAWLEY,-115.5349052,32.97308966
8199998,2016,1/4/2017,1304,12/19/2016,341,354,EAST,1,5,4,1304,0,0,0,,0,,STATE ST,RAILROAD TRACKS,0,,-,A,-,N,,,,,,,,,,Y,4,0,1,1,A,-,3,22350,,F,H,J,A,A,H,-,D,D,0,,,,,Y,Y,-,,0,0,1,0,0,0,0,0,0,- ,- ,32.79172,-115.55071,IMPERIAL,EL CENTRO,-115.5505568,32.79176166
8281853,2016,3/24/2017,1301,12/8/2016,1719,9A5,BRAWL,4,5,3,1301,0,0,0,,0,1,8TH ST,ADLER,1577,N,N,A,-,N,,,,,,,,,,Y,3,0,1,2,A,-,3,22350,,N,-,C,A,A,H,-,D,D,0,,,,,Y,,A,1,0,1,0,0,0,0,0,0,0,- ,- ,,,IMPERIAL,BRAWLEY,-115.5268192,32.98973162
8285166,2016,1/25/2017,1304,12/28/2016,1525,326,6,3,5,4,1304,0,0,0,,0,EAST,DANEN BERG,PLAZA DR,0,,Y,A,-,N,,,,,,,,,,Y,3,0,1,2,A,-,12,22450,A,N,D,C,A,A,H,-,A,B,0,,,Y,,Y,Y,C,2,0,1,0,0,0,0,0,0,1,- ,- ,,,IMPERIAL,EL CENTRO,-115.53258,32.76691005
8311553,2017,2/15/2018,1304,1/21/2017,1311,354,,6,5,4,1304,0,0,0,,0,,4TH,HOLT,0,,Y,A,-,Y,IMP,11,86,-,-,6.894,I,5,S,N,4,0,2,2,A,-,9,21801,A,N,D,C,A,A,H,-,A,A,0,,,,,Y,,-,,0,0,2,0,0,0,0,0,0,- ,- ,,,IMPERIAL,EL CENTRO,-115.5525306,32.78684785
8311557,2017,2/27/2017,1304,1/13/2017,1157,331,EAST,5,5,4,1304,0,0,0,,0,EAST,PLAZA DR,SALEM WY,0,,Y,B,-,N,,,,,,,,,,Y,4,0,1,2,A,-,9,21801,A,N,D,C,A,A,H,-,A,D,0,,,,,Y,,D,22,0,0,1,0,0,0,0,0,0,- ,- ,32.7641,-115.5338,IMPERIAL,EL CENTRO,-115.5325701,32.76638004
8311674,2017,2/15/2018,1304,1/18/2017,1807,329,EAST,3,5,4,1304,0,0,0,,0,EAST,4TH,STATE,0,,Y,B,-,Y,IMP,11,86,-,-,7.24,I,5,N,Y,2,0,3,3,A,-,9,21802,A,N,D,C,A,B,H,-,C,A,0,,,,,Y,,A,1,1,0,2,0,0,0,0,0,0,- ,- ,32.79186,-115.55282,IMPERIAL,EL CENTRO,-115.5525275,32.79185698
8311678,2017,3/6/2017,1304,1/25/2017,743,E0025,6,3,5,4,1304,0,0,0,,0,PATROL,ROSS AV,3RD ST,416,E,N,A,-,N,,,,,,,,,,Y,4,0,1,1,A,-,5,21650,,N,A,I,A,A,H,-,A,D,0,,,,,Y,,-,,0,0,1,0,0,0,0,0,0,- ,- ,,,IMPERIAL,EL CENTRO,-115.5489645,32.78143158
8316224,2017,3/1/2017,1304,2/1/2017,1700,359,,3,5,4,1304,0,0,0,,0,WEST,CRUICKSHANK,IMPERIAL AV,327,E,N,A,-,N,,,,,,,,,,N,4,0,1,2,A,-,9,21804,A,N,D,-,A,A,H,-,A,A,0,,,,,Y,,-,,0,0,1,0,0,0,0,0,0,- ,- ,,,IMPERIAL,EL CENTRO,-115.5688334,32.81470789
8327803,2017,3/24/2017,1304,2/8/2017,1839,331,6,3,5,4,1304,0,0,0,,0,EAST,MAIN RD,4TH,0,,Y,A,-,N,,,,,,,,,,N,4,0,1,2,A,-,9,21804,A,F,D,G,A,A,H,-,C,D,0,,Y,,,Y,,L,4,0,0,1,0,0,0,1,0,0,- ,- ,32.79284,-115.55159,IMPERIAL,EL CENTRO,-115.5525101,32.79282002
8329875,2017,2/15/2018,1301,3/1/2017,1539,901,,3,5,3,1301,0,0,0,,0,1,RT 111,SHANK RD,0,,Y,A,-,Y,IMP,11,111,-,-,23.55,H,-,S,Y,3,0,3,2,A,-,- ,,,N,C,C,A,A,H,-,A,A,0,,,,,Y,,D,22,0,3,0,0,0,0,0,0,0,- ,- ,,,IMPERIAL,BRAWLEY,-115.5264228,32.99900554
8334484,2017,3/29/2017,1304,2/18/2017,1123,332,E4,6,5,4,1304,0,0,0,,0,WEST,ADAMS AV,IMPERIAL AV,0,,Y,B,C,N,,,,,,,,,,Y,4,0,1,2,A,-,3,22350,,N,C,C,A,B,H,-,A,A,0,,,,,Y,,A,1,0,0,1,0,0,0,0,0,0,- ,- ,32.79662,-115.56982,IMPERIAL,EL CENTRO,-115.5699801,32.7964801
8336046,2017,12/26/2017,1304,3/27/2017,2034,360,ELCE,1,5,4,1304,0,0,0,,0,WEST,IMPERIAL,EUCLID,204,S,N,A,-,N,,,86,,,,,,,Y,4,0,4,5,A,-,3,22350,,N,-,C,A,A,H,-,C,A,0,,,,,Y,,-,,0,0,4,0,0,0,0,0,0,- ,- ,32.7977,-115.5698,IMPERIAL,EL CENTRO,-115.5699694,32.79770094
8339139,2017,2/15/2018,1304,3/8/2017,1209,332,E4,3,5,4,1304,0,0,0,,0,WEST,IMPERIAL AV,RAILROAD TRACKS,100,S,N,A,-,Y,IMP,11,86,-,-,7.51,H,-,N,N,4,0,1,3,A,-,4,21703,,N,C,C,A,A,H,-,A,D,0,,,,,Y,,-,,0,0,1,0,0,0,0,0,0,- ,- ,32.79959,-115.56985,IMPERIAL,EL CENTRO,-115.5699534,32.79956452
8354488,2017,5/4/2017,1301,3/28/2017,1647,9A13,BRAWL,2,5,3,1301,0,0,0,,0,3,N PALM AV,D ST,0,,Y,A,-,N,,,,,,,,,,Y,4,0,1,2,A,-,9,21802,A,N,D,D,A,A,H,-,A,D,0,,,,,Y,,A,1,0,0,1,0,0,0,0,0,0,- ,- ,,,IMPERIAL,BRAWLEY,-115.5220301,32.98086009
8356935,2017,5/2/2017,1304,3/6/2017,1926,360,E1,1,5,4,1304,0,0,0,,0,,8TH,EL DORADO,235,S,N,A,-,N,,,,,,,,,,N,4,0,1,2,A,-,3,22350,,N,C,G,A,A,H,-,C,A,0,,Y,,,Y,,-,,0,0,1,0,0,0,1,0,0,- ,- ,,,IMPERIAL,EL CENTRO,-115.5614,32.80859783
8358172,2017,2/15/2018,1301,3/10/2017,1252,914,BRAWL,5,5,3,1301,0,0,0,,0,2,RT 86,LEGION RD,1062,S,N,A,-,Y,IMP,11,86,-,-,18.99,H,-,S,Y,2,0,1,2,A,-,3,22350,,F,D,C,A,A,H,-,A,D,0,,,,,Y,,-,,1,0,0,0,0,0,0,0,0,- ,- ,,,IMPERIAL,BRAWLEY,-115.5521219,32.95736423
8361514,2017,5/17/2017,1304,4/18/2017,1958,337,,2,5,4,1304,0,0,0,,0,,ORANGE,ORANGE 2300 BLOCK,0,,-,A,-,N,,,,,,,,,,Y,3,0,3,2,A,-,1,23152,A,N,D,E,A,A,H,-,C,A,0,,,,,Y,Y,A,1,0,3,0,0,0,0,0,0,0,- ,- ,32.78873,-115.58247,IMPERIAL,EL CENTRO,,
8361518,2017,5/22/2017,1304,4/13/2017,1456,E0025,,4,5,4,1304,0,0,0,,0,,MAIN ST,2ND ST,304,E,N,A,-,N,,,,,,,,,,N,4,0,1,3,A,-,3,22350,,N,C,C,A,A,H,-,A,D,0,,,,,Y,,-,,0,0,1,0,0,0,0,0,0,- ,- ,,,IMPERIAL,EL CENTRO,-115.5454963,32.79283001
8362396,2017,3/20/2018,1304,4/26/2017,913,354,,3,5,4,1304,0,0,0,,0,,ADAMS,12TH,0,,Y,A,-,N,,,,,,,,,,Y,4,0,2,2,A,-,9,21802,A,N,D,C,A,A,H,-,A,A,0,,,,,Y,,-,,0,0,2,0,0,0,0,0,0,- ,- ,,,IMPERIAL,EL CENTRO,-115.5655801,32.7965901
8379468,2017,6/27/2017,1304,5/16/2017,1832,367,6,2,5,4,1304,0,0,0,,0,EAST,4TH,SMOKETREE,0,,Y,A,-,N,,,86,,,,,,,Y,4,0,2,2,A,-,9,21801,B,N,D,C,A,A,H,-,A,D,0,,,,,Y,,A,1,0,0,2,0,0,0,0,0,0,- ,- ,32.7754,-115.5523,IMPERIAL,EL CENTRO,-115.5522754,32.77540064
8386020,2017,9/11/2017,1304,6/26/2017,1327,365,,1,5,4,1304,0,0,0,,0,EAST,6TH ST,STATE,0,,N,A,-,N,,,,,,,,,,Y,4,0,1,2,A,-,8,22107,,N,C,E,A,A,H,-,A,A,0,,,,,Y,,A,1,0,0,1,0,0,0,0,0,0,- ,- ,32.7912,-115.5571,IMPERIAL,EL CENTRO,-115.5569501,32.79178005
8386085,2017,7/10/2017,1304,6/9/2017,1801,332,E1,5,5,4,1304,0,0,0,,0,EAST,HOPE ST,HEIL AV,100,S,N,A,-,N,,,,,,,,,,Y,4,0,1,2,A,-,1,23152,E,N,C,E,A,A,H,-,A,D,0,,,,,Y,,A,1,0,0,1,0,0,0,0,0,0,- ,- ,32.78766,-115.53969,IMPERIAL,EL CENTRO,-115.5396863,32.78657673
8386093,2017,7/10/2017,1304,6/9/2017,920,E0187,4,5,5,4,1304,0,0,0,,0,WEST,8TH ST,ADAMS AV,0,,Y,A,-,N,,,,,,,,,,N,3,0,1,2,A,-,9,21802,B,M,D,G,A,A,H,-,A,A,0,,Y,,,Y,,L,4,0,1,0,0,0,0,1,0,0,- ,- ,,,IMPERIAL,EL CENTRO,-115.5614801,32.79655005
8391253,2017,6/23/2017,1304,5/24/2017,1819,E0178,,3,5,4,1304,0,0,0,,0,WEST,IMPERIAL AV,IMPERIAL,47,N,N,A,-,N,,,,,,,,,,Y,4,0,1,2,A,-,12,21453,A,N,D,C,A,A,H,-,A,A,0,,,,,Y,,D,22,0,0,1,0,0,0,0,0,0,- ,- ,,,IMPERIAL,EL CENTRO,-115.57022,32.80743
8391470,2017,6/19/2017,1304,5/16/2017,2133,343,ELCE,2,5,4,1304,0,0,0,,0,WEST,IMPERIAL,AURORA,0,,Y,A,-,N,,,,,,,,,,N,4,0,1,2,A,-,9,21802,A,N,D,C,A,A,H,-,C,A,0,,,,,Y,,A,1,0,0,1,0,0,0,0,0,0,- ,- ,,,IMPERIAL,EL CENTRO,-115.56967,32.77838009
8391502,2017,6/19/2017,1304,5/10/2017,2021,326,EAST,3,5,4,1304,0,0,0,,0,EAST,5TH,ORANGE,119,S,N,A,-,N,,,,,,,,,,N,4,0,1,2,A,-,10,21954,B,M,B,B,D,A,H,-,C,D,0,Y,,,,Y,,-,,0,0,1,0,1,0,0,0,0,- ,- ,,,IMPERIAL,EL CENTRO,-115.5547168,32.78846478
8404617,2017,5/31/2018,1304,7/13/2017,1902,E0104,,4,5,4,1304,0,0,0,,0,EAST,E MAIN ST,EARL'S RD,405,W,N,A,-,N,,,,,,,,,,Y,1,1,0,1,A,-,3,22350,,N,-,J,A,A,H,-,A,D,0,,,,,Y,,-,,0,0,0,0,0,0,0,0,0,- ,- ,32.7927,-115.5282,IMPERIAL,EL CENTRO,-115.5282697,32.79282723