CASE_ID,ACCIDENT_YEAR,PROC_DATE,JURIS,COLLISION_DATE,COLLISION_TIME,OFFICER_ID,REPORTING_DISTRICT,DAY_OF_WEEK,CHP_SHIFT,POPULATION,CNTY_CITY_LOC,SPECIAL_COND,BEAT_TYPE,CHP_BEAT_TYPE,CITY_DIVISION_LAPD,CHP_BEAT_CLASS,BEAT_NUMBER,PRIMARY_RD,SECONDARY_RD,DISTANCE,DIRECTION,INTERSECTION,WEATHER_1,WEATHER_2,STATE_HWY_IND,CALTRANS_COUNTY,CALTRANS_DISTRICT,STATE_ROUTE,ROUTE_SUFFIX,POSTMILE_PREFIX,POSTMILE,LOCATION_TYPE,RAMP_INTERSECTION,SIDE_OF_HWY,TOW_AWAY,COLLISION_SEVERITY,NUMBER_KILLED,NUMBER_INJURED,PARTY_COUNT,PRIMARY_COLL_FACTOR,PCF_CODE_OF_VIOL,PCF_VIOL_CATEGORY,PCF_VIOLATION,PCF_VIOL_SUBSECTION,HIT_AND_RUN,TYPE_OF_COLLISION,MVIW,PED_ACTION,ROAD_SURFACE,ROAD_COND_1,ROAD_COND_2,LIGHTING,CONTROL_DEVICE,CHP_ROAD_TYPE,PEDESTRIAN_ACCIDENT,BICYCLE_ACCIDENT,MOTORCYCLE_ACCIDENT,TRUCK_ACCIDENT,NOT_PRIVATE_PROPERTY,ALCOHOL_INVOLVED,STWD_VEHTYPE_AT_FAULT,CHP_VEHTYPE_AT_FAULT,COUNT_SEVERE_INJ,COUNT_VISIBLE_INJ,COUNT_COMPLAINT_PAIN,COUNT_PED_KILLED,COUNT_PED_INJURED,COUNT_BICYCLIST_KILLED,COUNT_BICYCLIST_INJURED,COUNT_MC_KILLED,COUNT_MC_INJURED,PRIMARY_RAMP,SECONDARY_RAMP,LATITUDE,LONGITUDE,COUNTY,CITY,POINT_X,POINT_Y
8404715,2017,4/9/2019,1304,12/29/2017,1818,361,E1,5,5,4,1304,0,0,0,,0,EAST,FOURTH ST,HOLT AV,11,N,N,A,-,Y,IMP,11,86,-,-,6.97,H,-,N,Y,1,1,0,2,A,-,10,21950,A,N,G,B,D,A,H,-,C,A,0,Y,,,,Y,,A,1,0,0,0,1,0,0,0,0,0,- ,- ,,,IMPERIAL,EL CENTRO,-115.5525293,32.78792191
8408702,2017,4/19/2018,1304,6/5/2017,1422,357,EAST,1,5,4,1304,0,0,0,,0,,4TH,SMOKETREE,0,,Y,A,-,Y,IMP,11,86,-,-,6.1,H,-,N,Y,4,0,1,2,A,-,8,22107,,N,D,C,A,A,H,-,A,D,0,,,,,Y,,A,1,0,0,1,0,0,0,0,0,0,- ,- ,,,IMPERIAL,EL CENTRO,-115.5522687,32.77516288
8416855,2017,8/8/2017,1304,7/5/2017,2123,327,EWEST,3,5,4,1304,0,0,0,,0,WEST,LA BRUCHERIE,MAIN,0,,N,A,-,N,,,,,,,,,,Y,4,0,1,2,A,-,5,21460,A,N,B,C,A,A,H,-,C,A,0,,,,,Y,,D,22,0,0,1,0,0,0,0,0,0,- ,- ,32.7926,-115.5785,IMPERIAL,EL CENTRO,-115.57863,32.79286009
8446025,2017,7/9/2018,1304,7/22/2017,1239,340,E1,6,5,4,1304,0,0,0,,0,EAST,ADAMS,6TH,0,,Y,A,-,Y,IMP,11,86,-,L,7.77,I,5,S,N,4,0,1,2,A,-,12,21453,A,N,D,C,A,A,H,-,A,A,0,,,,,Y,,A,1,0,0,1,0,0,0,0,0,0,- ,- ,32.7963,-115.5571,IMPERIAL,EL CENTRO,-115.5570966,32.79655685
8449219,2017,9/22/2017,1301,8/10/2017,1208,906,BRAWL,4,5,3,1301,0,0,0,,0,,H ST,S 5TH ST,0,,Y,A,-,N,,,,,,,,,,Y,3,0,2,2,A,-,9,21803,A,N,D,C,A,A,H,-,A,A,0,,,,,Y,,A,7,0,1,1,0,0,0,0,0,0,- ,- ,,,IMPERIAL,BRAWLEY,-115.5330401,32.97641005
8470310,2017,10/26/2017,1301,8/21/2017,649,915,,1,5,3,1301,0,0,0,,0,3,B ST,N 13TH ST,0,,Y,A,-,N,,,,,,,,,,Y,3,0,1,2,A,-,9,21801,A,N,D,C,A,A,H,-,A,D,0,,,,,Y,,A,7,0,1,0,0,0,0,0,0,0,- ,- ,,,IMPERIAL,BRAWLEY,-115.51997,32.98306008
8473056,2017,1/6/2018,1302,1/18/2017,1300,CX088,1302,3,5,4,1302,0,0,0,,0,4,W COLE RD,PORTICO BL,0,,Y,A,-,N,,,,,,,,,,Y,4,0,1,2,A,-,6,21755,,N,B,C,A,A,H,-,A,A,0,,,Y,Y,Y,,C,2,0,0,1,0,0,0,0,0,1,- ,- ,,,IMPERIAL,CALEXICO,-115.5039601,32.69399007
8473232,2017,11/21/2017,1302,1/17/2017,1553,535,1302,2,5,4,1302,0,0,0,,0,4,PAULIN AV,4TH ST,0,,Y,A,-,N,,,,,,,,,,Y,4,0,1,2,A,-,3,22350,A,N,D,C,A,A,H,-,A,A,0,,,Y,,Y,,A,1,0,0,1,0,0,0,0,0,1,- ,- ,,,IMPERIAL,CALEXICO,-115.4975001,32.66879009
8473240,2017,11/21/2017,1302,1/31/2017,37,CX010,1302,2,5,4,1302,0,0,0,,0,3,5TH ST,PAULIN AV,0,,Y,A,-,N,,,,,,,,,,Y,4,0,1,2,A,-,9,21802,A,N,D,C,A,A,H,-,C,D,0,,,,,Y,,A,1,0,0,1,0,0,0,0,0,0,- ,- ,,,IMPERIAL,CALEXICO,-115.4975,32.6698401
8473244,2017,11/21/2017,1302,1/22/2017,57,10005,1302,7,5,4,1302,0,0,0,,0,2,ANDRADE AV,1ST ST,0,,Y,A,-,N,,,,,,,,,,Y,4,0,1,1,A,-,3,22350,,N,A,I,A,A,H,-,C,D,0,,,,,Y,,A,1,0,0,1,0,0,0,0,0,0,- ,- ,,,IMPERIAL,CALEXICO,-115.4825501,32.66600001
8482043,2017,11/22/2017,1302,1/4/2017,1516,534,1302,3,5,4,1302,0,0,0,,0,2,BLAIR AV,ROSEMONT ST,45,S,N,A,-,N,,,,,,,,,,N,4,0,1,2,A,-,9,21804,B,N,D,C,A,A,H,-,A,D,0,,Y,,,Y,,A,1,0,0,1,0,0,0,1,0,0,- ,- ,,,IMPERIAL,CALEXICO,-115.49072,32.67483702
8486554,2017,12/11/2017,1302,3/29/2017,1203,CX023,1302,3,5,4,1302,0,0,0,,0,4,ROBINSON WY,PORTICO BL,73,W,N,A,-,N,,,,,,,,,,N,3,0,2,1,A,-,8,22107,,N,E,I,A,A,H,-,A,A,0,,,,,Y,,-,,0,2,0,0,0,0,0,0,0,- ,- ,,,IMPERIAL,CALEXICO,-115.5043159,32.6978177
8486558,2017,11/20/2017,1302,3/30/2017,2028,CX155,1302,4,5,4,1302,0,0,0,,0,4,ANDRADE AV,MEADOWS DR,29,S,N,A,-,N,,,,,,,,,,N,2,0,1,2,A,-,11,21950,B,N,G,B,D,A,H,-,C,A,0,Y,,,,Y,,N,60,1,0,0,0,1,0,0,0,0,- ,- ,,,IMPERIAL,CALEXICO,-115.4825572,32.69385079
8492140,2017,1/8/2018,1302,2/17/2017,2042,540,1302,5,5,4,1302,0,0,0,,0,2,RT 98,HEBER AV,0,,Y,A,-,Y,IMP,11,98,-,-,32.614,I,5,E,Y,4,0,2,2,A,-,9,21802,A,N,D,C,A,A,H,-,C,A,0,,,,,Y,,A,1,0,0,2,0,0,0,0,0,0,- ,- ,,,IMPERIAL,CALEXICO,-115.4935459,32.67918127
8492159,2017,1/8/2018,1302,3/10/2017,2041,527,1302,5,5,4,1302,0,0,0,,0,4,RT 98,ROCKWOOD AV,75,E,N,A,-,Y,IMP,11,98,-,-,32.47,H,-,W,Y,4,0,2,2,A,-,3,22350,,N,C,C,A,A,H,-,-,A,0,,,,,Y,,A,8,0,0,2,0,0,0,0,0,0,- ,- ,,,IMPERIAL,CALEXICO,-115.4961041,32.67912358
8496169,2017,12/8/2017,1304,11/6/2017,1530,336,3A,1,5,4,1304,0,0,0,,0,,LINCOLN,WATERMAN,0,,Y,A,-,N,,,,,,,,,,Y,4,0,3,3,A,-,1,23152,A,N,D,C,A,A,H,-,A,A,0,,,,,Y,Y,A,1,0,0,3,0,0,0,0,0,0,- ,- ,,,IMPERIAL,EL CENTRO,-115.574,32.80739006
8506666,2017,6/28/2018,1304,11/16/2017,1922,337,EEAST,4,5,4,1304,0,0,0,,0,EAST,4TH,HEIL,0,,Y,A,-,Y,IMP,11,86,-,-,6.894,I,5,S,N,4,0,1,2,A,-,10,21950,A,F,G,B,B,A,H,-,C,A,0,Y,,,,Y,,A,1,0,0,1,0,1,0,0,0,0,- ,- ,,,IMPERIAL,EL CENTRO,-115.5525306,32.78684785
8512678,2017,1/12/2018,1304,12/4/2017,1725,E0194,ECSO,1,5,4,1304,0,0,0,,0,WEST,LA BRUCHERIE,ORANGE AV,0,,Y,A,-,N,,,,,,,,,,Y,4,0,1,2,D,-,0,,,N,C,C,A,A,H,-,D,D,0,,,,,Y,,-,- ,0,0,1,0,0,0,0,0,0,- ,- ,32.7899,-115.5786,IMPERIAL,EL CENTRO,-115.5785801,32.78877009
8518484,2017,12/20/2017,1304,10/19/2017,855,352,E1,4,5,4,1304,0,0,0,,0,EAST,IMPERIAL,MAIN,0,,Y,A,-,N,,,,,,,,,,N,4,0,1,2,A,-,3,22350,,N,C,C,A,A,H,-,A,A,0,,,,,Y,,A,1,0,0,1,0,0,0,0,0,0,- ,- ,32.7931,-115.57,IMPERIAL,EL CENTRO,-115.5699,32.79280002
8542285,2018,2/1/2018,1304,1/13/2018,1033,351,4,6,5,4,1304,0,0,0,,0,,IMPERIAL AV,BARBARA WORTH,0,,Y,A,-,N,,,,,,,,,,N,3,0,1,2,A,-,10,21950,A,N,G,B,B,A,H,-,A,A,0,Y,,,,Y,,A,1,0,1,0,0,1,0,0,0,0,- ,- ,,,IMPERIAL,EL CENTRO,-115.5699463,32.79462814
8542565,2017,3/12/2018,1304,11/23/2017,1747,331,,4,5,4,1304,0,0,0,,0,,CRUICKSHANK DR,CRUICKSHANK DR 1400,0,,N,A,-,N,,,,,,,,,,Y,4,0,1,2,A,-,1,23152,A,M,D,C,A,A,H,-,C,-,0,,,,Y,Y,Y,F,26,0,0,1,0,0,0,0,0,0,- ,- ,32.8147,-115.5678,IMPERIAL,EL CENTRO,-115.5710757,32.81468084
8553963,2017,6/28/2018,1304,12/22/2017,301,E0025,,5,5,4,1304,0,0,0,,0,EAST,4TH ST,RT 8,20,S,N,A,-,Y,IMP,11,8,-,R,37.821,R,4,E,N,4,0,1,2,A,-,5,21650,1,N,D,G,A,A,H,-,C,A,0,,Y,,,Y,,L,4,0,0,1,0,0,0,1,0,0,- ,- ,,,IMPERIAL,EL CENTRO,-115.5548652,32.77371202
8554228,2018,8/9/2018,1301,1/1/2018,1523,904,BRAWL,1,5,3,1301,0,0,0,,0,3,RT 78,RT 111,0,,N,A,-,Y,IMP,11,78,-,R,14.74,H,-,W,Y,3,0,3,2,A,-,8,22107,,N,B,C,A,A,H,-,A,D,0,,,,,Y,,A,1,0,2,1,0,0,0,0,0,0,- ,- ,32.99020004,-115.2012024,IMPERIAL,BRAWLEY,-115.5012817,32.99042511
8557174,2018,3/12/2018,1304,2/14/2018,804,340,E1,3,5,4,1304,0,0,0,,0,WEST,12TH ST,HEIL,0,,Y,A,-,N,,,,,,,,,,Y,4,0,2,2,A,-,9,21802,A,N,D,C,A,A,H,-,A,A,0,,,,,Y,,A,1,0,0,2,0,0,0,0,0,0,- ,- ,32.7867012,-115.5654984,IMPERIAL,EL CENTRO,-115.5654602,32.78675079
8564333,2018,3/12/2018,1304,2/7/2018,723,359,6,3,5,4,1304,0,0,0,,0,EAST,8TH,DANEN BERG,0,,Y,A,-,N,,,,,,,,,,N,3,0,1,2,A,-,7,21658,A,N,D,G,A,A,H,-,A,D,0,,Y,,,Y,,L,4,0,1,0,0,0,0,1,0,0,- ,- ,,,IMPERIAL,EL CENTRO,-115.56099,32.76712
8564337,2018,3/12/2018,1304,2/3/2018,1405,335,6,6,5,4,1304,0,0,0,,0,EAST,6TH,HOLT,0,,Y,A,-,N,,,,,,,,,,N,4,0,1,2,A,-,9,21804,A,N,D,G,A,A,H,-,A,A,0,,Y,,,Y,,L,4,0,0,1,0,0,0,1,0,0,- ,- ,,,IMPERIAL,EL CENTRO,-115.5569229,32.78778076
8564345,2018,3/12/2018,1304,2/18/2018,1945,343,ELCE,7,5,4,1304,0,0,0,,0,WEST,NORTH WATERMAN,WATERMAN,0,,Y,A,-,N,,,,,,,,,,N,3,0,1,2,A,-,10,21950,A,N,G,B,D,A,H,-,C,D,0,Y,,,,Y,,A,1,0,1,0,0,1,0,0,0,0,- ,- ,32.80070114,-115.5739975,IMPERIAL,EL CENTRO,-115.5708466,32.81470871
8564601,2018,2/28/2018,1304,1/19/2018,213,345,6,5,5,4,1304,0,0,0,,0,EAST,2ND,HOLT,27,S,N,A,-,N,,,,,,,,,,N,3,0,1,2,A,-,3,22350,,N,A,B,C,A,H,-,C,D,0,Y,,,,Y,,A,1,0,1,0,0,1,0,0,0,0,- ,- ,,,IMPERIAL,EL CENTRO,-115.5461349,32.78767776
8564605,2018,2/28/2018,1304,1/28/2018,1402,335,EAST,7,5,4,1304,0,0,0,,0,EAST,6TH ST,ORANGE,0,,Y,A,-,N,,,,,,,,,,N,4,0,1,2,A,-,12,22450,A,N,D,G,A,A,H,-,A,A,0,,Y,,,Y,,L,4,0,0,1,0,0,0,1,0,0,- ,- ,,,IMPERIAL,EL CENTRO,-115.5569305,32.78879166
8570727,2018,7/30/2018,1304,2/14/2018,1750,359,4,3,5,4,1304,0,0,0,,0,WEST,IMPERIAL,SCOTT,0,S,N,C,-,Y,IMP,11,8,-,-,7.58,H,-,E,N,4,0,1,2,A,-,4,21703,,N,C,C,A,B,H,-,C,A,0,,,,,Y,,A,1,0,0,1,0,0,0,0,0,0,- ,- ,,,IMPERIAL,EL CENTRO,-116.0540543,32.70973969
8587140,2018,3/30/2018,1304,2/23/2018,1301,359,4,5,5,4,1304,0,0,0,,0,WEST,BROADWAY,14TH,55,E,N,A,-,N,,,,,,,,,,Y,4,0,1,1,A,-,8,22107,,N,-,I,A,A,H,-,A,A,0,,,,,Y,,A,1,0,0,1,0,0,0,0,0,0,- ,- ,,,IMPERIAL,EL CENTRO,-115.5677948,32.79380417
8588392,2018,3/30/2018,1304,3/13/2018,1643,332,EAST,2,5,4,1304,0,0,0,,0,EAST,4TH,SMOKETREE,0,,Y,A,-,N,,,86,,,,,,,Y,4,0,3,2,A,-,9,21803,A,N,A,C,A,A,H,-,A,D,0,,,,,Y,,A,1,0,0,3,0,0,0,0,0,0,- ,- ,32.77532959,-115.5523605,IMPERIAL,EL CENTRO,-115.5522766,32.7753334
8597369,2018,4/25/2018,1304,3/22/2018,1249,340,,4,5,4,1304,0,0,0,,0,ECSC,AURORA,CYPRESS,0,,Y,A,-,N,,,,,,,,,,Y,4,0,1,2,A,-,3,22350,,N,C,C,A,A,H,-,A,A,0,,,,Y,Y,,A,1,0,0,1,0,0,0,0,0,0,- ,- ,32.77840042,-115.5644989,IMPERIAL,EL CENTRO,-115.5647812,32.77838898
8597677,2018,4/26/2018,1304,4/2/2018,1416,320,E1,1,5,4,1304,0,0,0,,0,WEST,8TH,FIELDVIEW,0,,Y,A,-,N,,,,,,,,,,N,3,0,2,2,A,-,9,21802,A,N,D,C,A,A,H,-,A,A,0,,,,,Y,,A,1,0,1,1,0,0,0,0,0,0,- ,- ,,,IMPERIAL,EL CENTRO,-115.560862,32.76133
8606013,2018,5/11/2018,1304,4/26/2018,1229,337,ELCE,4,5,4,1304,0,0,0,,0,EAST,WAKE,4TH,202,W,N,A,-,N,,,,,,,,,,N,4,0,1,2,A,-,9,21801,A,N,D,C,A,A,H,-,A,D,0,,,,,Y,,-,,0,0,1,0,0,0,0,0,0,- ,- ,,,IMPERIAL,EL CENTRO,-115.5529709,32.77119446
8614722,2018,5/1/2018,1304,4/5/2018,658,329,E4,4,5,4,1304,0,0,0,,0,WEST,MAIN,23RD,0,,Y,A,-,N,,,,,,,,,,Y,4,0,1,2,A,-,9,21801,A,N,D,C,A,A,H,-,A,D,0,,,,,Y,,-,,0,0,1,0,0,0,0,0,0,- ,- ,,,IMPERIAL,EL CENTRO,-115.582428,32.79283142
8614793,2018,5/1/2018,1304,4/6/2018,1511,352,EAST,5,5,4,1304,0,0,0,,0,EAST,DOGWOOD,COMMERCIAL,0,,Y,B,-,N,,,,,,,,,,N,4,0,1,2,A,-,8,22107,,N,D,C,A,A,H,-,A,D,0,,,,,Y,,A,1,0,0,1,0,0,0,0,0,0,- ,- ,,,IMPERIAL,EL CENTRO,-115.5356522,32.79487991
8623682,2018,5/29/2018,1307,5/11/2018,1821,856,WESTM,5,5,1,1307,0,0,0,,0,,6TH ST,G ST,32,E,N,A,-,N,,,,,,,,,,Y,4,0,1,1,A,-,3,22350,,M,E,I,A,A,H,-,B,A,0,,,,,Y,,A,1,0,0,1,0,0,0,0,0,0,- ,- ,,,IMPERIAL,WESTMORLAND,-115.6244354,33.03992844
8625852,2018,5/31/2018,1304,5/15/2018,1711,30145,ESCO,2,5,4,1304,0,0,0,,0,WEST,CRUICKSHANK,IMPERIAL AV,360,E,N,A,-,N,,,,,,,,,,Y,3,0,1,2,A,-,9,21801,A,N,D,C,A,A,H,-,A,D,0,,,,,Y,,-,,0,1,0,0,0,0,0,0,0,- ,- ,,,IMPERIAL,EL CENTRO,-115.5687027,32.81472015
8629643,2018,8/17/2018,1304,5/2/2018,1729,354,,3,5,4,1304,0,0,0,,0,,4TH ST,DANENBERG,0,,N,A,-,Y,IMP,11,86,-,-,5.56,H,-,S,Y,4,0,3,4,A,-,3,22350,,F,C,C,A,A,H,-,A,D,0,,,,,Y,,D,22,0,0,3,0,0,0,0,0,0,- ,- ,,,IMPERIAL,EL CENTRO,-115.5521393,32.76730347
8631726,2018,6/7/2018,1304,5/15/2018,841,337,ESCO,2,5,4,1304,0,0,0,,0,WEST,BROADWAY,10TH,50,E,N,A,-,N,,,,,,,,,,Y,4,0,1,2,A,-,4,21703,,N,C,C,A,A,H,-,A,D,0,,,,,Y,Y,-,,0,0,1,0,0,0,0,0,0,- ,- ,,,IMPERIAL,EL CENTRO,-115.5634155,32.79386139
8646324,2018,7/3/2018,1304,5/24/2018,1520,354,,4,5,4,1304,0,0,0,,0,,ORANGE,LA BRUCHERIE,0,,-,A,-,N,,,,,,,,,,N,4,0,1,2,A,-,3,22350,,N,C,C,A,A,H,-,A,A,0,,,,,Y,,-,,0,0,1,0,0,0,0,0,0,- ,- ,,,IMPERIAL,EL CENTRO,-115.5785828,32.78876877
8646399,2018,7/3/2018,1304,5/30/2018,1152,354,,3,5,4,1304,0,0,0,,0,,8TH,BROADWAY,0,,Y,A,-,N,,,,,,,,,,Y,3,0,1,2,A,-,12,21453,A,N,D,C,A,A,H,-,A,A,0,,,,,Y,,D,22,0,1,0,0,0,0,0,0,0,- ,- ,,,IMPERIAL,EL CENTRO,-115.5614471,32.79386139
8648012,2018,7/23/2018,1301,6/5/2018,1608,901,BRAW,2,5,3,1301,0,0,0,,0,3,RT 111,RT 78,0,,Y,A,-,Y,IMP,11,78,-,-,15.499,I,5,W,Y,1,2,0,2,A,-,12,21453,A,N,D,C,A,A,H,-,A,A,0,,,,Y,Y,,G,25,0,0,0,0,0,0,0,0,0,- ,- ,,,IMPERIAL,BRAWLEY,-115.5013428,32.97864151
8648796,2018,8/13/2018,1304,5/31/2018,700,354,,4,5,4,1304,0,0,0,,0,,4TH,COMMERCIAL,0,,Y,A,-,Y,IMP,11,86,-,L,7.453,I,5,S,N,4,0,1,2,A,-,9,21802,A,N,D,C,A,A,H,-,A,A,0,,,,,Y,,-,,0,0,1,0,0,0,0,0,0,- ,- ,,,IMPERIAL,EL CENTRO,-115.5526428,32.79501343
8656391,2018,8/29/2018,1301,6/2/2018,1614,917,BRAWL,6,5,3,1301,0,0,0,,0,0B1,WESTERN,A,0,,Y,A,-,N,,,,,,,,,,Y,4,0,1,3,A,-,12,22450,A,N,A,C,A,A,H,-,A,A,0,,,,,Y,,A,1,0,0,1,0,0,0,0,0,0,- ,- ,,,IMPERIAL,BRAWLEY,-115.5436401,32.98414993
8661994,2018,8/17/2018,1304,7/3/2018,1415,325,,2,5,4,1304,0,0,0,,0,WEST,BRADSHAW,8TH,18,W,N,A,-,N,,,,,,,,,,N,4,0,1,2,A,-,3,22350,,N,C,C,A,A,H,-,A,A,0,,,,,Y,,A,7,0,0,1,0,0,0,0,0,0,- ,- ,,,IMPERIAL,EL CENTRO,-115.5614319,32.81115723
8663449,2018,7/19/2018,1301,5/29/2018,1513,901,BRAWL,2,5,3,1301,0,0,0,,0,1,NORTH IMPERIAL AV,C ST,7,N,N,A,-,N,,,,,,,,,,N,3,0,1,2,A,-,10,21950,A,N,G,B,B,A,H,-,A,A,0,Y,,,,Y,,A,1,0,1,0,0,1,0,0,0,0,- ,- ,,,IMPERIAL,BRAWLEY,-115.5349808,32.98196793
8672764,2018,8/9/2018,1301,7/7/2018,1158,915,BRAWL,6,5,3,1301,0,0,0,,0,0B1,N 1ST ST,B ST,0,N,N,A,-,N,,,,,,,,,,Y,3,0,1,1,A,-,8,22107,,N,A,I,A,A,H,-,A,D,0,,,,,Y,,A,7,0,1,0,0,0,0,0,0,0,- ,- ,,,IMPERIAL,BRAWLEY,-115.5416489,32.98307037
8672768,2018,8/9/2018,1301,7/3/2018,651,916,BRAWL,2,5,3,1301,0,0,0,,0,2,LEGION RD,WILLARD AV,60,E,N,A,-,N,,,,,,,,,,Y,4,0,1,2,A,-,4,21703,,N,C,C,A,A,H,-,A,D,0,,,,,Y,,A,1,0,0,1,0,0,0,0,0,0,- ,- ,,,IMPERIAL,BRAWLEY,-115.5526428,32.95993805
8676336,2018,10/23/2018,1304,6/21/2018,1835,351,EAST,4,5,4,1304,0,0,0,,0,EAST,RT 8,SOUTHWIND,50,S,N,A,-,Y,IMP,11,86,-,-,6.04,H,-,S,N,4,0,1,3,A,-,8,22107,,N,B,C,A,A,H,-,A,A,0,,,,,Y,,A,1,0,0,1,0,0,0,0,0,0,- ,- ,,,IMPERIAL,EL CENTRO,-115.5522461,32.77427673
8683314,2018,10/8/2018,1304,8/1/2018,1524,329,,3,5,4,1304,0,0,0,,0,WEST,LA BRUCHERIE,OCOTILLO,0,,Y,A,-,N,,,,,,,,,,Y,4,0,4,2,A,-,3,22350,,N,-,C,A,A,H,-,A,A,0,,,,,Y,,-,,0,0,4,0,0,0,0,0,0,- ,- ,,,IMPERIAL,EL CENTRO,-115.5783768,32.7773819
8685484,2018,8/29/2018,1304,7/28/2018,634,336,,6,5,4,1304,0,0,0,,0,,8TH ST,EL DORADO,42,N,N,A,-,N,,,,,,,,,,N,3,0,1,2,A,-,8,22107,,N,C,G,A,A,H,-,A,D,0,,Y,,,Y,Y,L,4,0,1,0,0,0,0,1,0,0,- ,- ,,,IMPERIAL,EL CENTRO,-115.561409,32.80935669
8687554,2018,8/29/2018,1304,6/11/2018,2034,355,ELCE,1,5,4,1304,0,0,0,,0,WEST,IMPERIAL,BARBARA WORTH,45,S,N,A,-,N,,,,,,,,,,N,3,0,1,2,A,-,11,21954,A,N,G,B,D,A,H,-,E,D,0,Y,,,,Y,,N,60,0,1,0,0,1,0,0,0,0,- ,- ,,,IMPERIAL,EL CENTRO,-115.5699463,32.79450607
8688784,2018,10/23/2018,1304,7/2/2018,15,333,E1,1,5,4,1304,0,0,0,,0,EAST,4TH ST,AURORA,0,,Y,A,-,Y,IMP,11,86,-,-,6.324,I,6,S,Y,4,0,1,1,A,-,1,23152,A,M,E,I,A,A,H,-,C,A,0,,,,,Y,Y,A,1,0,0,1,0,0,0,0,0,0,- ,- ,,,IMPERIAL,EL CENTRO,-115.5523605,32.7784462
8703806,2018,10/3/2018,1304,9/7/2018,1401,335,EWEST,5,5,4,1304,0,0,0,,0,WEST,IMPERIAL,BROADWAY,0,,Y,A,-,N,,,,,,,,,,Y,4,0,1,3,A,-,3,22350,,N,C,C,A,A,H,-,A,A,0,,,,,Y,,A,1,0,0,1,0,0,0,0,0,0,- ,- ,,,IMPERIAL,EL CENTRO,-115.5699234,32.79380035
8707853,2018,1/7/2019,1304,9/4/2018,658,345,EWES,2,5,4,1304,0,0,0,,0,WEST,ADAMS AV,12TH ST,0,,-,A,-,Y,IMP,11,86,-,L,8.266,I,5,S,Y,4,0,2,2,A,-,9,21802,A,N,D,C,A,A,H,-,A,A,0,,,,,Y,,A,1,0,0,2,0,0,0,0,0,0,- ,- ,32.79639816,-115.5655975,IMPERIAL,EL CENTRO,-115.5656052,32.79655457
8707857,2018,1/7/2019,1304,9/7/2018,1159,329,,5,5,4,1304,0,0,0,,0,,IMPERIAL AV,IMPERIAL AV 700,0,,-,A,-,Y,IMP,11,86,-,-,7.054,H,-,S,N,4,0,1,3,A,-,3,22350,,N,C,C,A,A,H,-,A,D,0,,,,,Y,,-,,0,0,1,0,0,0,0,0,0,- ,- ,,,IMPERIAL,EL CENTRO,-115.5525284,32.78913116
8713817,2018,11/6/2018,1304,9/30/2018,917,E0025,ECSO,7,5,4,1304,0,0,0,,0,WEST P,ORANGE,LOTUS,0,,Y,A,-,N,,,,,,,,,,N,3,0,1,2,A,-,3,22350,,N,G,B,B,A,H,-,A,A,0,Y,,,,Y,,A,1,0,1,0,0,1,0,0,0,0,- ,- ,,,IMPERIAL,EL CENTRO,-115.5847092,32.78876114
8713821,2018,11/6/2018,1304,9/28/2018,2110,326,EWES,5,5,4,1304,0,0,0,,0,WEST,EUCLID,EUCLID 1690  ( ADAMS FIRE HYRANT),22,N,N,A,-,N,,,,,,,,,,N,3,0,1,3,A,-,9,21804,A,N,D,C,A,A,H,-,C,D,0,,,Y,,Y,,A,1,0,1,0,0,0,0,0,0,1,- ,- ,,,IMPERIAL,EL CENTRO,-115.574501,32.79660797
8714240,2018,10/22/2018,1304,7/11/2018,1540,337,ELCE,3,5,4,1304,0,0,0,,0,WEST,8TH,PICO,0,,Y,A,-,N,,,,,,,,,,Y,4,0,1,2,A,-,9,21800,A,N,D,C,A,A,H,-,A,A,0,,,,,Y,,D,22,0,0,1,0,0,0,0,0,0,- ,- ,,,IMPERIAL,EL CENTRO,-115.561409,32.8056488
8714953,2018,11/6/2018,1304,10/15/2018,1944,325,ECSO,1,5,4,1304,0,0,0,,0,WEST,PICO,IMPERIAL,0,,Y,A,-,N,,,,,,,,,,N,3,0,1,2,B,-,22,,,N,B,G,A,A,H,-,A,D,0,,Y,,,Y,,A,1,0,1,0,0,0,0,1,0,0,- ,- ,32.80550003,-115.5701981,IMPERIAL,EL CENTRO,-115.5701904,32.80564117
8744726,2018,12/7/2018,1301,9/24/2018,1116,905,CRAWL,1,5,3,1301,0,0,0,,0,1,WEST PLZ,MAIN ST,0,,Y,A,-,N,,,,,,,,,,N,4,0,1,2,A,-,5,21651,B,N,A,G,A,A,H,-,A,A,0,,Y,,,Y,,A,1,0,0,1,0,0,0,1,0,0,- ,- ,,,IMPERIAL,BRAWLEY,-115.5361633,32.97863007
8748876,2018,1/24/2019,1304,11/7/2018,634,335,ELCE,3,5,4,1304,0,0,0,,0,EAST,6TH ST,COMMERCIAL,0,,Y,A,-,N,,,,,,,,,,N,4,0,1,2,A,-,9,21802,A,N,D,G,A,A,H,-,C,A,0,,Y,,,Y,,L,4,0,0,1,0,0,0,1,0,0,- ,- ,,,IMPERIAL,EL CENTRO,-115.5569534,32.79487991
8748901,2018,2/14/2019,1304,11/4/2018,2208,E0194,ECSO,7,5,4,1304,0,0,0,,0,WEST,JACARANDA DR,CYPRESS,418,E,N,A,-,N,,,,,,,,,,Y,3,0,1,3,A,-,7,21658,A,N,C,E,A,A,H,-,C,D,0,,,,,Y,,A,1,0,1,0,0,0,0,0,0,0,- ,- ,,,IMPERIAL,EL CENTRO,-115.5636902,32.76792908
8749319,2018,12/18/2018,1304,9/18/2018,924,E0075,EWES,2,5,4,1304,0,0,0,,0,WEST,8TH ST,ADAMS AV,0,,Y,A,-,N,,,,,,,,,,N,3,0,1,2,A,-,12,21453,A,N,-,G,A,A,H,-,A,A,0,,Y,,,Y,,L,4,0,1,0,0,0,0,1,0,0,- ,- ,,,IMPERIAL,EL CENTRO,-115.5614777,32.79655075
8760063,2018,1/14/2019,1304,11/9/2018,1854,359,EAST,5,5,4,1304,0,0,0,,0,EAST,4TH ST,HORNE RD,0,,Y,A,-,Y,IMP,11,86,-,-,5.412,I,5,S,Y,4,0,2,2,A,-,9,21802,A,N,D,C,A,A,H,-,D,A,0,,,,,Y,,A,1,0,0,2,0,0,0,0,0,0,- ,- ,32.76523972,-115.5521164,IMPERIAL,EL CENTRO,-115.5520935,32.7651825