CASE_ID,ACCIDENT_YEAR,PROC_DATE,JURIS,COLLISION_DATE,COLLISION_TIME,OFFICER_ID,REPORTING_DISTRICT,DAY_OF_WEEK,CHP_SHIFT,POPULATION,CNTY_CITY_LOC,SPECIAL_COND,BEAT_TYPE,CHP_BEAT_TYPE,CITY_DIVISION_LAPD,CHP_BEAT_CLASS,BEAT_NUMBER,PRIMARY_RD,SECONDARY_RD,DISTANCE,DIRECTION,INTERSECTION,WEATHER_1,WEATHER_2,STATE_HWY_IND,CALTRANS_COUNTY,CALTRANS_DISTRICT,STATE_ROUTE,ROUTE_SUFFIX,POSTMILE_PREFIX,POSTMILE,LOCATION_TYPE,RAMP_INTERSECTION,SIDE_OF_HWY,TOW_AWAY,COLLISION_SEVERITY,NUMBER_KILLED,NUMBER_INJURED,PARTY_COUNT,PRIMARY_COLL_FACTOR,PCF_CODE_OF_VIOL,PCF_VIOL_CATEGORY,PCF_VIOLATION,PCF_VIOL_SUBSECTION,HIT_AND_RUN,TYPE_OF_COLLISION,MVIW,PED_ACTION,ROAD_SURFACE,ROAD_COND_1,ROAD_COND_2,LIGHTING,CONTROL_DEVICE,CHP_ROAD_TYPE,PEDESTRIAN_ACCIDENT,BICYCLE_ACCIDENT,MOTORCYCLE_ACCIDENT,TRUCK_ACCIDENT,NOT_PRIVATE_PROPERTY,ALCOHOL_INVOLVED,STWD_VEHTYPE_AT_FAULT,CHP_VEHTYPE_AT_FAULT,COUNT_SEVERE_INJ,COUNT_VISIBLE_INJ,COUNT_COMPLAINT_PAIN,COUNT_PED_KILLED,COUNT_PED_INJURED,COUNT_BICYCLIST_KILLED,COUNT_BICYCLIST_INJURED,COUNT_MC_KILLED,COUNT_MC_INJURED,PRIMARY_RAMP,SECONDARY_RAMP,LATITUDE,LONGITUDE,COUNTY,CITY,POINT_X,POINT_Y
8773314,2018,1/7/2019,1304,12/6/2018,1728,351,EAST,4,5,4,1304,0,0,0,,0,EAST,S 4TH ST,SMOKETREE DR,58,S,N,C,-,N,,,,,,,,,,N,4,0,1,2,A,-,9,21804,A,N,D,C,A,B,H,-,C,D,0,,,,,Y,,A,1,0,0,1,0,0,0,0,0,0,- ,- ,,,IMPERIAL,EL CENTRO,-115.5523071,32.77519608
8776976,2018,1/24/2019,1304,12/23/2018,1322,337,EEAST,7,5,4,1304,0,0,0,,0,EAST,8TH,EUCLID,0,,Y,A,-,N,,,,,,,,,,Y,2,0,2,2,A,-,9,21802,A,N,D,C,A,A,H,-,A,A,0,,,,,Y,Y,-,,1,0,1,0,0,0,0,0,0,- ,- ,32.79800034,-115.560997,IMPERIAL,EL CENTRO,-115.5614624,32.79838181
8783938,2018,1/29/2019,1304,12/15/2018,1724,337,EEAST,6,5,4,1304,0,0,0,,0,EAST,5TH,ORANGE,0,,Y,A,-,N,,,,,,,,,,N,4,0,1,2,A,-,12,22450,A,N,D,G,A,A,H,-,C,A,0,,Y,,,Y,Y,L,4,0,0,1,0,0,0,1,0,0,- ,- ,32.78874969,-115.554718,IMPERIAL,EL CENTRO,-115.554718,32.78879166
8785337,2018,2/15/2019,1301,12/16/2018,1005,905,BRAWL,7,5,3,1301,0,0,0,,0,2,LEGION RD,RT 86,107,W,N,A,-,Y,IMP,11,86,-,-,19.19,I,6,N,N,4,0,2,2,A,-,4,21703,,N,C,C,A,A,H,-,A,A,0,,,,,Y,,A,1,0,0,2,0,0,0,0,0,0,- ,- ,,,IMPERIAL,BRAWLEY,-115.5505905,32.95994186
8789603,2019,3/8/2019,1304,1/24/2019,1449,354,EAST,4,5,4,1304,0,0,0,,0,,4TH ST,SMOKETREE DR,0,,-,A,-,Y,IMP,11,86,-,-,6.13,H,-,S,Y,3,0,1,3,A,-,3,22350,,N,-,C,A,A,H,-,A,A,0,,,,,Y,,-,,0,1,0,0,0,0,0,0,0,- ,- ,,,IMPERIAL,EL CENTRO,-115.5522842,32.77560806
8801499,2019,3/4/2019,1304,2/6/2019,1238,354,EAST,3,5,4,1304,0,0,0,,0,,IMPERIAL,MAIN,210,N,N,A,-,N,,,,,,,,,,Y,4,0,1,2,A,-,9,21801,A,N,D,C,A,A,H,-,A,A,0,,,,,Y,,A,1,0,0,1,0,0,0,0,0,0,- ,- ,,,IMPERIAL,EL CENTRO,-115.5699081,32.79337311
8803060,2019,2/21/2019,1304,2/4/2019,1437,343,ELCE,1,5,4,1304,0,0,0,,0,WEST,W MAIN,23RD ST,40,W,N,B,-,N,,,,,,,,,,N,3,0,1,2,A,-,11,21954,A,N,G,B,D,A,H,-,A,D,0,Y,,,,Y,,N,60,0,1,0,0,1,0,0,0,0,- ,- ,,,IMPERIAL,EL CENTRO,-115.5825577,32.79282761
8803591,2018,2/28/2019,1301,12/19/2018,1554,912,BRAWL,3,5,3,1301,0,0,0,,0,4,K ST,VINE AV,0,,Y,A,-,N,,,,,,,,,,Y,4,0,1,2,A,-,9,21801,A,N,-,C,A,A,H,-,-,A,0,,,,Y,Y,,F,26,0,0,1,0,0,0,0,0,0,- ,- ,,,IMPERIAL,BRAWLEY,-115.5276794,32.97309875
8808069,2019,5/25/2021,1304,2/28/2019,28,351,EAST,4,5,4,1304,0,0,0,,0,EAST,4TH,DESERT GARDENS,301,S,N,A,-,Y,IMP,11,86,-,-,6.44,H,-,N,N,1,1,0,2,A,-,11,21954,A,N,G,B,D,A,H,-,C,D,0,Y,,,,Y,Y,N,60,0,0,0,1,0,0,0,0,0,- ,- ,,,IMPERIAL,EL CENTRO,-115.5524063,32.78010559
8808673,2018,2/28/2020,1302,4/25/2018,1851,565,1302,3,5,4,1302,0,0,0,,0,2,RT 98,HEBER AV,26,E,N,A,-,Y,IMP,11,98,-,-,32.614,I,5,E,Y,4,0,1,2,A,-,9,21804,A,N,D,C,A,A,H,-,B,A,0,,,,,Y,,A,1,0,0,1,0,0,0,0,0,0,- ,- ,,,IMPERIAL,CALEXICO,-115.4935455,32.67918015
8808878,2019,1/21/2020,1301,8/7/2019,1946,903,BRAWL,3,5,3,1301,0,0,0,,0,1,MAIN ST,WESTERN AV,0,,Y,A,-,Y,IMP,11,86,-,-,20.749,I,5,N,Y,4,0,2,2,A,-,12,21453,A,N,D,C,A,A,H,-,B,A,0,,,,,Y,,A,1,0,0,2,0,0,0,0,0,0,- ,- ,,,IMPERIAL,BRAWLEY,-115.5436554,32.97865677
8809147,2019,5/16/2019,1304,1/24/2019,1435,344,ELCE,4,5,4,1304,0,0,0,,0,WEST,FIELDVIEW AV,12TH ST,0,,N,A,-,N,,,,,,,,,,N,3,0,1,2,A,-,5,21650,1,N,D,G,A,A,H,-,A,D,0,,Y,,,Y,,L,4,0,1,0,0,0,0,1,0,0,- ,- ,32.76131058,-115.5638123,IMPERIAL,EL CENTRO,,
8816420,2018,3/6/2019,1301,12/13/2018,758,912,BRAWL,4,5,3,1301,0,0,0,,0,1,MAIN,3RD,0,,Y,A,-,N,,,,,,,,,,N,4,0,1,2,A,-,9,21804,,N,G,B,B,A,H,-,A,A,0,Y,,,,Y,,-,- ,0,0,1,0,1,0,0,0,0,- ,- ,,,IMPERIAL,BRAWLEY,-115.5372238,32.97863007
8820568,2019,3/18/2019,1304,2/23/2019,426,361,EWEST,6,5,4,1304,0,0,0,,0,WEST,ADAMS,ADAMS  1600,0,,Y,A,-,N,,,,,,,,,,Y,3,0,1,3,A,-,1,23152,A,N,B,E,A,A,A,-,C,D,0,,,,,Y,Y,A,1,0,1,0,0,0,0,0,0,0,- ,- ,32.79644012,-115.5737915,IMPERIAL,EL CENTRO,,
8838129,2019,5/31/2019,1304,3/17/2019,1057,343,ELCE,7,5,4,1304,0,0,0,,0,EAST,4TH,SANDALWOOD,23,S,N,A,-,Y,IMP,11,86,-,-,6.56,H,-,S,Y,4,0,1,3,A,-,3,22350,,N,C,C,A,A,H,-,A,A,0,,,,,Y,,D,22,0,0,1,0,0,0,0,0,0,- ,- ,,,IMPERIAL,EL CENTRO,-115.5524445,32.7819519
8838133,2019,6/11/2019,1304,3/5/2019,1838,362,E1,2,5,4,1304,0,0,0,,0,EAST,4TH,VINE,0,,Y,B,C,Y,IMP,11,86,-,-,6.773,I,5,S,Y,3,0,3,2,A,-,9,21802,A,N,D,C,A,B,H,-,C,A,0,,,,,Y,,A,1,0,3,0,0,0,0,0,0,0,- ,- ,,,IMPERIAL,EL CENTRO,-115.5524979,32.7849617
8838137,2019,5/9/2019,1304,3/15/2019,244,341,EAST,5,5,4,1304,0,0,0,,0,EAST,E MAIN ST,COOLEY,1056,W,N,A,-,N,,,,,,,,,,Y,4,0,1,1,A,-,8,22107,,N,E,I,A,A,H,-,C,D,0,,,,,Y,,A,1,0,0,1,0,0,0,0,0,0,- ,- ,,,IMPERIAL,EL CENTRO,-115.5216904,32.79457092
8842602,2019,5/29/2019,1301,3/20/2019,2159,902,BRAWL,3,5,3,1301,0,0,0,,0,0B4,RT 111,RT 78,0,,Y,A,-,Y,IMP,11,111,-,-,23.787,I,5,S,Y,4,0,1,2,D,-,0,,,N,D,C,A,A,H,-,C,A,0,,,,Y,Y,,-,- ,0,0,1,0,0,0,0,0,0,- ,- ,,,IMPERIAL,BRAWLEY,-115.526474,33.00242233
8842606,2019,5/29/2019,1301,3/14/2019,1248,906,BRAWL,4,5,3,1301,0,0,0,,0,3,SHANK DR,RT 111,0,,Y,A,-,Y,IMP,11,111,-,-,23.538,I,5,S,Y,4,0,1,2,A,-,9,21800,A,N,B,C,A,A,H,-,A,A,0,,,,,Y,,D,22,0,0,1,0,0,0,0,0,0,- ,- ,,,IMPERIAL,BRAWLEY,-115.5264206,32.9988327
8853895,2019,5/8/2019,1304,4/21/2019,24,329,,7,5,4,1304,0,0,0,,0,PATROL,IMPERIAL,ROSS,0,,Y,A,-,N,,,,,,,,,,Y,3,0,3,2,A,-,12,21453,A,N,D,C,A,A,H,-,C,A,0,,,,,Y,,A,1,0,3,0,0,0,0,0,0,0,- ,- ,,,IMPERIAL,EL CENTRO,-115.5696869,32.78147888
8867807,2019,5/29/2019,1304,5/8/2019,737,359,,3,5,4,1304,0,0,0,,0,EAST,8TH ST,WAKE AV,0,,Y,A,-,N,,,,,,,,,,Y,3,0,4,4,A,-,3,22350,,N,C,C,A,A,H,-,A,A,0,,,,,Y,,A,1,0,4,0,0,0,0,0,0,0,- ,- ,,,IMPERIAL,EL CENTRO,-115.561058,32.77064133
8873440,2019,6/6/2019,1304,5/1/2019,1747,326,EEAS,3,5,4,1304,0,0,0,,0,901,2ND,BRIGHTON,135,S,N,A,-,N,,,,,,,,,,N,2,0,1,2,A,-,6,21760,C,N,B,G,A,A,H,-,A,D,0,,Y,,,Y,,A,1,1,0,0,0,0,0,1,0,0,- ,- ,,,IMPERIAL,EL CENTRO,-115.5464706,32.78940201
8874638,2019,6/20/2019,1304,5/17/2019,1353,326,EWES,5,5,4,1304,0,0,0,,0,901,ROSS,MONTENEGO AV,0,,Y,A,-,N,,,,,,,,,,Y,3,0,2,2,A,-,9,21804,A,N,-,C,A,A,H,-,A,D,0,,,,,Y,,A,1,0,1,1,0,0,0,0,0,0,- ,- ,,,IMPERIAL,EL CENTRO,,
8875817,2019,7/8/2019,1304,6/1/2019,817,E0194,ELCE,6,5,4,1304,0,0,0,,0,EAST,ROSS,1ST ST,53,,N,A,-,N,,,,,,,,,,Y,4,0,2,2,A,-,6,21750,,N,D,C,A,A,H,-,A,D,0,,,,,Y,,A,7,0,0,2,0,0,0,0,0,0,- ,- ,,,IMPERIAL,EL CENTRO,-115.5438766,32.78150177
8879244,2019,6/21/2019,1301,4/6/2019,1306,913,BRAWL,6,5,3,1301,0,0,0,,0,2,K,S 3RD,0,,Y,A,-,N,,,,,,,,,,Y,4,0,1,2,A,-,9,21800,A,N,D,C,A,A,H,-,A,A,0,,,,,Y,,A,1,0,0,1,0,0,0,0,0,0,- ,- ,,,IMPERIAL,BRAWLEY,-115.5372086,32.9731102
8884921,2019,7/2/2019,1304,6/1/2019,2148,335,EWEST,6,5,4,1304,0,0,0,,0,WEST,LA BRUCHERIE,MAIN,0,,Y,A,-,N,,,,,,,,,,Y,4,0,2,2,A,-,1,23152,A,N,C,C,A,A,H,-,C,A,0,,,,,Y,Y,A,1,0,0,2,0,0,0,0,0,0,- ,- ,,,IMPERIAL,EL CENTRO,-115.5786285,32.79286194
8905418,2019,5/20/2020,1302,7/10/2019,1146,I0024,ECSC,3,5,4,1302,0,0,0,,0,4,BOWKER RD,RT 98,0,,Y,A,-,Y,IMP,11,98,-,-,34.46,I,6,W,N,4,0,3,2,A,-,4,21703,,N,C,C,A,A,H,-,A,A,0,,,,,Y,,A,1,0,0,3,0,0,0,0,0,0,- ,- ,,,IMPERIAL,CALEXICO,-115.4653702,32.68640518
8905422,2019,5/28/2020,1302,5/4/2019,1501,562,1302,6,5,4,1302,0,0,0,,0,2,IMPERIAL AV,10TH ST,8,N,N,A,-,Y,IMP,11,111,-,-,1.076,I,5,N,N,4,0,1,2,A,-,11,21950,B,N,D,G,A,A,H,-,A,A,0,,Y,,,Y,,L,4,0,0,1,0,0,0,1,0,0,- ,- ,,,IMPERIAL,CALEXICO,-115.4986801,32.67752457
8910434,2019,12/17/2019,1307,8/1/2019,1921,858,WESTM,4,5,1,1307,0,0,0,,0,,RT 86,F ST,180,E,N,A,-,Y,IMP,11,86,-,-,27.57,H,-,S,N,4,0,5,2,A,-,9,21804,A,N,D,C,A,A,H,-,A,A,0,,,,,Y,,A,7,0,0,5,0,0,0,0,0,0,- ,- ,,,IMPERIAL,WESTMORLAND,-115.6226425,33.03736496
8911547,2019,6/2/2021,1302,12/10/2019,528,CX186,1302,2,5,4,1302,0,0,0,,0,CX4,RT 111,JASPER RD,0,S,N,A,-,Y,IMP,11,111,-,R,3.2,H,-,S,N,1,1,0,2,A,-,5,21650,,N,C,G,A,A,H,-,D,A,0,,Y,,,Y,,L,4,0,0,0,0,0,1,0,0,0,- ,- ,,,IMPERIAL,CALEXICO,-115.4994202,32.70845413
8921139,2018,9/10/2019,1302,10/6/2018,1103,CX088,1302,6,5,4,1302,0,0,0,,0,2,GRANT ST,EMERSON AV,0,,Y,A,-,N,,,,,,,,,,N,4,0,1,2,A,-,6,21750,,N,B,C,A,A,H,-,A,D,0,,,,Y,Y,,A,1,0,0,1,0,0,0,0,0,0,- ,- ,,,IMPERIAL,CALEXICO,-115.4999237,32.6740303
8921296,2018,9/10/2019,1302,11/9/2018,832,562,1302,5,5,4,1302,0,0,0,,0,4,ANDRADE AV,ZAPPONE ST,37,N,N,A,-,N,,,,,,,,,,Y,4,0,1,2,A,-,3,22350,,N,C,C,A,A,H,-,A,A,0,,,,,Y,,A,1,0,0,1,0,0,0,0,0,0,- ,- ,,,IMPERIAL,CALEXICO,-115.4825363,32.68861389
8921332,2018,9/6/2019,1302,3/7/2018,1829,I0005,1302,3,5,4,1302,0,0,0,,0,,2ND ST,MARY AV,100,E,N,A,-,N,,,,,,,,,,N,3,0,1,2,A,-,11,21954,A,N,D,B,D,A,H,-,C,D,0,Y,,,,Y,,N,60,0,1,0,0,1,0,0,0,0,- ,- ,,,IMPERIAL,CALEXICO,-115.4917603,32.66669083
8924020,2018,9/13/2019,1302,10/2/2018,1118,I0005,1302,2,5,4,1302,0,0,0,,0,4,RT 111,COLE RD,472,S,N,A,-,Y,IMP,11,111,-,R,2.12,H,-,N,N,4,0,1,2,A,-,3,22350,,N,C,C,A,A,H,-,A,A,0,,,,,Y,,A,1,0,0,1,0,0,0,0,0,0,- ,- ,,,IMPERIAL,CALEXICO,-115.4992599,32.69270325
8924031,2018,9/30/2019,1302,1/3/2018,1200,CX084,1302,3,5,4,1302,0,0,0,,0,2,IMPERIAL AV,E 4TH ST,3,S,N,A,-,Y,IMP,11,111,-,-,0.479,I,5,N,N,4,0,1,2,A,-,10,21950,A,N,G,G,A,A,H,-,A,A,0,,Y,,,Y,,-,,0,0,1,0,0,0,1,0,0,- ,- ,,,IMPERIAL,CALEXICO,-115.4986801,32.66879654
8924039,2018,9/13/2019,1302,1/9/2018,1701,I0005,1302,2,5,4,1302,0,0,0,,0,2,RT 111,RT 98,50,S,N,B,-,Y,IMP,11,111,-,-,1.16,H,-,S,N,4,0,1,2,A,-,7,21658,A,N,C,C,A,A,H,-,B,D,0,,,Y,,Y,,A,1,0,0,1,0,0,0,0,0,1,- ,- ,,,IMPERIAL,CALEXICO,-115.4987106,32.67871094
8924044,2018,9/13/2019,1302,11/20/2018,1502,557,1302,2,5,4,1302,0,0,0,,0,4,RT 111,CENTRAL MAIN CANAL,978,N,N,A,-,Y,IMP,11,111,-,R,2.91,H,-,S,Y,3,0,1,2,A,-,3,22350,A,N,F,C,A,A,H,-,A,D,0,,,,,Y,,A,1,0,1,0,0,0,0,0,0,0,- ,- ,,,IMPERIAL,CALEXICO,-115.499382,32.70426178
8924056,2018,1/25/2020,1302,12/11/2018,1553,557,1302,2,5,4,1302,0,0,0,,0,4,RT 98,BOWKER RD,0,,Y,A,-,Y,IMP,11,98,-,-,34.46,I,5,E,Y,4,0,2,2,A,-,9,21800,,N,D,C,A,A,H,-,B,A,0,,,,,Y,,A,1,0,0,2,0,0,0,0,0,0,- ,- ,,,IMPERIAL,CALEXICO,-115.4653625,32.686409
8924060,2018,9/13/2019,1302,12/20/2018,356,CX084,1302,4,5,4,1302,0,0,0,,0,2,IMPERIAL AV,E 6TH ST,0,,Y,A,-,Y,IMP,11,111,-,-,0.621,I,5,N,Y,2,0,1,2,A,-,9,21801,A,N,D,C,A,A,H,-,C,D,0,,,,,Y,,-,,1,0,0,0,0,0,0,0,0,- ,- ,,,IMPERIAL,CALEXICO,-115.4986801,32.67088318
8924271,2019,5/27/2020,1302,3/6/2019,802,CX118,1302,3,5,4,1302,0,0,0,,0,4,E COLE RD,RT 111,46,E,N,A,-,Y,IMP,11,111,-,R,2.211,I,6,N,N,4,0,1,2,A,-,8,22100,A,N,D,C,A,A,H,-,A,A,0,,,,,Y,,A,1,0,0,1,0,0,0,0,0,0,- ,- ,,,IMPERIAL,CALEXICO,-115.4992752,32.69402313
8924277,2019,6/16/2020,1302,2/1/2019,1939,562,1302,5,5,4,1302,0,0,0,,0,2,RT 98,PAULIN AV,0,,Y,B,-,Y,IMP,11,98,-,-,32.386,I,5,E,Y,3,0,1,2,A,-,9,21802,A,N,D,C,A,A,H,-,C,A,0,,,Y,,Y,,A,1,0,1,0,0,0,0,0,0,0,- ,- ,,,IMPERIAL,CALEXICO,-115.4975357,32.67912292
8924307,2019,6/16/2020,1302,4/26/2019,741,565,1302,5,5,4,1302,0,0,0,,0,4,RT 98,RT 111,35,W,N,A,-,Y,IMP,11,98,-,-,32.32,H,-,W,Y,4,0,1,2,A,-,4,21703,,N,C,C,A,A,H,-,A,A,0,,,,,Y,,A,1,0,0,1,0,0,0,0,0,0,- ,- ,,,IMPERIAL,CALEXICO,-115.4986191,32.67908859
8924315,2019,9/18/2020,1302,5/2/2019,855,562,1302,4,5,4,1302,0,0,0,,0,4,RT 98,C N PERRY AV,37,E,N,A,-,Y,IMP,11,98,-,-,32.674,I,5,W,N,3,0,1,2,A,-,10,21950,A,N,G,B,B,A,H,-,A,A,0,Y,,,,Y,,A,7,0,1,0,0,1,0,0,0,0,- ,- ,,,IMPERIAL,CALEXICO,-115.4925308,32.67919922
8925225,2018,8/28/2019,1302,6/15/2018,1020,561,1302,5,5,4,1302,0,0,0,,0,CX4,ANDRADE AV,LIGHT POLE #11123739C,24,N,N,A,-,N,,,,,,,,,,N,4,0,1,2,A,-,3,22350,,N,C,C,A,A,H,-,A,A,0,,,,,Y,,A,1,0,0,1,0,0,0,0,0,0,- ,- ,,,IMPERIAL,CALEXICO,,
8925291,2018,8/29/2019,1302,7/20/2018,1209,CX088,1302,5,5,4,1302,0,0,0,,0,2,E 5TH ST,HEBER AV,35,W,N,A,-,N,,,,,,,,,,N,4,0,1,2,A,-,21,22106,,N,B,C,A,A,H,-,A,D,0,,,,,Y,,A,8,0,0,1,0,0,0,0,0,0,- ,- ,,,IMPERIAL,CALEXICO,-115.4936218,32.66983032
8925295,2018,8/29/2019,1302,7/21/2018,223,561,1302,6,5,4,1302,0,0,0,,0,CX4,EAST COLE RD,ROCKWOOD AV,29,W,N,A,-,N,,,,,,,,,,Y,4,0,1,2,A,-,3,22350,,N,C,C,A,A,-,-,C,A,0,,,,,Y,,A,1,0,0,1,0,0,0,0,0,0,- ,- ,,,IMPERIAL,CALEXICO,-115.496376,32.6939621
8925919,2018,8/29/2019,1302,8/10/2018,848,CX088,1302,5,5,4,1302,0,0,0,,0,4,E COLE BL,ROCKWOOD AV,134,W,N,A,-,N,,,,,,,,,,N,4,0,1,2,A,-,3,22350,,N,C,C,A,A,H,-,A,A,0,,,,,Y,,A,1,0,0,1,0,0,0,0,0,0,- ,- ,,,IMPERIAL,CALEXICO,-115.4967117,32.69396591
8925922,2018,8/29/2019,1302,8/7/2018,1831,557,1302,2,5,4,1302,0,0,0,,0,2,BELCHER ST,DOOL AV,234,W,N,A,-,N,,,,,,,,,,N,3,0,2,3,A,-,10,21950,A,N,A,B,D,A,H,-,A,A,0,Y,,,,Y,Y,-,- ,0,2,0,0,2,0,0,0,0,- ,- ,,,IMPERIAL,CALEXICO,-115.4869156,32.67586136
8927119,2019,11/8/2019,1302,5/3/2019,1424,557,1302,5,5,4,1302,0,0,0,,0,4,RT 111,COLE RD,800,N,N,A,-,Y,IMP,11,111,-,R,2.211,H,-,S,Y,2,0,1,2,A,-,7,21658,,N,A,C,A,A,H,-,A,D,0,,,,,Y,,D,22,1,0,0,0,0,0,0,0,0,- ,- ,,,IMPERIAL,CALEXICO,-115.4992752,32.69402313
8927124,2019,6/16/2020,1302,3/4/2019,1113,CX187,1302,1,5,4,1302,0,0,0,,0,2,RT 98,ANDRADE AV,0,,Y,A,-,Y,IMP,11,98,-,-,33.253,I,5,E,Y,2,0,2,2,A,-,8,22107,,N,A,C,A,A,H,-,A,A,0,,,,Y,Y,,A,1,1,0,1,0,0,0,0,0,0,- ,- ,,,IMPERIAL,CALEXICO,-115.4825439,32.67933655
8928124,2019,9/5/2019,1302,6/29/2019,1704,CX088,1302,6,5,4,1302,0,0,0,,0,4,ROCKWOOD AV,COLE BL,0,,Y,B,-,N,,,,,,,,,,N,4,0,1,2,A,-,9,21804,A,N,C,C,A,A,H,-,A,B,0,,,,,Y,,A,1,0,0,1,0,0,0,0,0,0,- ,- ,,,IMPERIAL,CALEXICO,-115.4962769,32.69395828
8929053,2019,9/10/2019,1302,3/27/2019,801,567,1302,3,5,4,1302,0,0,0,,0,2,E 5TH ST,ANDRADE AV,311,E,N,A,-,N,,,,,,,,,,N,3,0,1,2,A,-,5,21202,A,N,B,G,A,A,H,-,A,D,0,,Y,,,Y,,L,4,0,1,0,0,0,0,1,0,0,- ,- ,,,IMPERIAL,CALEXICO,-115.4815521,32.66984558
8929061,2019,9/10/2019,1302,4/2/2019,1324,CX527,1302,2,5,4,1302,0,0,0,,0,2,HEBER AV,E 5TH ST,94,N,N,A,-,N,,,,,,,,,,Y,4,0,1,2,A,-,21,22106,,N,D,C,A,A,H,-,A,A,0,,,,,Y,,A,1,0,0,1,0,0,0,0,0,0,- ,- ,,,IMPERIAL,CALEXICO,-115.4935074,32.67008591
8930695,2018,9/4/2019,1302,3/14/2018,807,564,1302,3,5,4,1302,0,0,0,,0,2,7TH ST,DOOL AV,0,,Y,A,-,N,,,,,,,,,,N,4,0,1,2,A,-,10,21954,,N,G,B,B,A,H,-,A,A,0,Y,,,,Y,,A,1,0,0,1,0,1,0,0,0,0,- ,- ,,,IMPERIAL,CALEXICO,-115.4861603,32.67190933
8934765,2018,9/9/2019,1302,12/23/2018,1453,561,1302,7,5,4,1302,0,0,0,,0,CX2,ROCKWOOD AV,10TH ST,0,,Y,A,-,N,,,,,,,,,,Y,3,0,1,2,A,-,8,22107,,N,D,C,A,A,H,-,A,D,0,,,,,Y,,A,1,0,1,0,0,0,0,0,0,0,- ,- ,,,IMPERIAL,CALEXICO,-115.4962921,32.67755127
8934876,2018,9/10/2019,1302,6/29/2018,1240,565,1302,5,5,4,1302,0,0,0,,0,2,RT 111,7TH ST,0,N,N,A,-,Y,,,,,,,,,,N,4,0,1,3,A,-,3,22350,,N,C,C,A,A,H,-,A,A,0,,,,,Y,,A,1,0,0,1,0,0,0,0,0,0,- ,- ,,,IMPERIAL,CALEXICO,-115.4986572,32.67190933
8956980,2019,11/20/2019,1304,8/14/2019,1954,357,EEAS,3,5,4,1304,0,0,0,,0,EAST,MAIN ST,3RD ST,28,,N,A,-,N,,,,,,,,,,N,3,0,1,2,A,-,9,21801,A,N,D,D,A,A,H,-,C,D,0,,,,Y,Y,,F,26,0,1,0,0,0,0,0,0,0,- ,- ,,,IMPERIAL,EL CENTRO,-115.5487976,32.79283905
8968605,2019,11/15/2019,1304,10/25/2019,826,341,EEAST,5,5,4,1304,0,0,0,,0,EAST,MAIN,DOGWOOD,72,W,N,A,-,N,,,,,,,,,,N,4,0,1,2,A,-,9,21801,A,N,D,C,A,A,H,-,A,D,0,,,,,Y,,-,,0,0,1,0,0,0,0,0,0,- ,- ,,,IMPERIAL,EL CENTRO,-115.535881,32.79281998
8968613,2019,11/15/2019,1304,10/19/2019,954,328,ELCE,6,5,4,1304,0,0,0,,0,WEST,MAIN,12TH,0,,Y,A,-,N,,,,,,,,,,N,4,0,1,2,A,-,12,22450,A,F,G,B,B,A,H,-,B,A,0,Y,,,,Y,,-,,0,0,1,0,1,0,0,0,0,- ,- ,32.7915802,-115.5655212,IMPERIAL,EL CENTRO,-115.5655365,32.79283142
8969689,2019,11/15/2019,1306,9/23/2019,1420,345,,1,5,2,1306,0,0,0,,0,EAST,E ROSS,E ROSS 100,0,,Y,A,-,N,,,,,,,,,,Y,4,0,1,2,A,-,3,22350,,N,C,C,A,A,H,-,A,D,0,,,,,Y,,A,1,0,0,1,0,0,0,0,0,0,- ,- ,32.78150177,-115.5429764,IMPERIAL,IMPERIAL,,
8969697,2019,11/15/2019,1304,9/26/2019,1555,352,EWES,4,5,4,1304,0,0,0,,0,WEST,12TH,VINE,73,N,N,A,-,N,,,,,,,,,,N,3,0,1,2,A,-,8,22107,,N,C,E,A,A,H,-,A,D,0,,,,,Y,,A,1,0,1,0,0,0,0,0,0,0,- ,- ,,,IMPERIAL,EL CENTRO,-115.5654221,32.78512955
8974592,2019,1/21/2020,1304,10/14/2019,1330,19E-3140,,1,5,4,1304,0,0,0,,0,EAST,4TH ST,W COMMERICAL AV,0,,-,A,-,Y,IMP,11,86,-,L,7.43,H,-,S,N,3,0,1,2,A,-,3,22350,,N,C,C,A,A,H,-,A,D,0,,,Y,,Y,,C,2,0,1,0,0,0,0,0,0,1,- ,- ,32.79455185,-115.5526199,IMPERIAL,EL CENTRO,-115.5525513,32.7946701
8975304,2019,5/20/2020,1304,9/12/2019,1526,326,EWES,4,5,4,1304,0,0,0,,0,,4TH,LENREY,0,,Y,A,-,Y,IMP,11,86,-,-,6.626,I,5,S,Y,2,0,1,2,A,-,9,21801,A,N,-,C,A,A,H,-,A,D,0,,,Y,,Y,Y,A,1,1,0,0,0,0,0,0,0,1,- ,- ,,,IMPERIAL,EL CENTRO,-115.5524597,32.78289795
8981711,2019,12/27/2019,1304,10/9/2019,1042,341,EWEST,3,5,4,1304,0,0,0,,0,WEST,BRADSHAW,BRADSHAW 1500,0,,N,A,-,N,,,,,,,,,,N,4,0,1,2,A,-,9,21800,A,N,D,C,A,A,H,-,A,D,0,,,,,Y,,-,,0,0,1,0,0,0,0,0,0,- ,- ,32.8111496,-115.5718994,IMPERIAL,EL CENTRO,,
8983239,2019,6/16/2020,1302,3/4/2019,1247,567,,1,5,4,1302,0,0,0,,0,,RT 98,BOWKER RD,0,,Y,A,-,Y,IMP,11,98,-,-,34.46,I,5,W,Y,4,0,3,2,A,-,9,21802,A,N,D,C,A,A,H,-,A,A,0,,,,Y,Y,,A,1,0,0,3,0,0,0,0,0,0,- ,- ,,,IMPERIAL,CALEXICO,-115.4653702,32.68640518
8983977,2019,12/4/2019,1302,3/22/2019,449,CX186,1302,5,5,4,1302,0,0,0,,0,4,COYOTE AV,SANTA ANA ST,1,N,N,A,-,N,,,,,,,,,,Y,4,0,1,1,A,-,3,22350,,N,A,I,A,A,H,-,D,D,0,,,Y,,Y,,C,2,0,0,1,0,0,0,0,0,1,- ,- ,,,IMPERIAL,CALEXICO,-115.4842224,32.68920135