CASE_ID,ACCIDENT_YEAR,PROC_DATE,JURIS,COLLISION_DATE,COLLISION_TIME,OFFICER_ID,REPORTING_DISTRICT,DAY_OF_WEEK,CHP_SHIFT,POPULATION,CNTY_CITY_LOC,SPECIAL_COND,BEAT_TYPE,CHP_BEAT_TYPE,CITY_DIVISION_LAPD,CHP_BEAT_CLASS,BEAT_NUMBER,PRIMARY_RD,SECONDARY_RD,DISTANCE,DIRECTION,INTERSECTION,WEATHER_1,WEATHER_2,STATE_HWY_IND,CALTRANS_COUNTY,CALTRANS_DISTRICT,STATE_ROUTE,ROUTE_SUFFIX,POSTMILE_PREFIX,POSTMILE,LOCATION_TYPE,RAMP_INTERSECTION,SIDE_OF_HWY,TOW_AWAY,COLLISION_SEVERITY,NUMBER_KILLED,NUMBER_INJURED,PARTY_COUNT,PRIMARY_COLL_FACTOR,PCF_CODE_OF_VIOL,PCF_VIOL_CATEGORY,PCF_VIOLATION,PCF_VIOL_SUBSECTION,HIT_AND_RUN,TYPE_OF_COLLISION,MVIW,PED_ACTION,ROAD_SURFACE,ROAD_COND_1,ROAD_COND_2,LIGHTING,CONTROL_DEVICE,CHP_ROAD_TYPE,PEDESTRIAN_ACCIDENT,BICYCLE_ACCIDENT,MOTORCYCLE_ACCIDENT,TRUCK_ACCIDENT,NOT_PRIVATE_PROPERTY,ALCOHOL_INVOLVED,STWD_VEHTYPE_AT_FAULT,CHP_VEHTYPE_AT_FAULT,COUNT_SEVERE_INJ,COUNT_VISIBLE_INJ,COUNT_COMPLAINT_PAIN,COUNT_PED_KILLED,COUNT_PED_INJURED,COUNT_BICYCLIST_KILLED,COUNT_BICYCLIST_INJURED,COUNT_MC_KILLED,COUNT_MC_INJURED,PRIMARY_RAMP,SECONDARY_RAMP,LATITUDE,LONGITUDE,COUNTY,CITY,POINT_X,POINT_Y
8988214,2019,12/5/2019,1304,9/1/2019,355,346,EAST,7,5,4,1304,0,0,0,,0,EAST,WOODWARD,WOODWARD 700,0,,Y,A,-,N,,,,,,,,,,N,2,0,1,4,A,-,- ,,,N,C,E,A,A,H,-,D,A,0,,,,,Y,,-,,1,0,0,0,0,0,0,0,0,- ,- ,32.79922867,-115.5607681,IMPERIAL,EL CENTRO,,
8991894,2019,9/14/2020,1307,11/1/2019,301,856,WESTM,5,5,1,1307,0,0,0,,0,,RT 86,MARTIN RD,276,E,N,A,-,Y,IMP,11,86,-,-,27.96,H,-,N,Y,4,0,1,2,A,-,3,22350,,N,C,C,A,A,H,-,C,D,0,,,,Y,Y,,A,1,0,0,1,0,0,0,0,0,0,- ,- ,,,IMPERIAL,WESTMORLAND,-115.6293488,33.03736496
8991963,2019,1/29/2020,1304,11/2/2019,2009,369,E1,6,5,4,1304,0,0,0,,0,WEST,EUCLID,N IMPERIAL,0,,Y,A,-,N,,,,,,,,,,N,3,0,1,2,D,-,0,,,N,B,G,A,A,H,-,C,A,0,,Y,,,Y,,-,- ,0,1,0,0,0,0,1,0,0,- ,- ,,,IMPERIAL,EL CENTRO,,
8996769,2019,7/13/2020,1304,11/22/2019,204,332,,5,5,4,1304,0,0,0,,0,,IMPERIAL AV,ADAMS,0,,Y,A,-,Y,IMP,11,86,-,L,8.525,I,5,N,Y,4,0,1,2,A,-,12,21453,A,N,D,C,A,A,H,-,C,A,0,,,,,Y,Y,-,,0,0,1,0,0,0,0,0,0,- ,- ,,,IMPERIAL,EL CENTRO,-115.5699844,32.79655075
9003635,2019,7/9/2020,1304,11/20/2019,1714,361,ELCE,3,5,4,1304,0,0,0,,0,EAST,S 4TH,S 4TH 2700,0,,Y,A,-,Y,IMP,11,86,-,-,5.7,H,-,N,N,4,0,1,3,A,-,3,22350,,N,C,C,A,A,H,-,C,A,0,,,,,Y,,A,7,0,0,1,0,0,0,0,0,0,- ,- ,32.76900101,-115.5521393,IMPERIAL,EL CENTRO,-115.5522003,32.76931763
9009246,2019,1/6/2020,1304,11/27/2019,1325,352,EAST,3,5,4,1304,0,0,0,,0,EAST,8TH,MANUEL ORTIZ,0,,Y,B,-,N,,,,,,,,,,Y,4,0,1,2,A,-,8,22107,,N,D,C,A,A,H,-,A,D,0,,,,,Y,,A,8,0,0,1,0,0,0,0,0,0,- ,- ,,,IMPERIAL,EL CENTRO,,
90093299,2016,1/12/2016,9625,1/5/2016,1720,18464,,2,2,9,1300,0,3,5,,2,40,CLARK ROAD,TRESHILL ROAD,230,N,N,C,-,N,,,,,,,,,,Y,4,0,1,2,A,-,3,22350,,N,C,C,A,B,H,-,C,D,0,,,,,Y,,A,1,0,0,1,0,0,0,0,0,0,- ,- ,32.81896,-115.5615,IMPERIAL,UNINCORPORATED,-115.5615,32.81896
90095398,2016,1/14/2016,9625,1/2/2016,1115,17055,,6,1,9,1300,0,3,5,,2,10,FORRESTER ROAD,BANNISTER ROAD,272,N,N,A,-,N,,,,,,,,,,Y,4,0,1,2,A,-,8,22107,,N,D,C,A,A,H,-,A,D,0,,,,,Y,,A,7,0,0,1,0,0,0,0,0,0,- ,- ,33.05259,-115.62155,IMPERIAL,UNINCORPORATED,-115.621591,33.05264347
90097537,2016,1/19/2016,9620,1/11/2016,1145,18247,,1,1,9,1300,0,1,1,,2,82,I-8 E/B,BROCK REASERCH CENTER,5808,E,N,A,-,Y,,,8,,,,,,E,Y,4,0,1,1,C,-,18,,,N,F,A,A,A,H,-,A,D,0,,,,,Y,,-,- ,0,0,1,0,0,0,0,0,0,- ,- ,32.70798,-115.01305,IMPERIAL,UNINCORPORATED,-115.0130497,32.70777536
90098247,2016,1/19/2016,9625,1/12/2016,1915,18617,,2,2,9,1300,0,3,5,,2,50,FAWCETT ROAD,PITZER ROAD,1716,E,N,A,-,N,,,,,,,,,,Y,3,0,2,1,A,-,8,22107,,N,F,A,A,A,H,-,D,D,0,,,,,Y,,A,1,0,2,0,0,0,0,0,0,0,- ,- ,32.72334,-115.51136,IMPERIAL,UNINCORPORATED,-115.5116621,32.72334796
90108057,2016,2/3/2016,9625,1/30/2016,1221,18207,,6,1,9,1300,0,1,3,,2,53,SR-111 (S/B),MCCABE ROAD,526,N,N,A,-,Y,,,111,,,,,,,Y,4,0,1,3,A,-,3,22350,,N,C,C,A,A,H,-,A,A,0,,,,,Y,,D,22,0,0,1,0,0,0,0,0,0,- ,- ,32.75339,-115.50095,IMPERIAL,UNINCORPORATED,-115.5007732,32.75339271
90108415,2016,2/3/2016,9625,1/22/2016,1300,17055,,5,1,9,1300,0,1,3,,1,54,SR-111 (S/B),KEYSTONE ROAD,0,,Y,A,-,Y,,,111,,,,,,,Y,2,0,1,2,A,-,12,21453,A,N,D,C,A,A,H,-,A,A,0,,,,Y,Y,,G,25,1,0,0,0,0,0,0,0,0,- ,- ,32.91264,-115.5093,IMPERIAL,UNINCORPORATED,-115.5091392,32.91263719
90109377,2016,2/4/2016,9620,1/31/2016,1753,18290,,7,2,9,1300,0,1,1,,2,81,I-8 W/B,GORDON'S WELL ROAD,1584,W,N,B,G,Y,,,8,,,,,,W,Y,4,0,2,1,A,-,8,22107,,N,F,A,A,B,H,-,D,D,0,,,,,Y,,A,7,0,0,2,0,0,0,0,0,0,- ,- ,32.70874,-114.96187,IMPERIAL,UNINCORPORATED,-114.9618691,32.70868649
90109643,2016,2/4/2016,9625,2/3/2016,1537,19582,,3,2,9,1300,0,3,5,,2,40,MCCABE ROAD,CLARK ROAD,0,,Y,A,-,N,,,,,,,,,,Y,4,0,2,2,A,-,9,21800,C,N,D,C,A,A,H,-,A,A,0,,,,,Y,,-,- ,0,0,2,0,0,0,0,0,0,- ,- ,32.75257,-115.56047,IMPERIAL,UNINCORPORATED,-115.56049,32.75244001
90111349,2016,2/8/2016,9625,1/28/2016,2250,19225,,4,3,4,1304,0,1,1,,2,3,INTERSTATE 8 (EASTBOUND),DOGWOOD ROAD,1584,W,N,A,-,Y,,,8,,,,,,,Y,3,0,2,1,A,-,8,22107,,N,F,A,A,A,H,-,D,D,0,,,,,Y,,A,1,0,2,0,0,0,0,0,0,0,- ,- ,32.77365,-115.53951,IMPERIAL,EL CENTRO,-115.53951,32.77368023
90111475,2016,2/8/2016,9625,1/31/2016,2035,20516,,7,2,9,1300,0,1,1,,2,4,W/B INTERSTATE 8,IMPERIAL HIGHWAY,3262,E,N,B,-,Y,,,8,,,,,,,Y,2,0,2,1,A,-,1,23152,A,N,F,I,A,B,H,-,D,D,0,,,,,Y,Y,D,22,1,0,1,0,0,0,0,0,0,- ,- ,32.73638,-115.98436,IMPERIAL,UNINCORPORATED,-115.9843498,32.73633532
90114397,2016,2/12/2016,9625,2/6/2016,205,20704,,6,3,9,1300,0,1,3,,1,54,SR-111 (N/B),SCHARTZ ROAD,4752,N,N,A,-,Y,,,111,,,,,,,Y,4,0,1,1,A,-,8,22107,,N,E,I,A,A,H,-,D,D,0,,,,,Y,,A,1,0,0,1,0,0,0,0,0,0,- ,- ,32.95639,-115.50893,IMPERIAL,UNINCORPORATED,-115.5090316,32.9564
90116108,2016,2/16/2016,9625,2/7/2016,1555,19667,,7,2,9,1300,0,3,5,,2,40,AUSTIN ROAD,KEYSTONE ROAD,0,,Y,A,-,N,,,,,,,,,,Y,3,0,2,2,A,-,9,21802,A,N,D,C,A,A,H,-,A,A,0,,,,,Y,,A,1,0,1,1,0,0,0,0,0,0,- ,- ,32.91268,-115.59515,IMPERIAL,UNINCORPORATED,-115.5949101,32.91255008
90116366,2016,2/16/2016,9625,2/7/2016,1958,18773,,7,2,9,1300,0,1,3,,1,54,SR-111 S/B,EVAN HEWES HIGHWAY,1690,S,N,A,-,Y,,,111,,,,,,S,Y,3,0,3,2,A,-,1,23152,A,N,C,C,A,A,H,-,D,D,0,,,,,Y,Y,A,1,0,1,2,0,0,0,0,0,0,- ,- ,32.79446,-115.50074,IMPERIAL,UNINCORPORATED,-115.5006511,32.79445905
90116731,2016,2/17/2016,9620,2/15/2016,1335,18290,,1,1,9,1300,0,1,1,,2,82,I-8 E/B,SR-186,4778400,E,N,A,-,Y,,,8,,,,,,E,Y,3,0,1,2,A,-,7,21658,A,F,E,I,A,A,H,-,A,D,0,,,,,Y,,-,99,0,1,0,0,0,0,0,0,0,- ,- ,32.74286,-114.71631,IMPERIAL,UNINCORPORATED,-114.7163068,32.74290049
90119143,2016,2/18/2016,9625,2/11/2016,1708,19667,,4,2,9,1300,0,1,3,,1,42,SR-98,ANZA TRAIL ROAD,21490,E,N,A,-,Y,,,98,,,,,,,Y,3,0,1,1,A,-,8,22107,,N,F,I,A,A,H,-,B,D,0,,,,,Y,,A,1,0,1,0,0,0,0,0,0,0,- ,- ,32.67473,-115.80688,IMPERIAL,UNINCORPORATED,-115.8068803,32.67473565
90120663,2016,2/22/2016,9625,2/10/2016,1158,18207,,3,1,9,1300,0,1,3,,1,42,SR-98,BROCKMAN ROAD,0.52,W,N,A,-,Y,,,98,,,,,,,Y,3,0,1,1,A,-,8,22107,,N,E,I,A,A,H,-,A,D,0,,,,,Y,,E,22,0,1,0,0,0,0,0,0,0,- ,- ,32.67929,-115.64171,IMPERIAL,UNINCORPORATED,-115.6417102,32.67926691
90123984,2016,2/25/2016,9625,2/17/2016,1850,17011,,3,2,9,1300,0,1,3,,1,54,SR-111,ROSS ROAD,0,,Y,A,-,Y,,,111,,,,,,,N,4,0,1,2,A,-,3,22350,,N,C,C,A,A,H,-,C,A,0,,,,,Y,,D,23,0,0,1,0,0,0,0,0,0,- ,- ,32.78148,-115.50165,IMPERIAL,UNINCORPORATED,-115.5015083,32.78148304
90124075,2016,2/25/2016,9625,2/15/2016,1904,18773,,1,2,9,1300,0,2,4,,2,46,DOGWOOD ROAD,COLE ROAD,0,,Y,A,-,N,,,,,,,,,,Y,3,0,6,2,A,-,9,21802,A,N,D,C,A,A,H,-,C,D,0,,,,,Y,,A,1,0,2,4,0,0,0,0,0,0,- ,- ,,,IMPERIAL,UNINCORPORATED,-115.5339801,32.69400007
90124642,2016,2/26/2016,9625,2/18/2016,1428,18617,,4,2,9,1300,0,1,3,,1,12,STATE ROUTE 86 NORTHBOUND,NORM NIVER ROAD,435,N,N,A,-,Y,,,86,,,,,,N,Y,3,0,3,1,A,-,8,22107,,N,E,J,A,A,H,-,A,D,0,,,,,Y,,A,1,0,2,1,0,0,0,0,0,0,- ,- ,33.35855,-116.01878,IMPERIAL,UNINCORPORATED,-116.0188185,33.35853767
90124685,2016,2/26/2016,9625,2/14/2016,2025,18933,,7,2,9,1300,0,3,5,,2,50,MENVILLE ROAD,CARR ROAD,364,N,N,A,-,N,,,,,,,,,,Y,3,0,5,2,A,-,5,21651,A,N,A,C,A,A,H,-,D,D,0,,,,,Y,,A,1,0,1,4,0,0,0,0,0,0,- ,- ,32.68462,-115.38815,IMPERIAL,UNINCORPORATED,-115.3880629,32.68473263
90130693,2016,3/7/2016,9625,3/1/2016,719,13627,,2,1,9,1300,0,3,5,,2,50,HARTSHORN ROAD,WATTON ROAD,1584,E,N,A,-,N,,,,,,,,,,Y,2,0,1,1,A,-,8,22107,,N,E,I,A,A,H,-,A,D,0,,,,,Y,,A,1,1,0,0,0,0,0,0,0,0,- ,- ,32.86178,-115.38558,IMPERIAL,UNINCORPORATED,-115.383792,32.86183724
90130822,2016,3/7/2016,9625,2/26/2016,1844,18773,,5,2,9,1300,0,1,1,,2,4,I-8 EASTBOUND,AUSTIN ROAD,1056,W,N,A,-,Y,,,8,,,,,,E,Y,3,0,2,1,A,-,8,22107,,N,E,I,A,A,H,-,D,D,0,,,,,Y,,D,22,0,1,1,0,0,0,0,0,0,- ,- ,32.77388,-115.59568,IMPERIAL,UNINCORPORATED,-115.5956799,32.77380783
90130928,2016,3/7/2016,9625,2/27/2016,1507,16248,,6,2,9,1300,0,1,3,,2,53,SR-111 (N/B),HEBER ROAD,5,S,N,A,-,Y,,,111,,,,,,,Y,4,0,1,2,A,-,3,22350,,N,C,C,A,A,H,-,A,A,0,,,,,Y,,A,7,0,0,1,0,0,0,0,0,0,- ,- ,32.73051,-115.50024,IMPERIAL,UNINCORPORATED,-115.5004049,32.73050752
90132821,2016,3/9/2016,9625,2/28/2016,1304,18207,,7,1,9,1300,0,1,3,,1,11,SR-86,BUCK ROAD,230,S,N,A,-,Y,,,86,,,,,,,Y,3,0,3,2,C,-,18,,,N,E,J,A,A,H,-,A,D,0,,,,,Y,,-,- ,0,1,2,0,0,0,0,0,0,- ,- ,33.03754,-115.69189,IMPERIAL,UNINCORPORATED,-115.69189,33.03747987
90136364,2016,9/26/2016,9625,3/3/2016,1958,18617,,4,2,9,1300,0,1,3,,1,21,STATE ROUTE 111,SINCLAIR ROAD,0,,Y,A,-,Y,,,111,,,,,,,Y,1,1,0,2,A,-,12,22450,A,N,D,C,A,A,H,-,D,A,0,,,,Y,Y,,A,8,0,0,0,0,0,0,0,0,0,- ,- ,33.17659,-115.51898,IMPERIAL,UNINCORPORATED,-115.5190597,33.17659
90138276,2016,3/16/2016,9625,3/6/2016,1008,19836,,7,1,9,1300,0,3,5,,2,10,"BORREGO SALTON SEA WAY, S-22",HOLLY ROAD,3696,W,N,G,-,N,,,,,,,,,,Y,3,0,1,2,A,-,9,21804,A,N,D,C,A,A,H,-,A,D,0,,,Y,,Y,,C,6,0,1,0,0,0,0,0,0,1,- ,- ,33.26568,-116.01839,IMPERIAL,UNINCORPORATED,-116.0183153,33.26570866
90140031,2016,3/21/2016,9625,3/8/2016,2210,20111,,2,3,9,1300,0,3,5,,2,10,WALKER ROAD,GENTRY ROAD,90,W,N,A,-,N,,,,,,,,,,Y,2,0,1,1,A,-,8,22107,,N,E,I,A,A,H,-,D,A,0,,,,,Y,,A,1,1,0,0,0,0,0,0,0,0,- ,- ,33.07501,-115.61442,IMPERIAL,UNINCORPORATED,-115.6145102,33.07530928
90142784,2016,3/24/2016,9625,3/10/2016,1515,18464,,4,2,9,1300,0,1,3,,1,44,SR-86 S/B,LEGION ROAD,1314,S,N,A,-,Y,,,86,,,,,,S,Y,3,0,2,1,A,-,8,22107,,N,F,A,A,A,H,-,A,D,0,,,,,Y,,A,1,0,1,1,0,0,0,0,0,0,- ,- ,32.95645,-115.55268,IMPERIAL,UNINCORPORATED,-115.552819,32.95660168
90143210,2016,3/24/2016,9625,3/14/2016,2045,16248,,1,2,9,1300,0,3,5,,2,50,OLD HIGHWAY 111,ATEN ROAD,0,,Y,A,-,N,,,,,,,,,,Y,4,0,1,2,A,-,12,22450,A,N,D,C,A,A,H,-,D,A,0,,,,,Y,,D,22,0,0,1,0,0,0,0,0,0,- ,- ,32.82578,-115.50126,IMPERIAL,UNINCORPORATED,-115.5013101,32.82577009
90144977,2016,3/28/2016,9625,3/10/2016,1725,18933,,4,2,9,1300,0,2,4,,2,47,DOGWOOD ROAD,HARRIS ROAD,3168,N,N,A,-,N,,,,,,,,,,Y,3,0,1,2,A,-,6,21750,,F,D,C,A,A,H,-,B,D,0,,,Y,,Y,,D,22,0,1,0,0,0,0,0,0,1,- ,- ,32.89243,-115.5355,IMPERIAL,UNINCORPORATED,-115.5355,32.89230806
90146733,2016,3/29/2016,9625,3/19/2016,1210,18368,,6,1,2,1306,0,2,4,,2,47,FORRESTER ROAD,WORTHINGTON ROAD,0,,Y,A,-,N,,,,,,,,,,Y,4,0,1,2,A,-,9,21802,A,N,D,C,A,A,H,-,A,A,0,,,,,Y,,A,7,0,0,1,0,0,0,0,0,0,- ,- ,32.8474,-115.62084,IMPERIAL,IMPERIAL,-115.6207601,32.84739005
90148829,2016,4/1/2016,9625,3/21/2016,2100,18468,,1,2,9,1300,0,3,5,,2,40,AUSTIN ROAD,WORTHINGTON ROAD,1579,N,N,A,-,N,,,,,,,,,,Y,4,0,1,1,A,-,8,22107,,N,F,A,A,A,H,-,D,D,0,,,,,Y,,D,22,0,0,1,0,0,0,0,0,0,- ,- ,32.85175,-115.59487,IMPERIAL,UNINCORPORATED,-115.59494,32.85169575
90149185,2016,4/1/2016,9625,3/21/2016,915,18207,,1,1,9,1300,0,1,3,,1,12,SR-86 N/B,AIR PARK DRIVE,11088,S,N,A,-,Y,,,86,,,,,,N,Y,3,0,1,1,A,-,8,22107,,N,F,A,A,A,H,-,A,D,0,,,,Y,Y,,G,25,0,1,0,0,0,0,0,0,0,- ,- ,33.22706,-115.92266,IMPERIAL,UNINCORPORATED,-115.9227338,33.22698734
90151418,2016,4/5/2016,9625,3/29/2016,1450,18464,,2,2,9,1300,0,3,5,,2,10,IMPERIAL AVENUE,SEAVIEW AVENUE,0,,Y,A,-,N,,,,,,,,,,Y,3,0,1,2,A,-,9,21800,A,N,D,C,A,A,H,-,A,D,0,,,Y,,Y,,C,2,0,1,0,0,0,0,0,0,1,- ,- ,33.37536,-116.01558,IMPERIAL,UNINCORPORATED,-116.0155501,33.37528003
90152464,2016,4/6/2016,9625,3/25/2016,1634,16248,,5,2,9,1300,0,1,3,,2,53,N/B SR-111,HEBER ROAD,35,S,N,A,-,Y,,,111,,,,,,,Y,3,0,3,2,A,-,3,22350,,N,C,C,A,A,H,-,A,A,0,,,,,Y,,A,1,0,2,1,0,0,0,0,0,0,- ,- ,32.73052,-115.50028,IMPERIAL,UNINCORPORATED,-115.500405,32.73051812
90154491,2016,4/11/2016,9620,4/1/2016,2315,20263,,5,3,9,1300,0,2,4,,1,75,WHITE RD,ROSS RD,198,N,N,A,-,N,,,,,,,,,,Y,3,0,1,1,A,-,1,23152,A,N,E,I,A,A,G,-,D,D,0,,,,,Y,Y,D,22,0,1,0,0,0,0,0,0,0,- ,- ,32.78319,-114.60998,IMPERIAL,UNINCORPORATED,-114.6099669,32.78245793
90154539,2016,4/11/2016,9620,4/8/2016,2255,20263,,5,3,9,1300,0,1,3,,1,63,SR-78,MILPITAS WASH RD,2376,S,N,A,-,Y,,,78,,,,,,,Y,4,0,1,1,A,-,3,22350,,N,E,J,A,B,F,-,D,D,0,,,,,Y,,A,1,0,0,1,0,0,0,0,0,0,- ,- ,33.27863,-114.78509,IMPERIAL,UNINCORPORATED,-114.7851141,33.27866151
90156707,2016,4/13/2016,9625,4/8/2016,1655,13781,,5,2,4,1304,0,1,1,,2,3,I-8 EASTBOUND,4TH STREET,1335,E,N,B,-,Y,,,8,,,,,,E,Y,4,0,1,2,A,-,7,21658,A,N,B,C,A,A,H,-,A,D,0,,,,Y,Y,,A,1,0,0,1,0,0,0,0,0,0,- ,- ,32.77375,-115.54773,IMPERIAL,EL CENTRO,-115.5477303,32.77367914
90158019,2016,4/14/2016,9625,3/31/2016,1030,17055,,4,1,9,1300,0,3,5,,2,40,KEYSTONE ROAD,AUSTIN ROAD,0,,Y,A,-,N,,,,,,,,,,Y,4,0,1,2,A,-,9,21802,A,N,D,C,A,A,H,-,A,A,0,,,,,Y,,A,8,0,0,1,0,0,0,0,0,0,- ,- ,32.91252,-115.59493,IMPERIAL,UNINCORPORATED,-115.5949101,32.91255008
90158374,2016,4/15/2016,9620,4/9/2016,1720,17466,,6,2,9,1300,0,1,3,,1,63,SR-78 E/B,MARLOWE ROAD,3696,E,N,B,-,Y,,,78,,,,,,E,Y,4,0,1,1,C,-,18,,,N,F,A,A,A,H,-,A,D,0,,,,,Y,,-,- ,0,0,1,0,0,0,0,0,0,- ,- ,33.37448,-114.72104,IMPERIAL,UNINCORPORATED,-114.7218758,33.37447845
90165450,2016,4/26/2016,9625,4/12/2016,640,17055,,2,1,9,1300,0,3,5,,2,50,OLD HIGHWAY 111,KEYSTONE ROAD,0,,Y,A,-,Y,,,,,,,,,,Y,4,0,1,3,A,-,12,22450,A,N,D,C,A,A,H,-,A,A,0,,,,,Y,,D,22,0,0,1,0,0,0,0,0,0,- ,- ,32.91266,-115.51025,IMPERIAL,UNINCORPORATED,-115.5102001,32.91266001
90173390,2016,5/5/2016,9625,5/4/2016,522,13627,,3,3,9,1300,0,3,5,,2,50,BOWKER ROAD,MCCABE ROAD,0,,Y,A,-,N,,,,,,,,,,Y,4,0,2,3,A,-,9,21802,A,N,D,C,A,A,H,-,B,A,0,,,,Y,Y,,A,1,0,0,2,0,0,0,0,0,0,- ,- ,32.75211,-115.465,IMPERIAL,UNINCORPORATED,-115.4650201,32.75211007
90177836,2016,5/12/2016,9620,5/11/2016,2155,19333,,3,2,9,1300,0,1,1,,2,82,I-8 E/B,WINTERHAVEN DR,7920,W,N,A,-,Y,,,8,,,,,,E,N,4,0,1,2,A,-,7,21658,A,N,B,C,A,A,H,-,D,D,0,,,,,Y,,A,1,0,0,1,0,0,0,0,0,0,- ,- ,32.73994,-114.67619,IMPERIAL,UNINCORPORATED,-114.6761954,32.73990921
90179095,2016,5/13/2016,9620,5/8/2016,1320,17837,,7,1,9,1300,0,3,5,,2,70,S-24 (IMPERIAL DAM RD.),LAGUNA DAM,5280,S,N,A,-,N,,,,,,,,,,Y,3,0,1,1,A,-,8,22107,,N,F,A,A,A,H,-,A,D,0,,,Y,,Y,,C,2,0,1,0,0,0,0,0,0,1,- ,- ,32.81637,-114.51129,IMPERIAL,UNINCORPORATED,-114.5113242,32.81642257
90183282,2016,5/19/2016,9625,5/13/2016,1840,18464,,5,2,9,1300,0,1,3,,1,44,SR-86 N/B,AUSTIN ROAD,3643,N,N,A,-,Y,,,,,,,,,,Y,4,0,1,1,A,-,8,22107,,N,F,A,A,A,H,-,A,D,0,,,,,Y,,A,7,0,0,1,0,0,0,0,0,0,- ,- ,32.95475,-115.56604,IMPERIAL,UNINCORPORATED,-115.5563176,32.95467788
90187182,2016,5/25/2016,9625,5/14/2016,835,13781,,6,1,9,1300,0,1,3,,2,53,SR-111 SOUTHBOUND,SR-86,132,N,N,A,-,Y,,,111,,,,,,S,Y,4,0,3,3,A,-,3,22350,,N,C,C,A,A,H,-,A,A,0,,,,,Y,,A,1,0,0,3,0,0,0,0,0,0,- ,- ,32.73107,-115.50056,IMPERIAL,UNINCORPORATED,-115.5004159,32.73107312
90187190,2016,5/25/2016,9625,5/13/2016,1655,18792,,5,2,9,1300,0,3,5,,2,10,EDDINS ROAD,GENTRY ROAD,210,E,N,A,-,N,,,,,,,,,,Y,4,0,1,2,A,-,3,22350,,N,B,C,A,A,H,-,A,A,0,,,,,Y,,D,22,0,0,1,0,0,0,0,0,0,- ,- ,33.1254,-115.61368,IMPERIAL,UNINCORPORATED,-115.6136779,33.1257444
90191226,2016,5/31/2016,9625,5/10/2016,605,18978,,2,1,9,1300,0,1,1,,2,1,INTERSTATE 8 (EASTBOUND),MOUNTAIN SPRINGS ROAD,4224,W,N,A,G,Y,,,8,,,,,,,Y,2,0,1,1,A,-,8,22107,,N,F,A,A,A,H,-,A,D,0,,,Y,,Y,,C,2,1,0,0,0,0,0,0,0,1,- ,- ,32.67111,-116.10554,IMPERIAL,UNINCORPORATED,-116.1055741,32.67110185
90191629,2016,5/31/2016,9625,5/24/2016,1550,20704,,2,2,9,1300,0,2,4,,2,46,DOGWOOD ROAD,ATEN ROAD,528,N,N,A,-,N,,,,,,,,,,Y,4,0,2,3,A,-,3,22350,,N,C,C,A,A,H,-,A,A,0,,,,,Y,,A,1,0,0,2,0,0,0,0,0,0,- ,- ,32.82706,-115.53573,IMPERIAL,UNINCORPORATED,-115.5357078,32.82687299
90192052,2016,6/1/2016,9625,5/22/2016,130,19225,,7,3,9,1300,0,1,3,,1,12,SR-86 (SOUTHBOUND),NORM NIVER ROAD,3432,N,N,A,-,Y,,,86,,,,,,,Y,3,0,1,1,A,-,1,23152,A,N,F,I,A,A,H,-,D,D,0,,,,,Y,Y,A,7,0,1,0,0,0,0,0,0,0,- ,- ,33.36708,-116.02193,IMPERIAL,UNINCORPORATED,-116.0219092,33.36708796
90192764,2016,6/1/2016,9625,5/24/2016,630,15990,,2,1,9,1300,0,3,5,,2,10,NORM NIVER ROAD,SR-86,1056,W,N,A,-,N,,,,,,,,,,Y,3,0,1,2,A,-,9,21804,A,N,D,C,A,A,H,-,A,D,0,,,Y,,Y,,C,2,0,1,0,0,0,0,0,0,1,- ,- ,33.35638,-116.01943,IMPERIAL,UNINCORPORATED,-116.0194364,33.3563597
90194183,2016,6/3/2016,9625,5/29/2016,2245,18617,,7,3,9,1300,0,1,3,,1,54,STATE ROUTE 111 SOUTHBOUND,WORTHINGTON ROAD,138,N,N,A,-,Y,,,111,,,,,,S,Y,3,0,1,2,A,-,3,22350,,N,C,C,A,A,H,-,C,A,0,,,,,Y,,A,1,0,1,0,0,0,0,0,0,0,- ,- ,32.8477,-115.50791,IMPERIAL,UNINCORPORATED,-115.507779,32.84775042
90194192,2016,6/3/2016,9625,5/26/2016,1600,18368,,4,2,9,1300,0,3,5,,2,50,CLARK ROAD,SR-98,44,S,N,A,-,Y,,,,,,,,,,Y,4,0,1,1,A,-,12,22450,A,N,F,A,A,A,H,-,A,D,0,,,,,Y,,A,1,0,0,1,0,0,0,0,0,0,- ,- ,32.67925,-115.55968,IMPERIAL,UNINCORPORATED,-115.55973,32.67933
9019545,2019,1/31/2020,1304,12/4/2019,1238,361,ELCE,3,5,4,1304,0,0,0,,0,EAST,DANENBERG,DANENBERG 524,0,,-,C,-,N,,,,,,,,,,N,4,0,1,2,B,-,22,,,N,G,B,D,B,H,-,A,D,0,Y,,,,Y,,D,22,0,0,1,0,1,0,0,0,0,- ,- ,32.76964951,-115.5331497,IMPERIAL,EL CENTRO,,
90196627,2016,6/8/2016,9625,5/30/2016,649,18978,,1,1,9,1300,0,1,1,,2,1,INTERSTATE 8 (EASTBOUND),IN KO PAH ROAD,2112,E,N,A,G,Y,,,8,,,,,,,Y,3,0,1,1,A,-,1,23152,A,N,F,A,A,A,H,-,A,D,0,,,,,Y,Y,A,1,0,1,0,0,0,0,0,0,0,- ,- ,32.64871,-116.10304,IMPERIAL,UNINCORPORATED,-116.1030842,32.64874732