CASE_ID,ACCIDENT_YEAR,PROC_DATE,JURIS,COLLISION_DATE,COLLISION_TIME,OFFICER_ID,REPORTING_DISTRICT,DAY_OF_WEEK,CHP_SHIFT,POPULATION,CNTY_CITY_LOC,SPECIAL_COND,BEAT_TYPE,CHP_BEAT_TYPE,CITY_DIVISION_LAPD,CHP_BEAT_CLASS,BEAT_NUMBER,PRIMARY_RD,SECONDARY_RD,DISTANCE,DIRECTION,INTERSECTION,WEATHER_1,WEATHER_2,STATE_HWY_IND,CALTRANS_COUNTY,CALTRANS_DISTRICT,STATE_ROUTE,ROUTE_SUFFIX,POSTMILE_PREFIX,POSTMILE,LOCATION_TYPE,RAMP_INTERSECTION,SIDE_OF_HWY,TOW_AWAY,COLLISION_SEVERITY,NUMBER_KILLED,NUMBER_INJURED,PARTY_COUNT,PRIMARY_COLL_FACTOR,PCF_CODE_OF_VIOL,PCF_VIOL_CATEGORY,PCF_VIOLATION,PCF_VIOL_SUBSECTION,HIT_AND_RUN,TYPE_OF_COLLISION,MVIW,PED_ACTION,ROAD_SURFACE,ROAD_COND_1,ROAD_COND_2,LIGHTING,CONTROL_DEVICE,CHP_ROAD_TYPE,PEDESTRIAN_ACCIDENT,BICYCLE_ACCIDENT,MOTORCYCLE_ACCIDENT,TRUCK_ACCIDENT,NOT_PRIVATE_PROPERTY,ALCOHOL_INVOLVED,STWD_VEHTYPE_AT_FAULT,CHP_VEHTYPE_AT_FAULT,COUNT_SEVERE_INJ,COUNT_VISIBLE_INJ,COUNT_COMPLAINT_PAIN,COUNT_PED_KILLED,COUNT_PED_INJURED,COUNT_BICYCLIST_KILLED,COUNT_BICYCLIST_INJURED,COUNT_MC_KILLED,COUNT_MC_INJURED,PRIMARY_RAMP,SECONDARY_RAMP,LATITUDE,LONGITUDE,COUNTY,CITY,POINT_X,POINT_Y
9019682,2019,2/4/2020,1304,12/4/2019,1026,326,EEAS,3,5,4,1304,0,0,0,,0,,S 4TH ST,AURORA,310,N,N,A,-,N,,,,,,,,,,Y,3,0,2,3,A,-,3,22350,,N,A,J,F,A,H,-,A,D,0,Y,,,,Y,,A,7,0,1,1,0,2,0,0,0,0,- ,- ,,,IMPERIAL,EL CENTRO,-115.5523682,32.77932739
9019694,2019,2/4/2020,1304,12/6/2019,1000,352,EAST,5,5,4,1304,0,0,0,,0,EAST,MAIN ST,2ND ST,298,E,N,B,-,N,,,,,,,,,,N,4,0,1,2,A,-,9,21804,A,N,D,C,A,A,H,-,A,D,0,,,,,Y,,A,1,0,0,1,0,0,0,0,0,0,- ,- ,,,IMPERIAL,EL CENTRO,-115.545517,32.79283142
90199254,2016,6/10/2016,9625,6/2/2016,650,13781,,4,1,9,1300,0,2,4,,2,47,FORRESTER ROAD,HACKLEMAN ROAD,1915,S,N,A,-,N,,,,,,,,,,Y,3,0,1,2,A,-,8,22107,,N,D,C,A,A,H,-,A,D,0,,,,,Y,,A,1,0,1,0,0,0,0,0,0,0,- ,- ,32.80578,-115.62072,IMPERIAL,UNINCORPORATED,-115.6206685,32.80586564
90206318,2016,6/21/2016,9620,6/15/2016,430,18535,,3,3,9,1300,0,2,4,,1,75,S-24 (IMPERIAL HIGHWAY),INDIAN ROCK RD,528,S,N,A,-,Y,,,,,,,,,,Y,3,0,1,2,A,-,5,21460,A,N,B,C,A,A,H,-,D,D,0,,,,Y,Y,Y,A,1,0,1,0,0,0,0,0,0,0,- ,- ,32.75864,-114.61609,IMPERIAL,UNINCORPORATED,,
90208864,2016,6/24/2016,9620,6/20/2016,440,16015,,1,3,9,1300,0,1,1,,2,81,INTERSTATE 8 EASTBOUND,BROCK RESEARCH DR,5280,E,N,A,-,Y,,,8,,,,,,E,Y,3,0,1,1,A,-,8,22107,,N,F,J,A,A,D,-,B,A,0,,,,,Y,,A,1,0,1,0,0,0,0,0,0,0,- ,- ,32.70795,-115.01634,IMPERIAL,UNINCORPORATED,-115.0163397,32.70777012
90210733,2016,6/28/2016,9625,6/17/2016,615,18773,,5,1,9,1300,0,2,4,,2,45,EVAN HEWES HIGHWAY,BROWN ROAD,526,W,N,A,-,N,,,,,,,,,,Y,3,0,1,1,A,-,8,22107,,N,E,I,A,A,H,-,A,D,0,,,,,Y,,A,7,0,1,0,0,0,0,0,0,0,- ,- ,32.7912,-115.77594,IMPERIAL,UNINCORPORATED,-115.7762125,32.79111099
90212349,2016,6/29/2016,9625,6/21/2016,2200,19667,,2,3,9,1300,0,1,1,,2,1,E/B INTERSTATE 8,SR-98,12830,W,N,G,-,Y,,,8,,,,,,,Y,3,0,1,1,A,-,8,22107,,N,E,I,A,A,H,-,D,D,0,,,,Y,Y,,G,25,0,1,0,0,0,0,0,0,0,- ,- ,32.71283,-116.05333,IMPERIAL,UNINCORPORATED,-116.053521,32.71293639
90212852,2016,6/30/2016,9625,6/27/2016,1630,18617,,1,2,9,1300,0,3,5,,2,20,NILAND AVE,STATE ROUTE 111,70,E,N,A,-,N,,,,,,,,,,N,4,0,1,1,A,-,8,22107,,N,E,J,A,A,H,-,A,D,0,,,,,Y,,A,1,0,0,1,0,0,0,0,0,0,- ,- ,33.2305,-115.51875,IMPERIAL,UNINCORPORATED,-115.5188378,33.23062419
90215039,2016,7/1/2016,9620,6/24/2016,1550,17051,,5,2,9,1300,0,1,3,,1,63,SR-78 (BEN HULSE HWY),LUGO RD,3,S,N,A,-,Y,,,78,,,,,,,Y,3,0,1,2,A,-,9,21804,A,N,B,C,A,A,H,-,A,D,0,,,,Y,Y,,G,25,0,1,0,0,0,0,0,0,0,- ,- ,33.41886,-114.73173,IMPERIAL,UNINCORPORATED,-114.7317855,33.41885675
90215603,2016,7/5/2016,9625,6/28/2016,1755,19582,,2,2,9,1300,0,1,3,,2,43,MCCABE ROAD,SR-86,0,,Y,A,-,Y,,,,,,,,,,Y,4,0,1,2,A,-,9,21801,A,N,D,C,A,A,H,-,A,A,0,,,,,Y,,D,22,0,0,1,0,0,0,0,0,0,- ,- ,32.75238,-115.55186,IMPERIAL,UNINCORPORATED,-115.5518301,32.75237009
90217651,2016,7/7/2016,9625,6/28/2016,2119,19225,,2,2,3,1301,0,2,S,,2,901,MAIN STREET,8TH STREET,0,,Y,A,-,N,,,,,,,,,,Y,4,0,3,2,B,-,22,,,N,D,C,A,A,H,-,C,A,0,,,,,Y,,J,48,0,0,3,0,0,0,0,0,0,- ,- ,32.97856,-115.53052,IMPERIAL,BRAWLEY,-115.5304601,32.9786301
90218777,2016,7/8/2016,9625,6/23/2016,1108,13627,,4,1,9,1300,0,1,3,,2,43,STATE ROUTE 86,HEBER ROAD,0,,Y,A,-,Y,,,86,,,,,,,Y,1,1,3,2,A,-,9,21801,A,N,A,C,A,A,H,-,A,D,0,,,,,Y,,A,1,0,2,1,0,0,0,0,0,0,- ,- ,32.73064,-115.55053,IMPERIAL,UNINCORPORATED,-115.550509,32.73072097
90219781,2016,7/11/2016,9625,7/5/2016,1430,18617,,2,2,9,1300,0,3,5,,2,40,CLARK ROAD,WAHL ROAD,74,N,N,A,-,N,,,,,,,,,,Y,4,0,1,1,A,-,1,23152,A,N,E,J,A,A,H,-,A,D,0,,,,,Y,Y,A,1,0,0,1,0,0,0,0,0,0,- ,- ,32.72361,-115.56021,IMPERIAL,UNINCORPORATED,-115.5602523,32.72357224
90221677,2016,7/13/2016,9625,7/4/2016,1500,20516,,1,2,9,1300,0,1,3,,2,52,STATE ROUTE 98,STATE ROUTE 7,2560,E,N,A,-,Y,,,98,,,,,,,Y,3,0,4,1,A,-,8,22107,,N,E,I,A,A,H,-,A,D,0,,,,,Y,,A,7,0,2,2,0,0,0,0,0,0,- ,- ,32.69366,-115.37632,IMPERIAL,UNINCORPORATED,-115.3763191,32.69376966
90221717,2016,7/13/2016,9625,7/9/2016,1650,18617,,6,2,9,1300,0,1,1,,2,3,INTERSTATE 8 EASTBOUND,DUNAWAY ROAD,7376,W,N,A,-,Y,,,8,,,,,,E,Y,3,0,5,1,A,-,8,22107,,N,F,A,A,A,H,-,A,D,0,,,,,Y,,D,22,0,2,3,0,0,0,0,0,0,- ,- ,32.76337,-115.8271,IMPERIAL,UNINCORPORATED,-115.8270987,32.76336355
90222719,2016,7/14/2016,9625,5/29/2016,825,20516,,7,1,9,1300,0,1,1,,2,2,W/B INTERSTATE 8,SR-98,7920,W,N,A,-,Y,,,8,,,,,,,Y,1,1,3,1,A,-,8,22107,,N,F,A,A,A,H,-,A,D,0,,,,,Y,,D,22,0,3,0,0,0,0,0,0,0,- ,- ,32.72773,-116.05251,IMPERIAL,UNINCORPORATED,-116.0525187,32.72769264
90224250,2016,7/18/2016,9625,7/6/2016,701,13627,,3,1,9,1300,0,1,3,,1,54,STATE ROUTE 111 (S/B),EVAN HEWES HIGHWAY,0,,Y,A,-,Y,,,111,,,,,,,Y,3,0,1,2,A,-,9,21453,,N,D,C,A,A,H,-,A,A,0,,,,,Y,,A,1,0,1,0,0,0,0,0,0,0,- ,- ,32.79973,-115.50069,IMPERIAL,UNINCORPORATED,-115.500575,32.79971113
90224433,2016,7/18/2016,9625,7/10/2016,900,15990,,7,1,9,1300,0,1,3,,2,13,SR-78,OLD MINE ROAD,0.1,W,N,A,-,Y,,,78,,,,,,,Y,4,0,1,1,A,-,8,22107,,N,F,A,A,A,H,-,A,D,0,,,,,Y,,A,1,0,0,1,0,0,0,0,0,0,- ,- ,33.12576,-116.05645,IMPERIAL,UNINCORPORATED,-116.0564515,33.12574401
90225304,2016,7/19/2016,9625,7/9/2016,620,15990,,6,1,9,1300,0,1,1,,2,4,I-8 W/B,WESTSIDE MAIN CANAL,60,W,N,A,-,Y,,,8,,,,,,W,Y,3,0,2,1,A,-,8,22107,,N,E,I,A,A,H,-,A,D,0,,,,,Y,,A,1,0,1,1,0,0,0,0,0,0,- ,- ,32.77325,-115.77281,IMPERIAL,UNINCORPORATED,-115.77281,32.7733152
90227591,2016,7/21/2016,9625,7/12/2016,1230,17055,,2,1,9,1300,0,2,4,,2,47,FORRESTER ROAD,BAUGHMAN ROAD,0,,Y,A,-,N,,,,,,,,,,Y,3,0,2,2,A,-,9,21802,A,N,D,C,A,A,H,-,A,A,0,,,,,Y,,D,22,0,1,1,0,0,0,0,0,0,- ,- ,33.03027,-115.62165,IMPERIAL,UNINCORPORATED,-115.6215401,33.03010003
90227674,2016,7/21/2016,9625,7/13/2016,1213,18978,,3,1,9,1300,0,3,5,,2,50,JASPER ROAD,BOWKER ROAD,0,,Y,A,-,N,,,,,,,,,,N,3,0,1,2,A,-,9,21802,B,N,D,C,A,A,H,-,A,A,0,,,,Y,Y,,G,25,0,1,0,0,0,0,0,0,0,- ,- ,,,IMPERIAL,UNINCORPORATED,-115.4651001,32.70856011
90229741,2016,7/25/2016,9625,7/7/2016,2245,19836,,4,3,9,1300,0,3,5,,2,40,WORTHINGTON ROAD,ERSKINE ROAD,2,E,N,A,-,N,,,,,,,,,,Y,1,1,0,1,A,-,3,22350,,N,F,A,A,A,H,-,D,D,0,,,Y,,Y,,C,2,0,0,0,0,0,0,0,1,0,- ,- ,32.85006,-115.69691,IMPERIAL,UNINCORPORATED,-115.6969644,32.85006721
90230872,2016,7/26/2016,9625,7/21/2016,615,15990,,4,1,9,1300,0,2,4,,2,47,FORRESTER ROAD,MONTE ROAD,1014,N,N,A,-,N,,,,,,,,,,N,3,0,3,1,A,-,8,22107,,N,E,I,A,A,H,-,A,D,0,,,,,Y,,A,1,0,3,0,0,0,0,0,0,0,- ,- ,33.00172,-115.62409,IMPERIAL,UNINCORPORATED,-115.6239991,33.00195155
90235151,2016,8/2/2016,9625,7/24/2016,1245,18368,,7,1,4,1304,0,1,1,,2,3,I-8 EASTBOUND TO 4TH STREET,4TH STREET,246,W,N,A,-,Y,,,8,,,,R,,E,Y,3,0,1,1,A,-,1,23152,A,N,F,J,A,A,H,-,A,D,0,,,,,Y,Y,A,7,0,1,0,0,0,0,0,0,0,- ,- ,32.77341,-115.55354,IMPERIAL,EL CENTRO,-115.55354,32.77341
90242772,2016,8/11/2016,9625,7/31/2016,2150,18930,,7,2,9,1300,0,3,5,,2,50,HEBER ROAD,METS ROAD,800,E,N,A,-,Y,,,,,,,,,,Y,4,0,2,1,A,-,8,22107,,N,F,A,A,A,H,-,D,A,0,,,,,Y,,A,1,0,0,2,0,0,0,0,0,0,- ,- ,32.73059,-115.39418,IMPERIAL,UNINCORPORATED,-115.3941039,32.73058707
90242851,2016,8/11/2016,9625,8/4/2016,33,19668,,4,3,9,1300,0,1,1,,2,1,I-8 E/B,BONDS CORNER,2640,W,N,A,-,Y,,,8,,,,,,E,Y,3,0,1,1,A,-,8,22107,,N,E,I,A,A,D,-,D,A,0,,,,,Y,,A,1,0,1,0,0,0,0,0,0,0,- ,- ,32.77339,-115.34556,IMPERIAL,UNINCORPORATED,-115.3455591,32.77319279
90243272,2016,8/11/2016,9625,8/3/2016,1725,18464,,3,2,9,1300,0,1,3,,1,44,SR-86 N/B,AUSTIN ROAD,1047,S,N,A,-,Y,,,86,,,,,,N,Y,4,0,1,1,A,-,8,22107,,N,E,I,A,A,H,-,A,D,0,,,,,Y,,A,1,0,0,1,0,0,0,0,0,0,- ,- ,32.94858,-115.56962,IMPERIAL,UNINCORPORATED,-115.5696656,32.94860904
90243796,2016,8/12/2016,9620,8/7/2016,555,16222,,7,3,9,1300,0,1,3,,1,62,SR 186 (ALGODONES RD),THE ALL AMERICAN CANAL,2077,S,N,A,-,Y,,,186,,,,,,,Y,4,0,2,1,A,-,8,22107,,N,E,J,A,A,H,-,B,D,0,,,,,Y,,A,1,0,0,2,0,0,0,0,0,0,- ,- ,32.73125,-114.71705,IMPERIAL,UNINCORPORATED,-114.7170947,32.73127422
90243972,2016,8/12/2016,9625,8/6/2016,1318,18468,,6,1,9,1300,0,1,3,,2,53,STATE ROUTE 111 (S/B),JASPER ROAD,70,N,N,A,-,Y,,,111,,,,,,,N,4,0,1,2,A,-,3,22350,,N,C,C,A,A,H,-,A,A,0,,,,,Y,,A,7,0,0,1,0,0,0,0,0,0,- ,- ,32.70899,-115.49952,IMPERIAL,UNINCORPORATED,-115.4994237,32.70899104
90244088,2016,8/12/2016,9625,8/6/2016,932,18468,,6,1,9,1300,0,1,3,,2,52,STATE ROUTE 98,ANDERHOLT ROAD,1392,W,N,A,-,Y,,,98,,,,,,,Y,3,0,3,1,A,-,8,22107,,F,F,A,A,A,H,-,A,D,0,,,,,Y,,A,7,0,1,2,0,0,0,0,0,0,- ,- ,32.69384,-115.41835,IMPERIAL,UNINCORPORATED,-115.41835,32.69382406
90245538,2016,8/16/2016,9625,8/8/2016,1315,16248,,1,1,9,1300,0,3,5,,2,40,LOW ROAD,EVAN HEWES HIGHWAY,2689,N,N,A,-,N,,,,,,,,,,Y,4,0,1,1,A,-,8,22107,,N,F,A,A,A,H,-,A,D,0,,,,,Y,,D,22,0,0,1,0,0,0,0,0,0,- ,- ,32.80398,-115.65496,IMPERIAL,UNINCORPORATED,-115.6548958,32.80390994
90247103,2016,8/17/2016,9625,8/12/2016,1948,18617,,5,2,9,1300,0,1,3,,2,14,STATE ROUTE 78,ELDER ROAD,0,,Y,A,-,Y,,,,,,,,,,N,4,0,2,1,A,-,3,22350,,N,E,J,A,A,H,-,A,A,0,,,,,Y,,A,7,0,0,2,0,0,0,0,0,0,- ,- ,32.99911,-115.58989,IMPERIAL,UNINCORPORATED,,
90250995,2016,8/23/2016,9625,8/6/2016,1130,17727,,6,1,9,1300,0,1,3,,2,52,SR-98,MENVILLE RD,38,W,N,A,-,Y,,,98,,,,,,,Y,2,0,3,3,A,-,3,22350,,N,C,C,A,A,H,-,A,A,0,,,,Y,Y,,D,22,2,0,1,0,0,0,0,0,0,- ,- ,32.69377,-115.38738,IMPERIAL,UNINCORPORATED,-115.38738,32.6937704
9025210,2019,1/31/2020,1304,11/29/2019,1531,357,ELCE,5,5,4,1304,0,0,0,,0,EAST,HOLT,5TH,0,,Y,A,-,N,,,,,,,,,,Y,4,0,4,2,A,-,12,22450,A,N,D,C,A,A,H,-,A,D,0,,,,,Y,,A,1,0,0,4,0,0,0,0,0,0,- ,- ,,,IMPERIAL,EL CENTRO,-115.5547104,32.78778076
90252341,2016,8/25/2016,9625,8/19/2016,745,18368,,5,1,9,1300,0,2,4,,2,46,DOGWOOD ROAD,WILLOUGHBY ROAD,0,,Y,A,-,N,,,,,,,,,,Y,3,0,3,2,A,-,9,21802,A,N,D,C,A,A,H,-,A,A,0,,,,,Y,,A,1,0,2,1,0,0,0,0,0,0,- ,- ,32.70842,-115.53411,IMPERIAL,UNINCORPORATED,-115.53408,32.70845003
90252748,2016,8/25/2016,9625,8/24/2016,722,13627,,3,1,9,1300,0,1,3,,2,53,STATE ROUTE 111 (N/B),MCCABE ROAD,25,S,N,A,-,Y,,,111,,,,,,,N,4,0,1,2,A,-,3,22350,,N,C,C,A,A,H,-,A,A,0,,,,,Y,,A,1,0,0,1,0,0,0,0,0,0,- ,- ,32.75225,-115.50066,IMPERIAL,UNINCORPORATED,-115.5007591,32.75224901
90254523,2016,8/26/2016,9625,8/19/2016,1005,18368,,5,1,9,1300,0,1,1,,2,4,I-8 W/B,DUNAWAY ROAD,19536,W,N,A,-,Y,,,8,,,,,,W,N,3,0,1,1,A,-,8,22107,,N,F,A,A,A,H,-,A,D,0,,,Y,,Y,,C,2,0,1,0,0,0,0,0,0,1,- ,- ,32.75727,-115.86377,IMPERIAL,UNINCORPORATED,-115.8637776,32.7573185
90256252,2016,8/29/2016,9625,8/26/2016,1920,18617,,5,2,9,1300,0,1,3,,2,24,STATE ROUTE 78,BUTTERS ROAD,5280,E,N,A,-,Y,,,78,,,,,,,Y,4,0,1,1,A,-,8,22107,,N,E,J,A,A,H,-,D,D,0,,,,,Y,,A,1,0,0,1,0,0,0,0,0,0,- ,- ,32.97473,-115.35448,IMPERIAL,UNINCORPORATED,-115.3544795,32.97471244
90256864,2016,8/30/2016,9625,8/27/2016,1558,18792,,6,2,9,1300,0,2,4,,2,47,FORRESTER ROAD,ANDRE ROAD,0,,Y,A,-,N,,,,,,,,,,Y,4,0,2,2,A,-,3,22350,,N,C,C,A,A,H,-,A,A,0,,,,,Y,,A,1,0,0,2,0,0,0,0,0,0,- ,- ,33.01565,-115.62148,IMPERIAL,UNINCORPORATED,-115.6215401,33.01559006
90259208,2016,9/1/2016,9625,8/23/2016,1446,19582,,2,2,9,1300,0,1,1,,2,5,I-8 E/B,SR-98,10560,W,N,A,-,Y,,,8,,,,,,E,Y,4,0,1,2,A,-,7,21658,A,N,B,C,A,A,H,-,A,D,0,,,,Y,Y,,G,25,0,0,1,0,0,0,0,0,0,- ,- ,32.72954,-115.14978,IMPERIAL,UNINCORPORATED,-115.1497637,32.7295924
90266078,2016,9/12/2016,9625,9/4/2016,2105,18464,,7,2,9,1300,0,1,3,,1,44,SR-86 NORTHBOUND,KEYSTONE ROAD,0,,Y,A,-,Y,,,86,,,,,,N,Y,3,0,3,2,A,-,9,21453,C,N,D,C,A,A,H,-,C,A,0,,,,,Y,,A,1,0,2,1,0,0,0,0,0,0,- ,- ,32.91263,-115.56974,IMPERIAL,UNINCORPORATED,-115.5700599,32.91264943
90267096,2016,9/13/2016,9625,9/5/2016,2012,18468,,1,2,9,1300,0,1,3,,1,11,STATE ROUTE 86 (N/B),BAUGHMAN ROAD,0,,Y,A,-,Y,,,86,,,,,,,Y,3,0,5,2,A,-,9,21803,A,F,D,C,A,A,H,-,D,A,0,,,,,Y,,A,1,0,2,3,0,0,0,0,0,0,- ,- ,33.03006,-115.60907,IMPERIAL,UNINCORPORATED,-115.6090849,33.03005117
90267118,2016,9/13/2016,9620,9/8/2016,2040,18290,,4,2,9,1300,0,1,3,,1,62,SR-186 (ALGODONES RD),OFF RAMP FROM W/B I-8,0,,Y,A,-,Y,,,186,,,,,,,Y,2,0,3,2,A,-,1,23152,A,N,B,C,A,A,H,-,C,A,0,,,,,Y,Y,A,8,1,1,1,0,0,0,0,0,0,- ,- ,32.74449,-114.71955,IMPERIAL,UNINCORPORATED,-114.719785,32.74416896
90268747,2016,9/15/2016,9620,9/11/2016,1755,18703,,7,2,9,1300,0,2,4,,1,75,S-24 (BARD RD),ROSS RD,450,N,N,A,-,N,,,,,,,,,,Y,3,0,1,1,A,-,1,23152,A,N,F,A,A,A,H,-,A,A,0,,,,,Y,Y,D,22,0,1,0,0,0,0,0,0,0,- ,- ,32.7834,-114.55587,IMPERIAL,UNINCORPORATED,-114.5560205,32.7833885
90268970,2016,9/16/2016,9625,9/8/2016,2040,18368,,4,2,9,1300,0,2,4,,2,57,EVAN HEWES HIGHWAY (OLD HWY 80) W/B,MCCONNELL ROAD,35,W,N,A,-,N,,,,,,,,,,Y,3,0,1,1,A,-,8,22107,,N,E,I,A,A,H,-,C,D,0,,,,,Y,,A,1,0,1,0,0,0,0,0,0,0,- ,- ,32.80337,-115.48448,IMPERIAL,UNINCORPORATED,-115.4841126,32.80333932
90269034,2016,9/16/2016,9625,9/4/2016,640,18978,,7,1,4,1304,0,1,1,,2,3,INTERSTATE 8 (E/B),4TH ST,35,W,N,A,-,Y,,,8,,,,,,,Y,4,0,2,1,A,-,8,22107,,N,E,I,A,A,H,-,A,D,0,,,,,Y,,A,1,0,0,2,0,0,0,0,0,0,- ,- ,32.77364,-115.55231,IMPERIAL,EL CENTRO,-115.5523097,32.77369859
90276941,2016,9/27/2016,9620,9/19/2016,112,19035,,1,3,9,1300,0,1,1,,2,81,I-8 E/B,GORDON WELL RD.,2112,E,N,A,-,Y,,,8,,,,,,E,Y,3,0,1,1,A,-,8,22107,,N,E,I,A,A,H,-,D,D,0,,,,,Y,,A,1,0,1,0,0,0,0,0,0,0,- ,- ,32.7088,-114.94848,IMPERIAL,UNINCORPORATED,-114.9484796,32.70852204
90281926,2016,10/3/2016,9625,9/23/2016,850,13781,,5,1,9,1300,0,2,4,,2,46,DOGWOOD ROAD,VILLA ROAD,428,N,N,A,-,N,,,,,,,,,,Y,3,0,1,1,A,-,8,22107,,N,E,I,A,A,H,-,A,D,0,,,,,Y,,A,1,0,1,0,0,0,0,0,0,0,- ,- ,32.80494,-115.53557,IMPERIAL,UNINCORPORATED,-115.5356973,32.80494816
90285518,2016,10/6/2016,9625,9/30/2016,430,13627,,5,3,9,1300,0,1,3,,2,52,STATE ROUTE 98,BONESTEELE ROAD,3168,W,N,A,-,Y,,,98,,,,,,,Y,3,0,1,1,A,-,8,22107,,N,F,A,A,A,H,-,D,D,0,,,,,Y,,D,22,0,1,0,0,0,0,0,0,0,- ,- ,32.69416,-115.32071,IMPERIAL,UNINCORPORATED,-115.3207016,32.69410089
90287099,2016,10/10/2016,9625,10/7/2016,745,13781,,5,1,9,1300,0,3,5,,2,50,WILLOUGHBY ROAD,KLOKE ROAD,512,W,N,A,-,N,,,,,,,,,,Y,3,0,1,1,A,-,8,22107,,N,F,A,A,A,H,-,A,A,0,,,,,Y,,A,7,0,1,0,0,0,0,0,0,0,- ,- ,32.7085,-115.51783,IMPERIAL,UNINCORPORATED,-115.5195751,32.70851
90293499,2016,10/17/2016,9625,9/13/2016,1614,18464,,2,2,9,1300,0,1,3,,2,24,SR-78,OSBORNE PARK ROAD,4224,W,N,A,-,Y,,,78,,,,,,,Y,1,1,1,1,A,-,8,22107,,N,F,A,A,A,B,E,A,D,0,,,,,Y,,A,7,0,1,0,0,0,0,0,0,0,- ,- ,32.98118,-115.1479,IMPERIAL,UNINCORPORATED,-115.1479172,32.98125253
9029357,2020,3/18/2020,1304,1/9/2020,726,352,EAST,4,5,4,1304,0,0,0,,0,EAST,8TH,WENSLEY,18,N,N,A,-,N,,,,,,,,,,N,2,0,1,2,A,-,10,21950,A,N,B,B,C,A,H,-,A,A,0,Y,,,,Y,,D,22,1,0,0,0,1,0,0,0,0,- ,- ,,,IMPERIAL,EL CENTRO,-115.5613098,32.78406906
90296519,2016,10/20/2016,9625,10/11/2016,2352,18207,,2,3,9,1300,0,3,5,,2,40,SR-86 S/B,DOGWOOD ROAD,11,W,N,A,-,Y,,,86,,,,,,S,Y,4,0,1,2,A,-,3,22350,,N,C,C,A,A,H,-,D,A,0,,,,,Y,Y,A,1,0,0,1,0,0,0,0,0,0,- ,- ,32.73057,-115.53457,IMPERIAL,UNINCORPORATED,-115.5345704,32.73065533
90297558,2016,10/20/2016,9625,10/12/2016,340,19667,,3,3,9,1300,0,3,5,,2,20,HOVLEY ROAD,BAUGHMAN ROAD,154,S,N,A,-,N,,,,,,,,,,Y,3,0,1,1,A,-,8,22107,,N,E,I,A,A,H,-,D,D,0,,,,,Y,,A,1,0,1,0,0,0,0,0,0,0,- ,- ,33.02941,-115.5441,IMPERIAL,UNINCORPORATED,-115.54407,33.02948912
90298417,2016,10/21/2016,9625,10/14/2016,1520,18468,,5,2,9,1300,0,1,3,,1,21,STATE ROUTE 111,BAUGHMAN ROAD,607,N,N,A,-,Y,,,111,,,,,,,Y,3,0,1,1,A,-,8,22107,,N,F,A,A,A,H,-,A,D,0,,,,,Y,,A,1,0,1,0,0,0,0,0,0,0,- ,- ,33.03192,-115.52709,IMPERIAL,UNINCORPORATED,-115.5268813,33.03192063
90302635,2016,10/27/2016,9625,10/20/2016,1602,18933,,4,2,9,1300,0,2,4,,2,47,FORRESTER ROAD,EVAN HEWES HIGHWAY,488,N,N,A,-,N,,,,,,,,,,Y,4,0,2,2,A,-,3,22350,,N,C,C,A,A,H,-,A,A,0,,,,,Y,,A,7,0,0,2,0,0,0,0,0,0,- ,- ,32.79799,-115.6208,IMPERIAL,UNINCORPORATED,-115.62079,32.79789388
90309543,2016,11/2/2016,9625,10/21/2016,1956,19582,,5,2,4,1304,0,1,1,,2,5,I-8 E/B,DOGWOOD ROAD,320,E,N,A,-,Y,,,8,,,,,,E,Y,2,0,2,4,A,-,3,22350,,N,E,C,E,A,C,-,C,D,0,Y,,Y,,Y,,D,22,2,0,0,0,1,0,0,0,1,- ,- ,32.77378,-115.53406,IMPERIAL,EL CENTRO,-115.5340597,32.77367772
90311881,2016,11/4/2016,9625,10/25/2016,2100,17727,,2,2,9,1300,0,1,1,,2,1,I-8 E/B,BOULDER CREEK BRIDGE,409,E,N,A,-,Y,,,8,,,,,,E,Y,3,0,2,1,A,-,3,22350,,N,E,I,A,A,H,-,D,A,0,,,,,Y,,A,1,0,1,1,0,0,0,0,0,0,- ,- ,32.6591,-116.09801,IMPERIAL,UNINCORPORATED,-116.0977606,32.65933199
90314567,2016,11/8/2016,9625,10/29/2016,1455,18978,,6,2,9,1300,0,3,5,,2,10,KALIN ROAD,WALKER ROAD,94,N,N,A,-,N,,,,,,,,,,Y,3,0,1,1,A,-,1,23152,A,N,F,A,A,A,H,-,A,A,0,,,,,Y,Y,D,22,0,1,0,0,0,0,0,0,0,- ,- ,33.07383,-115.57854,IMPERIAL,UNINCORPORATED,-115.5796317,33.07515124
90321901,2016,11/17/2016,9625,11/9/2016,1730,19667,,3,2,9,1300,0,3,5,,2,40,KEYSTONE ROAD,AUSTIN ROAD,0,,Y,A,-,N,,,,,,,,,,Y,4,0,1,2,A,-,9,21802,A,N,D,C,A,A,H,-,B,A,0,,,,,Y,,A,1,0,0,1,0,0,0,0,0,0,- ,- ,32.91252,-115.59489,IMPERIAL,UNINCORPORATED,-115.5949101,32.91255008