CASE_ID,ACCIDENT_YEAR,PROC_DATE,JURIS,COLLISION_DATE,COLLISION_TIME,OFFICER_ID,REPORTING_DISTRICT,DAY_OF_WEEK,CHP_SHIFT,POPULATION,CNTY_CITY_LOC,SPECIAL_COND,BEAT_TYPE,CHP_BEAT_TYPE,CITY_DIVISION_LAPD,CHP_BEAT_CLASS,BEAT_NUMBER,PRIMARY_RD,SECONDARY_RD,DISTANCE,DIRECTION,INTERSECTION,WEATHER_1,WEATHER_2,STATE_HWY_IND,CALTRANS_COUNTY,CALTRANS_DISTRICT,STATE_ROUTE,ROUTE_SUFFIX,POSTMILE_PREFIX,POSTMILE,LOCATION_TYPE,RAMP_INTERSECTION,SIDE_OF_HWY,TOW_AWAY,COLLISION_SEVERITY,NUMBER_KILLED,NUMBER_INJURED,PARTY_COUNT,PRIMARY_COLL_FACTOR,PCF_CODE_OF_VIOL,PCF_VIOL_CATEGORY,PCF_VIOLATION,PCF_VIOL_SUBSECTION,HIT_AND_RUN,TYPE_OF_COLLISION,MVIW,PED_ACTION,ROAD_SURFACE,ROAD_COND_1,ROAD_COND_2,LIGHTING,CONTROL_DEVICE,CHP_ROAD_TYPE,PEDESTRIAN_ACCIDENT,BICYCLE_ACCIDENT,MOTORCYCLE_ACCIDENT,TRUCK_ACCIDENT,NOT_PRIVATE_PROPERTY,ALCOHOL_INVOLVED,STWD_VEHTYPE_AT_FAULT,CHP_VEHTYPE_AT_FAULT,COUNT_SEVERE_INJ,COUNT_VISIBLE_INJ,COUNT_COMPLAINT_PAIN,COUNT_PED_KILLED,COUNT_PED_INJURED,COUNT_BICYCLIST_KILLED,COUNT_BICYCLIST_INJURED,COUNT_MC_KILLED,COUNT_MC_INJURED,PRIMARY_RAMP,SECONDARY_RAMP,LATITUDE,LONGITUDE,COUNTY,CITY,POINT_X,POINT_Y
90324803,2016,11/18/2016,9625,11/8/2016,1155,13627,,2,1,9,1300,0,1,3,,2,53,STATE ROUTE 111,ROSS ROAD,0,,Y,A,-,Y,,,111,,,,,,,Y,3,0,1,2,A,-,9,21453,,N,D,C,A,A,H,-,A,A,0,,,,Y,Y,,A,1,0,1,0,0,0,0,0,0,0,- ,- ,32.78148,-115.50165,IMPERIAL,UNINCORPORATED,-115.5015083,32.78148304
90325119,2016,11/18/2016,9620,11/12/2016,758,15941,,6,1,9,1300,0,1,S,,2,1,SR-78 (BEN HULSE HIGHWAY),WALTERS CAMP ROAD,0,,Y,B,-,Y,,,78,,,,,,,Y,2,0,5,2,A,-,9,21801,A,N,D,C,A,A,H,-,A,D,0,,,,,Y,,A,7,1,1,3,0,0,0,0,0,0,- ,- ,33.28353,-114.77631,IMPERIAL,UNINCORPORATED,-114.7763198,33.28355087
90325131,2016,11/18/2016,9625,11/14/2016,17,20704,,1,3,9,1300,0,1,1,,2,4,I-8 (WESTBOUND),DUNAWAY ROAD,13200,W,N,A,-,Y,,,8,,,,,,,Y,4,0,1,1,A,-,8,22107,,N,F,A,A,A,H,-,D,D,0,,,,,Y,,A,1,0,0,1,0,0,0,0,0,0,- ,- ,32.76067,-115.84294,IMPERIAL,UNINCORPORATED,-115.8429287,32.76059676
90326418,2016,11/21/2016,9625,11/13/2016,1350,18933,,7,1,9,1300,0,2,4,,2,47,FORRESTER ROAD,STRANLUND ROAD,96,S,N,A,-,N,,,,,,,,,,Y,3,0,1,1,A,-,8,22107,,N,E,I,A,A,H,-,A,D,0,,,,,Y,,A,7,0,1,0,0,0,0,0,0,0,- ,- ,32.97057,-115.62413,IMPERIAL,UNINCORPORATED,-115.6241407,32.9698776
90326692,2016,11/21/2016,9625,11/20/2016,555,19668,,7,3,9,1300,0,2,4,,2,47,FORRESTER ROAD,THOMPSON ROAD,30,S,N,A,-,N,,,,,,,,,,Y,4,0,1,1,A,-,8,22107,,N,F,A,A,A,H,-,A,D,0,,,,,Y,,A,1,0,0,1,0,0,0,0,0,0,- ,- ,32.87884,-115.62121,IMPERIAL,UNINCORPORATED,-115.6213072,32.87900301
90335900,2016,12/2/2016,9625,11/4/2016,2335,19225,,5,3,9,1300,0,1,3,,2,24,SR-78,GECKO ROAD,5808,E,N,A,-,Y,,,78,,,,,,,Y,1,1,0,3,A,-,5,21650,,N,B,C,A,A,H,-,D,D,0,,,,,Y,,A,1,0,0,0,0,0,0,0,0,0,- ,- ,32.98008,-115.15598,IMPERIAL,UNINCORPORATED,-115.1559762,32.98004068
90337515,2016,12/6/2016,9625,11/21/2016,1755,20263,,1,2,4,1304,0,1,1,,2,5,I-8 E/B,FOURTH STREET,10,E,N,A,-,Y,,,,,,,,,,Y,4,0,3,3,A,-,3,22350,,N,C,C,A,A,D,-,C,D,0,,,,,Y,,A,1,0,0,3,0,0,0,0,0,0,- ,- ,33.46255,-115.33795,IMPERIAL,EL CENTRO,-115.5522877,32.7737
90337585,2016,12/6/2016,9620,11/30/2016,1220,14306,,3,1,9,1300,0,1,3,,1,62,RT 78,BLACK MOUNTAIN RD.,13200,E,N,A,-,Y,,,,,,,,,,Y,4,0,1,1,A,-,8,22107,,N,F,J,A,A,H,-,A,D,0,,,,,Y,,D,22,0,0,1,0,0,0,0,0,0,- ,- ,33.15602,-114.36889,IMPERIAL,UNINCORPORATED,-114.8694044,33.15427432
90340695,2016,12/8/2016,9625,11/30/2016,935,16248,,3,1,9,1300,0,1,3,,1,54,SR-111 S/B,EVAN HEWES HIGHWAY,632,N,N,A,-,Y,,,111,,,,,,S,Y,4,0,1,2,A,-,7,21658,A,N,C,C,A,A,H,-,A,A,0,,,,Y,Y,,A,1,0,0,1,0,0,0,0,0,0,- ,- ,32.80158,-115.50073,IMPERIAL,UNINCORPORATED,-115.5005223,32.80157791
90340789,2016,12/8/2016,9625,12/2/2016,820,13781,,5,1,9,1300,0,1,3,,1,42,SR-98,MOUNT SIGNAL ROAD,25925,W,N,B,-,Y,,,98,,,,,,,Y,3,0,1,1,A,-,8,22107,,N,E,I,A,A,H,-,A,D,0,,,,,Y,,A,1,0,1,0,0,0,0,0,0,0,- ,- ,32.67632,-115.776,IMPERIAL,UNINCORPORATED,-115.7760055,32.67642283
90342055,2016,12/12/2016,9620,11/27/2016,5,18734,,7,3,9,1300,0,3,5,,2,70,COCOPAH RD,MIGUEL RD,420,E,N,A,-,N,,,,,,,,,,Y,4,0,1,1,A,-,1,23152,A,N,F,I,A,A,H,-,D,D,0,,,,,Y,Y,A,1,0,0,1,0,0,0,0,0,0,- ,- ,32.77535,-114.58366,IMPERIAL,UNINCORPORATED,-114.5836365,32.77526864
90342191,2016,12/12/2016,9620,12/5/2016,415,19333,,1,3,9,1300,0,1,3,,1,63,SR-78,THREE SLASHES RD,2112,W,N,A,-,Y,,,78,,,,,,,Y,4,0,2,1,A,-,8,22107,,N,F,A,A,A,H,-,D,D,0,,,,,Y,,A,7,0,0,2,0,0,0,0,0,0,- ,- ,33.29023,-114.75632,IMPERIAL,UNINCORPORATED,-114.7563457,33.29028085
90343010,2016,12/13/2016,9625,12/7/2016,1602,17958,,3,2,9,1300,0,2,4,,2,45,EVAN HEWES HIGHWAY,AUSTIN ROAD,0,,Y,A,-,N,,,,,,,,,,Y,4,0,2,2,A,-,9,21802,A,N,D,C,A,A,H,-,A,A,0,,,,,Y,,D,22,0,0,2,0,0,0,0,0,0,- ,- ,32.79657,-115.59496,IMPERIAL,UNINCORPORATED,-115.59497,32.79657001
9034467,2019,1/28/2020,1304,12/24/2019,530,358,EWEST,2,5,4,1304,0,0,0,,0,WEST,MAIN,3RD,38,W,N,A,-,N,,,,,,,,,,N,3,0,1,2,A,-,3,22350,,N,G,B,D,A,H,-,B,-,0,Y,,,,Y,,-,,0,1,0,0,1,0,0,0,0,- ,- ,,,IMPERIAL,EL CENTRO,-115.5489197,32.79283905
9034754,2019,7/13/2020,1304,12/17/2019,1102,E0145,ELCE,2,5,4,1304,0,0,0,,0,WEST,IMPERIAL,CRUICKSHANK,0,,Y,A,-,Y,IMP,11,86,-,-,8.552,I,5,S,Y,2,0,2,2,A,-,12,21453,A,N,D,C,A,A,H,-,A,A,0,,,,,Y,,A,7,1,1,0,0,0,0,0,0,0,- ,- ,,,IMPERIAL,EL CENTRO,-115.5699234,32.81482697
90348924,2016,12/20/2016,9625,12/10/2016,50,20516,,6,3,9,1300,0,3,5,,2,50,ALAMO ROAD,STATE ROUTE 115,1587,E,N,A,-,N,,,,,,,,,,Y,3,0,1,1,A,-,8,22107,,M,E,I,A,A,H,-,C,D,0,,,,,Y,,A,1,0,1,0,0,0,0,0,0,0,- ,- ,32.81836,-115.40061,IMPERIAL,UNINCORPORATED,-115.4009546,32.81838845
90349147,2016,12/20/2016,9625,12/13/2016,1530,18933,,2,2,9,1300,0,3,5,,2,50,ROSS ROAD,CANNON ROAD,1452,W,N,A,-,N,,,,,,,,,,Y,4,0,1,1,A,-,8,22107,,N,F,A,A,A,H,-,A,D,0,,,,,Y,,D,22,0,0,1,0,0,0,0,0,0,- ,- ,32.78146,-115.51472,IMPERIAL,UNINCORPORATED,-115.5142174,32.78149528
90350015,2016,12/21/2016,9625,12/14/2016,1847,18933,,3,2,9,1300,0,3,5,,2,40,AUSTIN ROAD,WEST MAIN ROAD,0,,Y,A,-,N,,,,,,,,,,Y,4,0,3,2,A,-,9,21802,A,N,D,C,A,A,H,-,D,A,0,,,,,Y,,A,1,0,0,3,0,0,0,0,0,0,- ,- ,32.79281,-115.59495,IMPERIAL,UNINCORPORATED,-115.59501,32.79283001
9035233,2020,9/29/2020,1301,2/11/2020,2243,912,,2,5,3,1301,0,0,0,,0,1,RT 86,WESTERN AV,303,W,N,A,-,Y,IMP,11,86,-,-,20.69,H,-,S,Y,2,0,1,2,A,-,8,22100,B,N,H,G,A,A,H,-,D,A,0,,Y,,,Y,Y,L,4,1,0,0,0,0,0,1,0,0,- ,- ,,,IMPERIAL,BRAWLEY,-115.5426712,32.97865295
90352396,2016,12/27/2016,9625,12/17/2016,250,20704,,6,3,9,1300,0,3,5,,2,40,FERRELL ROAD,SR-98,1056,S,N,A,G,N,,,,,,,,,,Y,4,0,1,1,A,-,8,22107,,N,E,I,A,A,H,-,D,D,0,,,,,Y,,A,7,0,0,1,0,0,0,0,0,0,- ,- ,32.67563,-115.58598,IMPERIAL,UNINCORPORATED,-115.5859206,32.67631661
90353649,2016,12/27/2016,9625,12/20/2016,1025,13781,,2,1,9,1300,0,1,1,,2,3,I-8 EASTBOUND,IMPERIAL HIGHWAY,9557,E,N,A,-,Y,,,8,,,,,,E,Y,4,0,1,1,A,-,8,22107,,N,H,A,A,A,H,-,A,D,0,,,,,Y,,A,7,0,0,1,0,0,0,0,0,0,- ,- ,32.74199,-115.96452,IMPERIAL,UNINCORPORATED,-115.9645038,32.7419454
90353657,2016,12/29/2016,9625,12/13/2016,1635,18933,,2,2,9,1300,0,3,5,,2,50,MCCONNELL ROAD,KEYSTONE ROAD,3305,S,N,A,-,N,,,,,,,,,,Y,2,0,2,2,A,-,6,21751,,N,A,C,A,A,H,-,A,D,0,,,,,Y,,D,22,2,0,0,0,0,0,0,0,0,- ,- ,32.90377,-115.48381,IMPERIAL,UNINCORPORATED,-115.4837823,32.90667829
90356013,2016,12/28/2016,9625,12/23/2016,1033,16248,,5,1,9,1300,0,1,1,,2,3,I-8 W/B,DUNAWAY ROAD,23760,W,N,B,-,Y,,,8,,,,,,W,Y,4,0,1,1,A,-,8,22107,,N,F,A,A,A,H,-,A,D,0,,,,,Y,,A,1,0,0,1,0,0,0,0,0,0,- ,- ,32.75532,-115.87373,IMPERIAL,UNINCORPORATED,-115.8737983,32.75574268
90356472,2016,12/28/2016,9625,12/21/2016,1525,19582,,3,2,9,1300,0,3,5,,2,50,YOURMAN ROAD,HEBER ROAD,135,N,N,C,-,N,,,,,,,,,,N,4,0,2,2,A,-,9,21804,A,N,D,C,A,B,H,-,A,D,0,,,,,Y,,D,22,0,0,2,0,0,0,0,0,0,- ,- ,32.73107,-115.49601,IMPERIAL,UNINCORPORATED,-115.498598,32.7309496
90360390,2016,1/3/2017,9625,12/22/2016,1335,18792,,4,1,9,1300,0,3,5,,2,50,ORCHARD ROAD,I-8 W/B ON RAMP,0,,Y,A,-,Y,,,,,,,,,,Y,4,0,1,2,A,-,8,22107,,N,D,C,A,A,D,H,A,A,0,,,,,Y,,A,7,0,0,1,0,0,0,0,0,0,- ,- ,32.77479,-115.38379,IMPERIAL,UNINCORPORATED,,
90368037,2017,3/1/2017,9625,1/4/2017,515,20516,,3,3,9,1300,0,1,3,,1,11,SR-86 (S/B),HOSKINS ROAD,0,,Y,E,-,Y,,,86,,,,,,,Y,4,0,4,2,A,-,9,21802,A,N,D,C,A,B,H,-,C,A,0,,,,Y,Y,,A,1,0,0,4,0,0,0,0,0,0,- ,- ,33.03685,-115.66457,IMPERIAL,UNINCORPORATED,-115.66457,33.03707444
90370486,2017,1/17/2017,9680,1/6/2017,1215,18279,,5,1,9,1300,0,2,4,,1,54,STATE ROUTE 111 (N/B),SCHARTZ RD,101,N,N,A,-,Y,,,111,,,,,,,Y,3,0,1,1,A,-,8,22107,,N,F,A,A,A,C,-,A,D,0,,,,,Y,,A,7,0,1,0,0,0,0,0,0,0,- ,- ,32.9422,-115.50884,IMPERIAL,UNINCORPORATED,-115.5091076,32.9422079
90375569,2017,4/27/2017,9625,1/12/2017,1145,15990,,4,1,9,1300,0,3,5,,2,10,NILE DRIVE,GRAM DRIVE,0,,Y,A,-,N,,,,,,,,,,N,4,0,1,2,A,-,5,21650,,N,D,G,A,A,H,-,A,D,0,,Y,,,Y,,L,4,0,0,1,0,0,0,1,0,0,- ,- ,33.33234,-115.98916,IMPERIAL,UNINCORPORATED,-115.9891901,33.33222011
90377160,2017,2/28/2017,9620,1/18/2017,1622,17466,,3,2,9,1300,0,2,4,,1,75,S-24 (PICACHO ROAD),WINTERHAVEN DR,300,E,N,A,-,N,,,,,,,,,,N,4,0,1,2,A,-,3,22350,,N,C,C,A,A,H,-,A,D,0,,,,,Y,,A,1,0,0,1,0,0,0,0,0,0,- ,- ,32.73627,-114.62577,IMPERIAL,UNINCORPORATED,-114.6257847,32.73624584
90378453,2017,1/26/2017,9625,1/22/2017,1329,19836,,7,1,9,1300,0,1,3,,1,54,SR-111 (N/B),EVAN HEWES HIGHWAY,65,S,N,A,-,Y,,,111,,,,,,,Y,4,0,2,2,A,-,4,21703,,N,B,C,A,A,H,-,A,A,0,,,,,Y,,A,1,0,0,2,0,0,0,0,0,0,- ,- ,32.79933,-115.50049,IMPERIAL,UNINCORPORATED,-115.5006286,32.79932994
90378874,2017,1/26/2017,9625,1/23/2017,615,13627,,1,1,9,1300,0,3,5,,2,50,NORRISH ROAD,HOLT ROAD,1584,W,N,B,-,N,,,,,,,,,,N,4,0,2,2,C,-,18,,,N,B,C,A,D,H,-,D,D,0,,,,,Y,,-,- ,0,0,2,0,0,0,0,0,0,- ,- ,32.8328,-115.38691,IMPERIAL,UNINCORPORATED,-115.3854058,32.83274059
90380571,2017,3/1/2017,9625,1/23/2017,25,19582,,1,3,9,1300,0,1,1,,2,3,I-8 E/B,IMPERIAL HIGHWAY,15840,E,N,C,-,Y,,,8,,,,,,E,Y,3,0,1,1,A,-,8,22107,,N,F,A,A,B,H,-,D,D,0,,,,,Y,,A,1,0,1,0,0,0,0,0,0,0,- ,- ,32.74559,-115.94041,IMPERIAL,UNINCORPORATED,-115.9404453,32.74584685
90380927,2017,1/30/2017,9625,1/21/2017,2218,20516,,6,3,9,1300,0,3,5,,2,40,HAVENS ROAD,HASKELL ROAD,31,E,N,A,-,N,,,,,,,,,,Y,4,0,1,1,A,-,8,22107,,N,E,I,A,A,H,-,D,D,0,,,,,Y,,A,7,0,0,1,0,0,0,0,0,0,- ,- ,32.81102,-115.69035,IMPERIAL,UNINCORPORATED,-115.6901997,32.81104988
90383444,2017,2/1/2017,9625,1/31/2017,2255,18930,,2,3,9,1300,0,1,3,,2,25,SR-78 W/B,VISTA MINE ROAD,14520,E,N,A,-,Y,,,78,,,,,,W,Y,2,0,1,1,A,-,8,22107,,N,F,I,A,A,H,-,D,B,0,,,,,Y,,A,7,1,0,0,0,0,0,0,0,0,- ,- ,33.04818,-114.95202,IMPERIAL,UNINCORPORATED,-114.9522409,33.04828972
90384003,2017,2/1/2017,9625,1/20/2017,825,15990,,5,1,9,1300,0,1,3,,2,14,SR-78 E/B,BRANDT ROAD,0,,Y,A,-,Y,,,78,,,,,,E,Y,2,0,1,2,A,-,12,22450,A,N,D,C,A,A,H,-,A,A,0,,,,Y,Y,,A,1,1,0,0,0,0,0,0,0,0,- ,- ,33.0003,-115.56145,IMPERIAL,UNINCORPORATED,-115.5614508,33.00000168
90390405,2017,2/10/2017,9625,2/9/2017,1140,13781,,4,1,9,1300,0,3,5,,2,50,BOWKER ROAD,HEBER ROAD,654,N,N,A,-,N,,,,,,,,,,Y,3,0,1,2,A,-,6,21751,,N,E,I,A,A,H,-,A,D,0,,,,Y,Y,,A,1,0,1,0,0,0,0,0,0,0,- ,- ,32.7322,-115.46501,IMPERIAL,UNINCORPORATED,-115.46505,32.73213717
90391759,2017,2/13/2017,9625,2/9/2017,1714,18464,,4,2,9,1300,0,2,4,,2,46,DOGWOOD ROAD,ROBINSON ROAD,314,S,N,A,-,N,,,,,,,,,,Y,4,0,1,1,A,-,8,22107,,N,E,I,A,A,H,-,A,D,0,,,,,Y,,D,22,0,0,1,0,0,0,0,0,0,- ,- ,32.85375,-115.53573,IMPERIAL,UNINCORPORATED,-115.5356146,32.85380186
90395584,2017,2/17/2017,9625,2/14/2017,745,18279,,2,1,4,1304,0,1,1,,2,5,I-8 E/B TO SR-111 N/B,INTERSTATE 8 (E/B),112,S,N,A,-,Y,,,,,,,,,,N,3,0,1,2,A,-,3,22350,,N,C,C,A,A,H,-,A,D,0,,,,,Y,,A,1,0,1,0,0,0,0,0,0,0,- ,- ,32.77329,-115.50102,IMPERIAL,EL CENTRO,-115.57828,32.77385
90397468,2017,2/21/2017,9625,2/19/2017,550,18279,,7,3,9,1300,0,3,5,,2,40,DOGWOOD RD,RALPH RD,3168,N,N,E,-,N,,,,,,,,,,Y,4,0,1,1,A,-,3,22350,,N,F,A,A,B,H,-,D,D,0,,,,,Y,,A,1,0,0,1,0,0,0,0,0,0,- ,- ,32.87793,-115.53558,IMPERIAL,UNINCORPORATED,-115.5355617,32.87780806
90404256,2017,3/2/2017,9625,3/2/2017,115,19225,,4,3,9,1300,0,3,5,,2,50,ALAMO ROAD,SR-115,1056,E,N,A,-,N,,,,,,,,,,Y,4,0,1,1,A,-,8,22107,,N,E,I,A,A,H,-,D,D,0,,,,,Y,,A,1,0,0,1,0,0,0,0,0,0,- ,- ,32.81837,-115.39991,IMPERIAL,UNINCORPORATED,-115.4026729,32.81838565
90407146,2017,3/7/2017,9620,3/1/2017,1215,15941,,3,1,9,1300,0,1,1,,2,81,INTERSTATE 8 (I-8) E/B,SR-98,6336,E,N,A,G,Y,,,8,,,,,,E,Y,3,0,2,1,A,-,8,22107,,N,F,A,A,A,D,-,A,D,0,,,,,Y,,E,22,0,2,0,0,0,0,0,0,0,- ,- ,32.70774,-115.06653,IMPERIAL,UNINCORPORATED,-115.0665298,32.70777302
90407523,2017,3/7/2017,9625,2/27/2017,2120,18468,,1,2,9,1300,0,3,5,,2,50,HOLT ROAD,ROBINSON ROAD,715,N,N,B,-,N,,,,,,,,,,Y,4,0,1,1,A,-,8,22107,,N,F,A,A,B,H,-,D,D,0,,,,Y,Y,,G,25,0,0,1,0,0,0,0,0,0,- ,- ,32.85654,-115.38032,IMPERIAL,UNINCORPORATED,-115.3803147,32.85657347
90407899,2017,3/8/2017,9620,3/4/2017,1044,20555,,6,1,9,1300,0,1,1,,2,81,I-8 W/B DETOUR/EVAN HEWES HIGHWAY,BROCK RESEARCH CENTER,2640,W,N,A,-,Y,,,,,,,,,,Y,2,0,2,1,A,-,8,22107,,N,E,I,A,A,H,-,A,D,0,,,,,Y,,A,1,1,0,1,0,0,0,0,0,0,- ,- ,33.70968,-115.04635,IMPERIAL,UNINCORPORATED,,
90408688,2017,3/8/2017,9625,2/26/2017,1120,18933,,7,1,9,1300,0,1,3,,2,24,SR-78,STATE ROUTE 115,528,W,N,A,-,Y,,,78,,,,,,,Y,4,0,1,1,A,-,8,22107,,N,E,I,A,A,H,-,A,D,0,,,,,Y,,A,7,0,0,1,0,0,0,0,0,0,- ,- ,32.97446,-115.40951,IMPERIAL,UNINCORPORATED,-115.409509,32.97448809
90411123,2017,3/13/2017,9625,3/5/2017,1000,20516,,7,1,9,1300,0,3,5,,2,10,BORREGO SALTON SEA WAY (S-22),LAKE VIEW CT,207,W,N,A,G,N,,,,,,,,,,Y,4,0,3,2,A,-,9,21804,A,N,D,C,A,A,H,-,A,D,0,,,,,Y,,A,7,0,0,3,0,0,0,0,0,0,- ,- ,33.2718,-115.98525,IMPERIAL,UNINCORPORATED,-115.985257,33.27175746
90414041,2017,3/16/2017,9625,3/10/2017,830,13627,,5,1,9,1300,0,1,3,,2,56,STATE ROUTE 115,WORTHINGTON ROAD,101,S,N,A,-,Y,,,115,,,,,,,Y,4,0,2,2,A,-,9,21802,A,F,E,I,A,A,H,-,A,A,0,,,,,Y,,D,22,0,0,2,0,0,0,0,0,0,- ,- ,32.84722,-115.40627,IMPERIAL,UNINCORPORATED,-115.4061806,32.84722
90415767,2017,3/20/2017,9625,3/17/2017,2122,18464,,5,2,9,1300,0,1,3,,1,51,SR-7 (N/B),SR-98,157,S,N,A,-,Y,,,7,,,,,,,Y,4,0,1,2,A,-,3,22350,,N,C,C,A,A,H,-,C,A,0,,,,Y,Y,,A,1,0,0,1,0,0,0,0,0,0,- ,- ,32.69343,-115.37893,IMPERIAL,UNINCORPORATED,-115.3788841,32.69343003
90415845,2017,3/20/2017,9625,3/8/2017,1310,17432,,3,1,2,1306,1,4,S,,2,901,MYRTLE STREET,WALL ROAD,0,,Y,A,-,N,,,,,,,,,,N,4,0,1,2,A,-,9,21800,A,N,D,C,A,A,H,-,A,A,0,,,,,Y,,H,13,0,0,1,0,0,0,0,0,0,- ,- ,32.82194,-115.57222,IMPERIAL,IMPERIAL,-115.57219,32.82193005
90422011,2017,3/28/2017,9625,3/17/2017,1708,18464,,5,2,4,1304,0,1,1,,2,3,INTERSTATE 8 (E/B) ON-RAMP FROM 4TH ST.,4TH STREET,1161,E,N,A,-,Y,,,8,,,,R,,,Y,3,0,2,2,A,-,3,22350,,N,C,C,A,A,C,-,A,D,0,,,,,Y,,D,22,0,1,1,0,0,0,0,0,0,- ,- ,32.77362,-115.54883,IMPERIAL,EL CENTRO,-115.54883,32.77362
90423997,2017,5/17/2017,9625,3/22/2017,1930,18368,,3,2,4,1304,0,1,1,,2,3,I-8 (E/B),DOGWOOD ROAD,2810,W,N,A,-,Y,,,8,,,,,,,Y,1,1,1,2,A,-,3,22350,,N,C,C,A,A,H,-,C,D,0,,,,,Y,,A,7,0,0,1,0,0,0,0,0,0,- ,- ,32.77366,-115.54442,IMPERIAL,EL CENTRO,-115.54442,32.7736748
90426000,2017,4/3/2017,9625,3/23/2017,1328,18279,,4,1,9,1300,0,1,3,,2,52,STATE ROUTE 98,BARBARA WORTH ROAD,0,,Y,A,-,Y,,,98,,,,,,,Y,3,0,5,2,A,-,9,21802,A,N,A,C,A,A,H,-,A,A,0,,,,,Y,,A,1,0,2,3,0,0,0,0,0,0,- ,- ,32.69385,-115.43096,IMPERIAL,UNINCORPORATED,-115.4309598,32.69386659
90426390,2017,4/3/2017,9625,3/15/2017,1025,19582,,3,1,9,1300,0,3,5,,2,20,BRYANT ROAD,MEAD ROAD,18,S,N,A,-,N,,,,,,,,,,Y,4,0,1,1,A,-,12,22450,A,N,E,I,A,A,H,-,A,A,0,,,,,Y,,D,22,0,0,1,0,0,0,0,0,0,- ,- ,32.95515,-115.5271,IMPERIAL,UNINCORPORATED,-115.52632,32.95631
90427220,2017,4/4/2017,9625,4/1/2017,305,19836,,6,3,9,1300,0,1,3,,1,54,SR-111 (N/B),KEYSTONE ROAD,2499,S,N,A,-,Y,,,111,,,,,,,Y,3,0,1,1,A,-,8,22107,,N,F,A,A,A,H,-,D,D,0,,,,,Y,,A,1,0,1,0,0,0,0,0,0,0,- ,- ,32.90582,-115.50886,IMPERIAL,UNINCORPORATED,-115.5091311,32.9058185
90428467,2017,4/5/2017,9625,4/1/2017,1233,19668,,6,1,9,1300,0,3,5,,2,50,ORCHARD ROAD,NIMURA ROAD,470,S,N,A,-,N,,,,,,,,,,N,4,0,2,2,A,-,3,22350,,N,C,C,A,A,H,-,A,D,0,,,,,Y,,A,1,0,0,2,0,0,0,0,0,0,- ,- ,32.78968,-115.38371,IMPERIAL,UNINCORPORATED,-115.383736,32.78959583
9042950,2020,3/4/2020,1304,1/30/2020,1726,341,ELCE,4,5,4,1304,0,0,0,,0,WEST,8TH,8TH 2300,0,,Y,A,-,N,,,,,,,,,,N,4,0,1,2,A,-,4,21703,,N,-,C,A,A,H,-,D,D,0,,,,,Y,,A,7,0,0,1,0,0,0,0,0,0,- ,- ,32.77099991,-115.560997,IMPERIAL,EL CENTRO,,
90431817,2017,4/11/2017,9625,4/4/2017,2047,18279,,2,2,9,1300,0,1,3,,2,43,STATE ROUTE 86,W. HARRIS RD,470,S,N,A,-,Y,,,86,,,,,,,N,3,0,1,2,A,-,8,22107,,N,B,G,A,A,H,-,D,D,0,,Y,,,Y,Y,L,4,0,1,0,0,0,0,1,0,0,- ,- ,32.88222,-115.57006,IMPERIAL,UNINCORPORATED,-115.5702297,32.88222025
90431904,2017,4/11/2017,9625,4/4/2017,1718,18464,,2,2,9,1300,0,1,3,,1,21,SR-111,JACOBSON ROAD,1056,N,N,A,-,Y,,,111,,,,,,,Y,3,0,1,1,A,-,8,22107,,N,F,A,A,A,H,-,A,D,0,,,,,Y,,A,7,0,1,0,0,0,0,0,0,0,- ,- ,33.07904,-115.52546,IMPERIAL,UNINCORPORATED,-115.5255195,33.07907177
90431939,2017,4/11/2017,9625,4/4/2017,953,16248,,2,1,9,1300,0,1,3,,1,42,SR-98 E/B,MPM 98 IMP 6.00,549,E,N,A,-,Y,,,98,,,,,,E,Y,3,0,1,1,A,-,8,22107,,N,F,A,A,A,H,-,A,D,0,,,,Y,Y,,G,26,0,1,0,0,0,0,0,0,0,- ,- ,32.70355,-115.9329,IMPERIAL,UNINCORPORATED,-115.9329535,32.70352471
90432010,2017,4/11/2017,9625,4/10/2017,1300,19668,,1,1,9,1300,0,2,4,,2,46,DOGWOOD ROAD,WILLOUGHBY ROAD,25,N,N,A,-,N,,,,,,,,,,N,4,0,1,2,A,-,3,22350,,N,C,C,A,A,H,-,A,A,0,,,,,Y,,A,1,0,0,1,0,0,0,0,0,0,- ,- ,32.78693,-115.53408,IMPERIAL,UNINCORPORATED,-115.5340826,32.70851829
90436861,2017,4/18/2017,9625,4/6/2017,933,16248,,4,1,9,1300,0,3,5,,2,50,ROSS ROAD,BARBARA WORTH ROAD,0,,Y,A,-,N,,,,,,,,,,Y,2,0,2,2,A,-,9,21802,A,N,D,C,A,A,H,-,A,A,0,,,,,Y,,A,1,1,1,0,0,0,0,0,0,0,- ,- ,32.78115,-115.43094,IMPERIAL,UNINCORPORATED,-115.4307601,32.78115003