CASE_ID,ACCIDENT_YEAR,PROC_DATE,JURIS,COLLISION_DATE,COLLISION_TIME,OFFICER_ID,REPORTING_DISTRICT,DAY_OF_WEEK,CHP_SHIFT,POPULATION,CNTY_CITY_LOC,SPECIAL_COND,BEAT_TYPE,CHP_BEAT_TYPE,CITY_DIVISION_LAPD,CHP_BEAT_CLASS,BEAT_NUMBER,PRIMARY_RD,SECONDARY_RD,DISTANCE,DIRECTION,INTERSECTION,WEATHER_1,WEATHER_2,STATE_HWY_IND,CALTRANS_COUNTY,CALTRANS_DISTRICT,STATE_ROUTE,ROUTE_SUFFIX,POSTMILE_PREFIX,POSTMILE,LOCATION_TYPE,RAMP_INTERSECTION,SIDE_OF_HWY,TOW_AWAY,COLLISION_SEVERITY,NUMBER_KILLED,NUMBER_INJURED,PARTY_COUNT,PRIMARY_COLL_FACTOR,PCF_CODE_OF_VIOL,PCF_VIOL_CATEGORY,PCF_VIOLATION,PCF_VIOL_SUBSECTION,HIT_AND_RUN,TYPE_OF_COLLISION,MVIW,PED_ACTION,ROAD_SURFACE,ROAD_COND_1,ROAD_COND_2,LIGHTING,CONTROL_DEVICE,CHP_ROAD_TYPE,PEDESTRIAN_ACCIDENT,BICYCLE_ACCIDENT,MOTORCYCLE_ACCIDENT,TRUCK_ACCIDENT,NOT_PRIVATE_PROPERTY,ALCOHOL_INVOLVED,STWD_VEHTYPE_AT_FAULT,CHP_VEHTYPE_AT_FAULT,COUNT_SEVERE_INJ,COUNT_VISIBLE_INJ,COUNT_COMPLAINT_PAIN,COUNT_PED_KILLED,COUNT_PED_INJURED,COUNT_BICYCLIST_KILLED,COUNT_BICYCLIST_INJURED,COUNT_MC_KILLED,COUNT_MC_INJURED,PRIMARY_RAMP,SECONDARY_RAMP,LATITUDE,LONGITUDE,COUNTY,CITY,POINT_X,POINT_Y
9043740,2019,2/26/2020,1304,12/20/2019,134,344,EAST,5,5,4,1304,0,0,0,,0,EASR,4TH,DESERT GARDEN,5,E,N,A,-,N,,,,,,,,,,N,2,0,1,2,A,-,11,21954,A,F,G,B,D,A,H,-,C,D,0,Y,,,,Y,Y,N,60,1,0,0,0,1,0,0,0,0,- ,- ,,,IMPERIAL,EL CENTRO,-115.5523987,32.78096008
90437510,2017,4/19/2017,9625,4/7/2017,1900,18468,,5,2,9,1300,0,3,5,,2,40,NICHOLS ROAD,EVAN HEWES HIGHWAY,950,N,N,A,-,N,,,,,,,,,,N,3,0,2,1,A,-,3,22350,,N,E,J,A,A,H,-,A,D,0,,,,,Y,,A,42,0,2,0,0,0,0,0,0,0,- ,- ,32.79928,-115.60348,IMPERIAL,UNINCORPORATED,-115.6122171,32.81344646
90437619,2017,4/19/2017,9625,4/8/2017,1650,18468,,6,2,9,1300,0,1,3,,1,12,STATE ROUTE 86 (S/B),NORM NIVER ROAD,278,S,N,A,-,Y,,,86,,,,,,,Y,4,0,2,2,A,-,3,22350,,N,C,C,A,A,H,-,A,D,0,,,,,Y,,A,1,0,0,2,0,0,0,0,0,0,- ,- ,33.35659,-116.01857,IMPERIAL,UNINCORPORATED,-116.0185869,33.35658481
90437823,2017,4/19/2017,9625,4/11/2017,1345,18617,,2,1,9,1300,0,1,3,,1,54,STATE ROUTE 111 NORTHBOUND,EVAN HEWES HIGHWAY,358,S,N,A,-,Y,,,111,,,,,,N,N,4,0,2,3,A,-,3,22350,,N,C,C,A,A,H,-,A,A,0,,,,,Y,,D,22,0,0,2,0,0,0,0,0,0,- ,- ,32.79858,-115.50047,IMPERIAL,UNINCORPORATED,-115.5006283,32.79857994
90437975,2017,4/19/2017,9625,4/17/2017,550,13627,,1,3,9,1300,0,2,4,,2,46,DOGWOOD ROAD (S/B),HARRIS ROAD,1027,S,N,A,-,N,,,,,,,,,,Y,4,0,1,1,A,-,8,22107,,N,E,I,A,A,H,-,A,D,0,,,,,Y,,A,1,0,0,1,0,0,0,0,0,0,- ,- ,32.88088,-115.53565,IMPERIAL,UNINCORPORATED,-115.535532,32.88084337
90441736,2017,4/25/2017,9625,4/15/2017,835,17727,,6,1,9,1300,0,2,4,,2,57,EVAN HEWES HIGHWAY,MELOLAND ROAD,710,E,N,A,-,N,,,,,,,,,,N,3,0,1,2,A,-,8,22107,,N,B,G,A,A,H,-,A,D,0,,Y,,,Y,,A,1,0,1,0,0,0,0,1,0,0,- ,- ,32.8034,-115.4456,IMPERIAL,UNINCORPORATED,-115.4456927,32.80332507
90441851,2017,4/25/2017,9625,4/18/2017,1627,18464,,2,2,9,1300,0,1,3,,2,52,SR-98,MENVIELLE ROAD,46,E,N,A,-,Y,,,98,,,,,,,Y,3,0,4,2,A,-,3,22350,,N,C,C,A,A,H,-,A,A,0,,,,Y,Y,,G,26,0,1,3,0,0,0,0,0,0,- ,- ,32.69379,-115.38696,IMPERIAL,UNINCORPORATED,-115.38696,32.69377285
90445674,2017,5/1/2017,9620,4/20/2017,1930,17466,,4,2,9,1300,0,1,3,,1,63,SR-78,MIDWAY WELL RD,5280,E,N,A,-,Y,,,78,,,,,,,Y,3,0,1,1,A,-,1,23152,G,N,E,I,A,A,H,-,B,D,0,,,,,Y,Y,A,7,0,1,0,0,0,0,0,0,0,- ,- ,33.23166,-114.845,IMPERIAL,UNINCORPORATED,-114.8450281,33.2316924
90446371,2017,5/1/2017,9625,4/21/2017,1628,18933,,5,2,9,1300,0,1,3,,1,12,SR-86 (S/B),SR-78,0,,Y,A,-,Y,,,86,,,,,,,Y,3,0,1,2,A,-,9,21802,A,N,D,C,A,A,H,-,A,A,0,,,,,Y,,A,1,0,1,0,0,0,0,0,0,0,- ,- ,33.12574,-115.85556,IMPERIAL,UNINCORPORATED,-115.8554335,33.12577892
90449955,2017,5/5/2017,9625,4/28/2017,1700,18464,,5,2,9,1300,0,3,5,,2,50,HEBER AVENUE,CORRELL ROAD,0,,Y,A,-,N,,,,,,,,,,Y,4,0,2,2,A,-,9,21802,A,N,A,C,A,A,H,-,A,D,0,,,,,Y,,A,1,0,0,2,0,0,0,0,0,0,- ,- ,32.73787,-115.53013,IMPERIAL,UNINCORPORATED,-115.5301101,32.73788002
90451500,2017,5/8/2017,9625,5/3/2017,1855,18617,,3,2,9,1300,0,1,3,,1,44,STATE ROUTE 86 NORTHBOUND,KEYSTONE ROAD,44,S,N,A,-,Y,,,86,,,,,,N,Y,4,0,2,2,A,-,3,22350,,N,C,C,A,A,H,-,A,A,0,,,,,Y,,D,22,0,0,2,0,0,0,0,0,0,- ,- ,32.91244,-115.56999,IMPERIAL,UNINCORPORATED,-115.57006,32.9124402
90452741,2017,5/10/2017,9625,5/2/2017,1355,18368,,2,1,9,1300,0,1,1,,2,4,I-8 (W/B),DUNAWAY ROAD,2677,W,N,A,-,Y,,,8,,,,,,,Y,4,0,1,1,A,-,17,21711,,N,F,A,A,A,A,-,A,D,0,,,,,Y,,B,7,0,0,1,0,0,0,0,0,0,- ,- ,32.76708,-115.81059,IMPERIAL,UNINCORPORATED,-115.8105862,32.76706158
90453678,2017,5/11/2017,9625,5/4/2017,640,17727,,4,1,4,1304,0,1,1,,2,4,I-8 (W/B),FOURTH STREET,1498,W,N,A,-,Y,,,8,,,,,,,Y,2,0,1,1,A,-,8,22107,,N,F,A,A,A,H,-,A,D,0,,,,,Y,,D,22,1,0,0,0,0,0,0,0,0,- ,- ,32.774,-115.55791,IMPERIAL,EL CENTRO,-115.5579101,32.77398474
90454226,2017,5/11/2017,9625,5/8/2017,631,13627,,1,1,9,1300,0,1,3,,2,58,SR-86 (EAST MAIN STREET),CLIFFORD AVENUE,360,W,N,B,-,Y,,,86,,,,,,,N,4,0,1,2,A,-,9,21801,A,N,D,C,A,A,H,-,A,D,0,,,Y,,Y,,D,22,0,0,1,0,0,0,0,0,1,- ,- ,32.73079,-115.52131,IMPERIAL,UNINCORPORATED,-115.5213095,32.73073565
90458048,2017,5/17/2017,9625,5/7/2017,2251,20111,,7,3,9,1300,0,3,5,,2,50,OLD HIGHWAY 111,EVAN HEWES HWY,21,S,N,A,-,N,,,,,,,,,,Y,4,0,1,1,A,-,3,22350,,N,F,A,A,A,H,-,C,A,0,,,,Y,Y,,F,27,0,0,1,0,0,0,0,0,0,- ,- ,32.79939,-115.50163,IMPERIAL,UNINCORPORATED,-115.50163,32.79943261
90459192,2017,5/19/2017,9625,5/10/2017,1545,18464,,3,2,9,1300,0,3,5,,2,50,HEBER AVENUE,SR-86,169,N,N,A,-,Y,,,,,,,,,,N,3,0,1,2,A,-,5,21202,A,N,D,G,A,A,H,-,A,D,0,,Y,,,Y,,L,4,0,1,0,0,0,0,1,0,0,- ,- ,32.73019,-115.53015,IMPERIAL,UNINCORPORATED,,
90459301,2017,5/19/2017,9625,5/11/2017,5,20263,,4,3,9,1300,0,1,3,,2,53,SR-111 (S/B),SR-86,0,,Y,A,-,Y,,,111,,,,,,,Y,4,0,2,2,A,-,12,21453,A,N,D,C,A,A,H,-,C,A,0,,,,,Y,,A,8,0,0,2,0,0,0,0,0,0,- ,- ,32.73064,-115.50054,IMPERIAL,UNINCORPORATED,-115.5004069,32.730642
90459815,2017,5/19/2017,9625,5/11/2017,208,19582,,4,3,9,1300,0,3,5,,2,40,KEYSTONE ROAD,DOGWOOD ROAD,4607,W,N,A,-,N,,,,,,,,,,Y,4,0,2,1,A,-,8,22107,,N,E,I,A,A,H,-,C,A,0,,,,,Y,,A,1,0,0,2,0,0,0,0,0,0,- ,- ,32.91261,-115.55153,IMPERIAL,UNINCORPORATED,-115.5504463,32.91268629
90460294,2017,7/18/2017,9625,5/15/2017,230,20111,,1,3,9,1300,0,1,3,,1,11,SR 86 S/B,RT 78,0,,Y,A,G,Y,,,86,,,,,,S,Y,4,0,2,2,A,-,12,22450,A,N,B,C,A,A,H,-,C,A,0,,,,,Y,,A,7,0,0,2,0,0,0,0,0,0,- ,- ,33.12576,-115.85541,IMPERIAL,UNINCORPORATED,-115.8554262,33.12575503
90460346,2017,5/22/2017,9625,5/13/2017,1250,17727,,6,1,9,1300,0,1,1,,2,1,I-8 E/B,MOUNTAIN SPRINGS ROAD,7498,E,N,A,G,Y,,,8,,,,,,E,Y,2,0,1,1,A,-,8,22107,,N,F,A,A,A,H,-,A,D,0,,,Y,,Y,,C,2,1,0,0,0,0,0,0,0,1,- ,- ,32.67364,-116.0764,IMPERIAL,UNINCORPORATED,-116.0764378,32.67374475
90461976,2017,5/23/2017,9625,5/13/2017,2025,18368,,6,2,9,1300,0,1,1,,2,3,I-8 (E/B),DUNAWAY RD,20486,W,N,A,-,Y,,,8,,,,,,,Y,4,0,1,1,A,-,8,22107,,N,E,I,A,A,H,-,D,D,0,,,,,Y,,A,1,0,0,1,0,0,0,0,0,0,- ,- ,32.7566,-115.86568,IMPERIAL,UNINCORPORATED,-115.8656894,32.75665969
90462984,2017,5/24/2017,9625,5/14/2017,1425,18930,,7,2,9,1300,0,1,3,,1,12,"SR-86, N/B",BRAWLEY AVENUE,906,S,N,A,G,Y,,,86,,,,,,N,Y,3,0,1,1,A,-,1,23152,A,N,E,I,A,A,H,-,A,D,0,,,,,Y,Y,A,1,0,1,0,0,0,0,0,0,0,- ,- ,33.3727,-116.02471,IMPERIAL,UNINCORPORATED,-116.024645,33.37273961
90463896,2017,5/25/2017,9620,5/23/2017,1245,17051,,2,1,9,1300,0,1,3,,1,63,SR78 (BEN HULSE HWY),S34 (OGILBY RD),528,E,N,A,-,Y,,,78,,,,,,,Y,4,0,1,1,A,-,8,22107,,N,E,I,A,A,H,-,A,D,0,,,,,Y,,A,8,0,0,1,0,0,0,0,0,0,- ,- ,33.09217,-114.90274,IMPERIAL,UNINCORPORATED,-114.9028565,33.09225619
90468498,2017,5/31/2017,9625,5/22/2017,1345,17809,,1,1,9,1300,0,2,4,,2,47,FORRESTER ROAD,ATEN ROAD,1056,S,N,A,-,N,,,,,,,,,,Y,2,0,1,2,A,-,6,21751,,N,A,C,A,A,H,-,A,D,0,,,,Y,Y,,A,1,1,0,0,0,0,0,0,0,0,- ,- ,32.8228,-115.6207,IMPERIAL,UNINCORPORATED,-115.6206725,32.81533359
90469448,2017,6/1/2017,9625,5/26/2017,1430,18468,,5,2,9,1300,0,1,3,,2,25,STATE ROUTE 78,TED KIPF ROAD,19272,E,N,A,-,Y,,,78,,,,,,,Y,4,0,2,2,A,-,3,22350,,N,C,C,A,A,H,-,A,D,0,,,,,Y,,D,22,0,0,2,0,0,0,0,0,0,- ,- ,33.01504,-115.01036,IMPERIAL,UNINCORPORATED,-115.01036,33.01505496
90470857,2017,6/5/2017,9625,5/25/2017,530,13781,,4,3,9,1300,0,2,4,,2,47,FORRESTER ROAD,STRANDLUND ROAD,258,S,N,A,-,N,,,,,,,,,,Y,3,0,1,2,A,-,5,21650,,N,B,C,A,A,H,-,B,D,0,,,,,Y,,A,1,0,1,0,0,0,0,0,0,0,- ,- ,32.96934,-115.62406,IMPERIAL,UNINCORPORATED,-115.6241459,32.96933826
90472219,2017,6/6/2017,9625,5/31/2017,1111,13627,,3,1,9,1300,0,3,5,,2,50,ATEN ROAD,COOLEY ROAD,1204,E,N,B,-,N,,,,,,,,,,Y,3,0,1,2,A,-,3,22350,,N,C,C,A,A,H,-,A,D,0,,,,,Y,,A,1,0,1,0,0,0,0,0,0,0,- ,- ,32.82547,-115.51457,IMPERIAL,UNINCORPORATED,-115.514643,32.82553001
90473575,2017,6/8/2017,9625,6/4/2017,147,20704,,7,3,9,1300,0,1,1,,2,5,I-8 E/B,DOGWOOD ROAD,6002,E,N,A,-,Y,,,8,,,,,,E,Y,4,0,3,2,A,-,3,22350,,N,C,C,A,A,H,-,D,A,0,,,,,Y,,D,22,0,0,3,0,0,0,0,0,0,- ,- ,32.7737,-115.5154,IMPERIAL,UNINCORPORATED,-115.5153999,32.77373015
90476085,2017,6/12/2017,9625,6/5/2017,1155,19886,,1,1,9,1300,0,1,3,,1,11,SR-86 N/B,BRAWLEY AVENUE,2376,N,N,A,-,Y,,,86,,,,,,N,Y,4,0,2,1,A,-,8,22107,,N,E,I,A,A,H,-,A,D,0,,,,,Y,,A,1,0,0,2,0,0,0,0,0,0,- ,- ,33.38136,-116.03164,IMPERIAL,UNINCORPORATED,-116.0315387,33.38146933
90476215,2017,6/12/2017,9625,3/18/2017,520,18933,,6,3,9,1300,0,1,3,,1,54,STATE ROUTE 111 N/B,KEYSTONE ROAD,4752,N,N,A,-,Y,,,111,,,,,,N,Y,1,1,2,2,A,-,1,23152,A,F,C,C,A,A,H,-,D,D,0,,,,,Y,Y,A,1,1,0,1,0,0,0,0,0,0,- ,- ,32.9262,-115.50906,IMPERIAL,UNINCORPORATED,-115.5091131,32.92620016
90476607,2017,6/16/2017,9625,6/8/2017,430,19668,,4,3,9,1300,0,1,1,,2,3,I-8 EASTBOUND,WESTSIDE ROAD,4224,E,N,A,-,Y,,,8,,,,,,E,N,3,0,1,1,A,-,8,22107,,N,E,I,A,A,H,-,D,D,0,,,,,Y,,A,1,0,1,0,0,0,0,0,0,0,- ,- ,32.77385,-115.72116,IMPERIAL,UNINCORPORATED,-115.72116,32.77388018
90478205,2017,6/14/2017,9625,6/9/2017,1930,20263,,5,2,9,1300,0,1,3,,1,12,SR-86 S/B,NAVY BASE ROAD,6124,S,N,A,-,Y,,,86,,,,,,S,Y,3,0,1,1,A,-,8,22107,,N,F,A,A,A,H,-,A,D,0,,,,,Y,,A,1,0,1,0,0,0,0,0,0,0,- ,- ,33.16401,-115.87184,IMPERIAL,UNINCORPORATED,-115.8720845,33.16384699
90483501,2017,6/22/2017,9625,6/12/2017,715,19886,,1,1,9,1300,0,1,3,,2,23,S.R. 115,SILLIMAN ROAD,0,,Y,A,-,Y,,,,,,,,,,Y,2,0,3,2,A,-,8,22107,,N,D,C,A,A,H,-,A,D,0,,,,,Y,,A,1,1,0,2,0,0,0,0,0,0,- ,- ,32.98193,-115.44873,IMPERIAL,UNINCORPORATED,,
90483898,2017,6/22/2017,9625,6/15/2017,848,13627,,4,1,9,1300,0,1,1,,2,6,INTERSTATE 8 (W/B),DOGWOOD ROAD,1400,E,N,A,-,Y,,,,,,,,,,Y,2,0,1,1,A,-,8,22107,,N,E,I,A,A,H,-,A,D,0,,,,,Y,,A,7,1,0,0,0,0,0,0,0,0,- ,- ,32.77402,-115.53054,IMPERIAL,UNINCORPORATED,-115.5306811,32.77392198
90489721,2017,6/28/2017,9625,2/4/2017,315,20111,,6,3,9,1300,0,1,3,,2,53,"SR-111, S/B",MCCABE ROAD,1584,N,N,A,-,Y,,,111,,,,,,S,Y,1,1,2,2,A,-,1,23152,A,N,F,A,A,A,H,-,D,D,0,,,,,Y,Y,A,1,0,1,1,0,0,0,0,0,0,- ,- ,32.75713,-115.50068,IMPERIAL,UNINCORPORATED,-115.5008213,32.75712849
90502788,2017,7/18/2017,9625,7/13/2017,1135,15701,,4,1,9,1300,0,1,1,,2,1,MENVIELLE RD.,SR-98,521,S,N,A,-,N,,,,,,,,,,N,4,0,1,2,A,-,3,22350,,N,C,C,A,A,H,-,A,D,0,,,,,Y,,A,1,0,0,1,0,0,0,0,0,0,- ,- ,32.6929,-115.38717,IMPERIAL,UNINCORPORATED,-115.3871942,32.69232646
90503500,2017,7/20/2017,9625,7/8/2017,1930,17809,,6,2,9,1300,0,3,5,,2,10,BAUGHMAN ROAD,MARTIN ROAD,50,E,N,A,-,N,,,,,,,,,,Y,3,0,1,2,A,-,8,22107,,N,B,C,A,A,H,-,B,D,0,,,,Y,Y,,D,22,0,1,0,0,0,0,0,0,0,- ,- ,33.03008,-115.63028,IMPERIAL,UNINCORPORATED,-115.6299978,33.03008962
90506649,2017,7/24/2017,9625,7/15/2017,1500,19667,,6,2,9,1300,0,1,3,,1,51,SR-7 (S/B),MENVIELLE RD,67,S,N,A,-,Y,,,7,,,,,,,Y,3,0,1,2,A,-,7,21658,A,N,B,C,A,A,H,-,A,A,0,,,Y,,Y,,C,2,0,1,0,0,0,0,0,0,1,- ,- ,32.68263,-115.38944,IMPERIAL,UNINCORPORATED,-115.3894727,32.68268148
90512916,2017,7/31/2017,9625,5/20/2017,1545,18792,,6,2,9,1300,0,3,5,,2,40,IMLER ROAD,HUFF ROAD,179,E,N,A,-,N,,,,,,,,,,Y,1,1,0,1,A,-,1,23152,A,N,F,A,A,A,H,-,A,A,0,,,,,Y,Y,D,23,0,0,0,0,0,0,0,0,0,- ,- ,32.90959,-115.71462,IMPERIAL,UNINCORPORATED,-115.71533,32.90891
90514043,2017,8/1/2017,9625,7/20/2017,1135,17727,,4,1,9,1300,0,1,1,,2,1,SR-115,HERD ROAD,317,S,N,A,-,Y,,,115,,,,,,,Y,3,0,1,1,A,-,8,22107,,N,F,J,A,A,H,-,A,D,0,,,,,Y,,A,1,0,1,0,0,0,0,0,0,0,- ,- ,33.0364,-115.4488,IMPERIAL,UNINCORPORATED,-115.4488652,33.03639974
90515100,2017,8/2/2017,9625,7/28/2017,1138,16248,,5,1,9,1300,0,1,3,,2,53,SR-111 S/B,JASPER ROAD,60,N,N,A,-,Y,,,111,,,,,,S,N,4,0,2,2,A,-,3,22350,,N,C,C,A,A,H,-,A,A,0,,,,,Y,,A,1,0,0,2,0,0,0,0,0,0,- ,- ,32.70941,-115.49947,IMPERIAL,UNINCORPORATED,-115.4994276,32.70941038
90516956,2017,8/4/2017,9625,8/1/2017,1340,18792,,2,1,9,1300,0,1,1,,2,3,I-8 E/B,DERRICK ROAD,3163,E,N,A,-,Y,,,8,,,,,,E,Y,4,0,1,1,C,-,18,,,N,F,A,A,A,H,-,A,D,0,,,,,Y,,-,- ,0,0,1,0,0,0,0,0,0,- ,- ,32.77386,-115.70075,IMPERIAL,UNINCORPORATED,-115.70075,32.77385377
90517112,2017,8/7/2017,9620,6/4/2017,30,20555,,7,3,9,1300,0,1,3,,1,63,SR-78 E/B,WALTERS CAMP RD,8448,W,N,A,-,Y,,,,,,,,,,Y,1,1,1,1,A,-,3,22350,,N,F,H,A,A,H,-,D,D,0,,,,,Y,,A,1,1,0,0,0,0,0,0,0,0,- ,- ,32.72496,-114.72257,IMPERIAL,UNINCORPORATED,-114.7973353,33.26902946
90519210,2017,8/8/2017,9625,8/2/2017,1343,18933,,3,1,9,1300,0,3,5,,2,50,SR-7 SOUTHBOUND,HEBER ROAD,6811,S,N,A,-,Y,,,7,,,,,,S,Y,3,0,1,1,A,-,8,22107,,N,F,I,A,A,H,-,A,D,0,,,,,Y,,A,7,0,1,0,0,0,0,0,0,0,- ,- ,32.71218,-115.38303,IMPERIAL,UNINCORPORATED,-115.3830017,32.71217893
90523661,2017,8/15/2017,9625,8/3/2017,1940,18933,,4,2,9,1300,0,1,1,,2,3,I-8 E/B,SILSBEE ROAD,4488,W,N,A,-,Y,,,8,,,,,,E,Y,4,0,1,2,A,-,8,22107,,N,C,C,A,A,H,-,B,D,0,,,,,Y,,A,1,0,0,1,0,0,0,0,0,0,- ,- ,32.77387,-115.66128,IMPERIAL,UNINCORPORATED,-115.66128,32.77380107
90524814,2017,8/18/2017,9625,8/9/2017,2045,20704,,3,2,9,1300,0,3,5,,2,40,WIEMAN ROAD,CADY ROAD,0,,Y,A,-,N,,,,,,,,,,Y,4,0,2,1,A,-,3,22350,,N,E,I,A,A,H,-,D,A,0,,,,,Y,,A,1,0,0,2,0,0,0,0,0,0,- ,- ,32.97729,-115.65857,IMPERIAL,UNINCORPORATED,-115.6586701,32.97741001
90524836,2017,8/16/2017,9625,8/5/2017,1755,18933,,6,2,9,1300,0,3,5,,2,40,IN-KO-PAH PARK ROAD,I-8 E/B TO IN-KO-PAH PARK RD,2900,E,N,A,-,N,,,,,,,,,,Y,4,0,1,1,A,-,3,22350,,N,F,A,A,A,H,-,A,D,0,,,Y,,Y,,C,2,0,0,1,0,0,0,0,0,1,- ,- ,32.65348,-116.10102,IMPERIAL,UNINCORPORATED,-116.10102,32.65348
90524849,2017,8/16/2017,9625,8/4/2017,1738,18792,,5,2,9,1300,0,1,3,,1,21,SR-111 N/B,RUTHERFORD ROAD,458,S,N,A,-,Y,,,111,,,,,,N,Y,3,0,2,1,A,-,1,23152,A,N,F,A,A,A,H,-,A,A,0,,,,,Y,Y,A,1,0,2,0,0,0,0,0,0,0,- ,- ,33.04305,-115.52735,IMPERIAL,UNINCORPORATED,-115.5272867,33.04306407
90528019,2017,8/22/2017,9625,8/11/2017,900,17727,,5,1,9,1300,0,1,1,,2,1,SR-78,VISTA MINE ROAD,23232,E,N,A,-,Y,,,78,,,,,,,Y,3,0,1,1,A,-,8,22107,,N,F,I,A,A,H,-,A,D,0,,,,,Y,,-,31,0,1,0,0,0,0,0,0,0,- ,- ,33.0763,-114.9452,IMPERIAL,UNINCORPORATED,-114.9451602,33.07623714
90535561,2017,8/28/2017,9625,8/23/2017,1020,18279,,3,1,9,1300,0,3,5,,2,20,MCCONNELL ROAD,STATE ROUTE 78,5808,S,N,A,-,N,,,,,,,,,,Y,2,0,1,1,A,-,8,22107,,N,E,I,A,A,H,-,A,D,0,,,,,Y,,A,7,1,0,0,0,0,0,0,0,0,- ,- ,32.9714,-115.4844,IMPERIAL,UNINCORPORATED,-115.4833516,32.9628859
90538637,2017,9/1/2017,9625,8/25/2017,550,18617,,5,3,9,1300,0,3,5,,2,50,KEYSTONE ROAD,STATE ROUTE 86,528,E,N,A,-,N,,,,,,,,,,Y,4,0,1,2,A,-,1,23152,A,N,C,C,A,A,H,-,B,D,0,,,,,Y,Y,A,1,0,0,1,0,0,0,0,0,0,- ,- ,32.91264,-115.56779,IMPERIAL,UNINCORPORATED,-115.5684496,32.9126
90542684,2017,9/7/2017,9625,8/25/2017,2050,20704,,5,2,9,1300,0,1,3,,1,12,SR-86 (N/B),TREADWELL BLVD,0,,Y,A,-,Y,,,86,,,,,,,Y,4,0,3,3,A,-,1,23152,A,N,D,D,A,A,H,-,D,A,0,,,,,Y,Y,A,1,0,0,3,0,0,0,0,0,0,- ,- ,33.32738,-115.99968,IMPERIAL,UNINCORPORATED,-115.9998179,33.32727787
90544592,2017,9/11/2017,9625,9/9/2017,410,19225,,6,3,9,1300,0,3,5,,2,40,EVAN HEWES HIGHWAY,BERTUSSI ROAD,470,E,N,A,-,N,,,,,,,,,,Y,4,0,1,2,A,-,1,23152,A,N,A,C,A,A,H,-,D,D,0,,,,,Y,Y,D,22,0,0,1,0,0,0,0,0,0,- ,- ,32.79654,-115.58884,IMPERIAL,UNINCORPORATED,-115.5888791,32.79656725
90549741,2017,9/18/2017,9625,9/13/2017,740,13627,,3,1,9,1300,0,3,5,,2,40,MCCABE ROAD,FARNSWORTH LANE,30,E,N,A,-,N,,,,,,,,,,Y,4,0,1,2,A,-,3,22350,,N,C,C,A,A,H,-,A,D,0,,,,,Y,,A,1,0,0,1,0,0,0,0,0,0,- ,- ,32.75237,-115.54315,IMPERIAL,UNINCORPORATED,-115.543183,32.75235023
90553018,2017,9/21/2017,9625,9/15/2017,2140,19225,,5,2,9,1300,0,1,3,,1,11,SR-86 (SOUTHBOUND),BLACK DIAMOND RD,0,,Y,A,-,Y,,,86,,,,,,,Y,4,0,2,2,A,-,9,21802,A,N,D,C,A,A,H,-,C,A,0,,,,,Y,,A,7,0,0,2,0,0,0,0,0,0,- ,- ,33.35739,-116.01877,IMPERIAL,UNINCORPORATED,-116.0188289,33.35737191
90553745,2017,9/22/2017,9625,9/10/2017,130,18930,,7,3,9,1300,0,2,4,,2,45,EVAN HEWES HIGHWAY (W/B),NICHOLS ROAD,50,E,N,A,-,N,,,,,,,,,,Y,4,0,1,1,A,-,1,23152,A,N,E,I,A,A,H,-,C,D,0,,,,,Y,Y,A,1,0,0,1,0,0,0,0,0,0,- ,- ,32.79767,-115.6037,IMPERIAL,UNINCORPORATED,-115.6120183,32.81084538
90556637,2017,9/27/2017,9620,9/15/2017,1910,18734,,5,2,9,1300,0,2,4,,1,72,WINTERHAVEN DR,I-8 W/B TO WINTERHAVEN DR N/B,0,,Y,A,-,Y,,,,,,,,,,Y,3,0,5,2,A,-,12,22450,A,F,D,C,A,A,D,H,C,A,0,,,,,Y,,D,22,0,3,2,0,0,0,0,0,0,- ,- ,32.73238,-114.62455,IMPERIAL,UNINCORPORATED,,
90557884,2017,9/28/2017,9625,9/21/2017,1550,19667,,4,2,9,1300,0,1,3,,1,12,SR-86 (NORTHBOUND),AIR PARK DRIVE,20698,S,N,G,-,Y,,,86,,,,,,,Y,4,0,1,1,A,-,8,22107,,N,F,I,A,A,H,-,A,D,0,,,,,Y,,A,1,0,0,1,0,0,0,0,0,0,- ,- ,33.20274,-115.91128,IMPERIAL,UNINCORPORATED,-115.9113931,33.20269027
90562367,2017,10/3/2017,9625,9/24/2017,1830,18933,,7,2,9,1300,0,2,4,,2,46,DOGWOOD ROAD,CRUICKSHANK ROAD,0,,Y,A,-,N,,,,,,,,,,Y,4,0,1,2,A,-,9,21802,A,N,D,C,A,A,H,-,A,A,0,,,,,Y,,A,7,0,0,1,0,0,0,0,0,0,- ,- ,32.81103,-115.53571,IMPERIAL,UNINCORPORATED,-115.53569,32.81110005
90568842,2017,10/12/2017,9625,10/3/2017,640,13627,,2,1,9,1300,0,1,3,,2,52,STATE ROUTE 98,INTERSTATE 8,17952,W,N,A,-,Y,,,98,,,,,,,Y,2,0,3,2,A,-,5,21650,,N,A,C,A,A,H,-,B,D,0,,,,,Y,,A,1,3,0,0,0,0,0,0,0,0,- ,- ,32.71037,-115.14814,IMPERIAL,UNINCORPORATED,-115.1481414,32.71031576