CASE_ID,ACCIDENT_YEAR,PROC_DATE,JURIS,COLLISION_DATE,COLLISION_TIME,OFFICER_ID,REPORTING_DISTRICT,DAY_OF_WEEK,CHP_SHIFT,POPULATION,CNTY_CITY_LOC,SPECIAL_COND,BEAT_TYPE,CHP_BEAT_TYPE,CITY_DIVISION_LAPD,CHP_BEAT_CLASS,BEAT_NUMBER,PRIMARY_RD,SECONDARY_RD,DISTANCE,DIRECTION,INTERSECTION,WEATHER_1,WEATHER_2,STATE_HWY_IND,CALTRANS_COUNTY,CALTRANS_DISTRICT,STATE_ROUTE,ROUTE_SUFFIX,POSTMILE_PREFIX,POSTMILE,LOCATION_TYPE,RAMP_INTERSECTION,SIDE_OF_HWY,TOW_AWAY,COLLISION_SEVERITY,NUMBER_KILLED,NUMBER_INJURED,PARTY_COUNT,PRIMARY_COLL_FACTOR,PCF_CODE_OF_VIOL,PCF_VIOL_CATEGORY,PCF_VIOLATION,PCF_VIOL_SUBSECTION,HIT_AND_RUN,TYPE_OF_COLLISION,MVIW,PED_ACTION,ROAD_SURFACE,ROAD_COND_1,ROAD_COND_2,LIGHTING,CONTROL_DEVICE,CHP_ROAD_TYPE,PEDESTRIAN_ACCIDENT,BICYCLE_ACCIDENT,MOTORCYCLE_ACCIDENT,TRUCK_ACCIDENT,NOT_PRIVATE_PROPERTY,ALCOHOL_INVOLVED,STWD_VEHTYPE_AT_FAULT,CHP_VEHTYPE_AT_FAULT,COUNT_SEVERE_INJ,COUNT_VISIBLE_INJ,COUNT_COMPLAINT_PAIN,COUNT_PED_KILLED,COUNT_PED_INJURED,COUNT_BICYCLIST_KILLED,COUNT_BICYCLIST_INJURED,COUNT_MC_KILLED,COUNT_MC_INJURED,PRIMARY_RAMP,SECONDARY_RAMP,LATITUDE,LONGITUDE,COUNTY,CITY,POINT_X,POINT_Y
90569081,2017,10/12/2017,9625,10/6/2017,1150,18279,,5,1,9,1300,0,1,1,,2,1,INTERSTATE 8 E/B,OLD HIGHWAY 80,3168,E,N,A,-,Y,,,8,,,,,,E,Y,4,0,2,1,A,-,8,22107,,N,F,A,A,A,H,-,A,D,0,,,,,Y,,D,22,0,0,2,0,0,0,0,0,0,- ,- ,32.64827,-116.10338,IMPERIAL,UNINCORPORATED,-116.1034381,32.64831135
90571214,2017,10/16/2017,9620,10/14/2017,1810,18468,,6,2,9,1300,0,1,1,,2,82,INTERSTATE 8 (E/B),SIDEWINDER RD,1895,E,N,A,-,Y,,,8,,,,,,,Y,3,0,1,1,A,-,3,22350,,N,E,J,A,A,D,-,A,D,0,,,Y,,Y,,C,2,0,1,0,0,0,0,0,0,1,- ,- ,32.74673,-114.74839,IMPERIAL,UNINCORPORATED,-114.7483905,32.74678122
9057341,2020,9/25/2020,1301,3/6/2020,1712,A9,BRAWL,5,5,3,1301,0,0,0,,0,,MAIN ST,WESTERN,0,,Y,A,-,Y,IMP,11,86,-,-,20.068,I,5,N,Y,4,0,2,2,A,-,12,21453,A,F,D,C,A,A,H,-,A,A,0,,,,,Y,,D,22,0,0,2,0,0,0,0,0,0,- ,- ,,,IMPERIAL,BRAWLEY,-115.5437164,32.97127914
90574097,2017,10/19/2017,9625,10/14/2017,125,19225,,6,3,9,1300,0,1,3,,2,52,SR-98,HOLDRIDGE ROAD,14784,E,N,A,-,Y,,,98,,,,,,,Y,4,0,1,1,A,-,8,22107,,N,F,A,A,A,H,-,D,D,0,,,,Y,Y,,G,25,0,0,1,0,0,0,0,0,0,- ,- ,32.71249,-115.23008,IMPERIAL,UNINCORPORATED,-115.2300801,32.71248802
90576004,2017,10/23/2017,9625,10/13/2017,1648,18933,,5,2,9,1300,0,1,3,,1,54,S/B SR-111,EVAN HEWES HIGHWAY,500,N,N,A,-,Y,,,111,,,,,,,N,4,0,1,3,A,-,3,22350,,N,C,C,A,A,H,-,A,A,0,,,,,Y,,A,1,0,0,1,0,0,0,0,0,0,- ,- ,32.8006,-115.5007,IMPERIAL,UNINCORPORATED,-115.5005446,32.80059544
90579611,2017,10/26/2017,9625,10/19/2017,1540,17727,,4,2,9,1300,0,3,5,,2,50,OLD HIGHWAY 111,KEYSTONE ROAD,0,,Y,A,-,N,,,,,,,,,,Y,4,0,2,2,A,-,12,22450,A,N,D,C,A,A,H,-,A,A,0,,,,,Y,,A,1,0,0,2,0,0,0,0,0,0,- ,- ,32.9126,-115.5102,IMPERIAL,UNINCORPORATED,-115.5102001,32.91266001
90584604,2017,11/1/2017,9625,10/22/2017,2200,20516,,7,3,9,1300,0,1,1,,2,3,E/B INTERSTATE 8,DUNAWAY ROAD,2640,E,N,A,-,Y,,,8,,,,,,,Y,3,0,1,1,A,-,1,23152,F,N,E,I,A,A,H,-,D,D,0,,,,,Y,,A,1,0,1,0,0,0,0,0,0,0,- ,- ,32.77308,-115.7799,IMPERIAL,UNINCORPORATED,-115.7799051,32.77313241
90584784,2017,11/1/2017,9625,10/20/2017,1650,19667,,5,2,9,1300,0,1,3,,2,56,SR-115 N/B,ROBINSON ROAD,544,N,N,G,-,Y,,,115,,,,,,N,Y,3,0,1,2,A,-,17,23114,A,N,H,C,A,A,H,-,A,D,0,,,,Y,Y,,G,25,0,1,0,0,0,0,0,0,0,- ,- ,32.85509,-115.40613,IMPERIAL,UNINCORPORATED,-115.4061893,32.85508928
90590414,2017,11/8/2017,9625,11/1/2017,925,15990,,3,1,9,1300,0,3,5,,2,10,HOSKINS ROAD,ANDRE ROAD,40,N,N,A,-,N,,,,,,,,,,Y,4,0,1,2,A,-,3,22350,,N,C,C,A,A,H,-,A,D,0,,,,Y,Y,,A,1,0,0,1,0,0,0,0,0,0,- ,- ,33.01573,-115.66454,IMPERIAL,UNINCORPORATED,-115.6645702,33.01576934
90592970,2017,11/13/2017,9625,11/6/2017,1545,20516,,1,2,9,1300,0,1,3,,1,54,N/B SR-111,ROSS ROAD,0,,Y,A,-,Y,,,111,,,,,,,Y,3,0,1,2,A,-,8,22100,A,N,B,C,A,A,H,-,A,A,0,,,,,Y,,A,1,0,1,0,0,0,0,0,0,0,- ,- ,32.78234,-115.5015,IMPERIAL,UNINCORPORATED,-115.5015267,32.78233943
90595003,2017,11/15/2017,9625,11/8/2017,450,17727,,3,3,9,1300,0,2,4,,2,46,DOGWOOD ROAD,WILLOUGHBY ROAD,1056,N,N,A,-,N,,,,,,,,,,N,4,0,1,2,A,-,11,21954,A,N,G,B,E,A,H,-,D,D,0,Y,,,,Y,,N,60,0,0,1,0,1,0,0,0,0,- ,- ,32.7113,-115.5341,IMPERIAL,UNINCORPORATED,-115.5341345,32.71133558
90595143,2017,11/15/2017,9625,11/13/2017,1440,18464,,1,2,9,1300,0,1,3,,2,53,SR-111 (S/B),HEBER ROAD,970,N,N,A,-,Y,,,111,,,,,,,N,4,0,2,3,A,-,3,22350,,N,C,C,A,A,H,-,A,D,0,,,,,Y,,A,7,0,0,2,0,0,0,0,0,0,- ,- ,32.73342,-115.50056,IMPERIAL,UNINCORPORATED,-115.5004669,32.73342202
90602380,2017,11/27/2017,9625,11/16/2017,850,18617,,4,1,9,1300,0,3,5,,2,40,AUSTIN ROAD,ATEN ROAD,4224,S,N,A,-,N,,,,,,,,,,Y,3,0,1,1,A,-,8,22107,,N,F,A,A,A,H,-,A,D,0,,,,,Y,,A,7,0,1,0,0,0,0,0,0,0,- ,- ,32.8136,-115.5949,IMPERIAL,UNINCORPORATED,-115.59498,32.81396513
90603251,2017,11/27/2017,9625,11/18/2017,2125,19035,,6,2,9,1300,0,1,3,,1,22,STATE ROUTE 111,DAVIS ROAD,461,N,N,A,-,Y,,,111,,,,,,,Y,3,0,1,1,A,-,8,22107,,N,E,I,A,A,H,-,D,D,0,,,,,Y,,A,7,0,1,0,0,0,0,0,0,0,- ,- ,33.2862,-115.5798,IMPERIAL,UNINCORPORATED,-115.5797753,33.28622007
90603322,2017,11/28/2017,9620,11/26/2017,1825,18468,,7,2,9,1300,0,2,4,,1,61,OGILBY ROAD,INTERSTATE 8 (E/B),5265,N,N,A,-,N,,,,,,,,,,Y,2,0,4,4,A,-,3,22350,,N,C,E,E,A,H,-,D,D,0,Y,,,,Y,,A,7,1,3,0,0,2,0,0,0,0,- ,- ,32.77608,-114.83095,IMPERIAL,UNINCORPORATED,-114.8369221,32.775011
90605898,2017,12/21/2017,9625,11/21/2017,1625,18464,,2,2,9,1300,0,2,4,,2,57,EVAN HEWES HIGHWAY,MELOLAND ROAD,0,,Y,A,-,N,,,,,,,,,,Y,4,0,2,2,A,-,9,21802,A,N,D,C,A,A,H,-,A,D,0,,,,,Y,,D,22,0,0,2,0,0,0,0,0,0,- ,- ,32.80317,-115.44795,IMPERIAL,UNINCORPORATED,-115.4479901,32.80333004
90607960,2017,12/1/2017,9625,11/24/2017,1745,20516,,5,2,9,1300,0,3,5,,2,50,KAVANAUGH ROAD,MILLER ROAD,0,,Y,A,-,N,,,,,,,,,,Y,3,0,1,1,A,-,8,22107,,N,F,A,A,A,H,-,D,D,0,,,,,Y,,A,1,0,1,0,0,0,0,0,0,0,- ,- ,32.80987,-115.30202,IMPERIAL,UNINCORPORATED,-115.3029201,32.81047006
90609314,2017,12/4/2017,9625,11/27/2017,1325,15701,,1,1,9,1300,0,3,5,,2,10,SOUTH MARINA DRIVE,RIVERIA CIRCLE,0,,Y,A,-,N,,,,,,,,,,Y,3,0,1,2,A,-,9,21802,A,N,D,C,A,A,H,-,A,A,0,,,,,Y,,A,1,0,1,0,0,0,0,0,0,0,- ,- ,33.172,-115.5742,IMPERIAL,UNINCORPORATED,-115.9615901,33.28346004
90611301,2017,12/6/2017,9625,11/26/2017,140,17727,,7,3,9,1300,0,3,5,,2,50,GRAND AVENUE,CRANE COURT,0,,Y,A,-,N,,,,,,,,,,Y,3,0,1,1,A,-,1,23152,A,F,E,I,A,A,H,-,C,D,0,,,,,Y,Y,A,1,0,1,0,0,0,0,0,0,0,- ,- ,32.7315,-115.5311,IMPERIAL,UNINCORPORATED,-115.5311301,32.73155001
90616893,2017,12/13/2017,9625,12/6/2017,1933,19668,,3,2,9,1300,0,1,3,,1,54,SR-111 NORTHBOUND,KEYSTONE ROAD,5438,S,N,A,-,Y,,,111,,,,,,N,Y,4,0,1,1,A,-,8,22107,,N,E,I,A,A,H,-,D,D,0,,,,,Y,,A,8,0,0,1,0,0,0,0,0,0,- ,- ,32.89746,-115.50895,IMPERIAL,UNINCORPORATED,-115.5091441,32.89745964
90617592,2017,12/14/2017,9625,12/11/2017,717,13627,,1,1,9,1300,0,3,5,,2,40,ROSS ROAD,FORRESTER ROAD,0,,Y,B,-,N,,,,,,,,,,N,4,0,1,2,A,-,9,21802,A,N,D,C,A,A,H,-,A,A,0,,,,,Y,,D,22,0,0,1,0,0,0,0,0,0,- ,- ,32.78145,-115.62069,IMPERIAL,UNINCORPORATED,-115.62064,32.78142011
90620591,2017,12/19/2017,9625,12/8/2017,1920,18792,,5,2,9,1300,0,1,3,,2,52,SR-98,DAVID NAVARRO AVE.,2112,W,N,A,-,Y,,,98,,,,,,,Y,3,0,1,3,A,-,3,22350,,N,C,C,A,A,H,-,C,D,0,,,,,Y,,D,22,0,1,0,0,0,0,0,0,0,- ,- ,32.67924,-115.5255,IMPERIAL,UNINCORPORATED,-115.5255,32.67924244
90621389,2017,12/20/2017,9625,12/15/2017,1430,19035,,5,2,9,1300,0,3,5,,2,40,EVAN HEWES HIGHWAY,DUNAWAY ROAD,35376,W,N,A,-,N,,,,,,,,,,Y,4,0,2,1,A,-,8,22107,,N,E,I,A,A,H,-,A,D,0,,,,,Y,,A,7,0,0,2,0,0,0,0,0,0,- ,- ,32.7654,-115.9263,IMPERIAL,UNINCORPORATED,-115.909598,32.77423171
90628055,2017,12/27/2017,9625,12/25/2017,2018,19035,,1,2,9,1300,0,2,4,,2,57,EVAN HEWES HIGHWAY,COUNTRY CLUB DRIVE,120,W,N,A,-,N,,,,,,,,,,Y,4,0,1,1,A,-,8,22107,,N,F,A,A,A,H,-,D,D,0,,,,,Y,,A,1,0,0,1,0,0,0,0,0,0,- ,- ,32.8045,-115.4223,IMPERIAL,UNINCORPORATED,-115.4223568,32.80440174
90630048,2017,12/29/2017,9625,12/22/2017,1105,20263,,5,1,9,1300,0,1,3,,2,53,SR-111 SOUTHBOUND,SR-86,80,N,N,A,-,Y,,,111,,,,,,S,N,4,0,2,2,A,-,3,22350,,N,C,C,A,A,H,-,A,D,0,,,,,Y,,A,1,0,0,2,0,0,0,0,0,0,- ,- ,32.73098,-115.50005,IMPERIAL,UNINCORPORATED,-115.5004138,32.73097211
90630650,2017,1/2/2018,9620,12/26/2017,2030,16222,,2,2,9,1300,0,1,1,,2,82,INTERSTATE 8,SEMINOLE ROAD,1584,W,N,A,-,Y,,,8,,,,,,,Y,4,0,1,2,A,-,7,21658,A,N,C,C,A,A,H,-,D,D,0,,,,,Y,,A,1,0,0,1,0,0,0,0,0,0,- ,- ,32.74436,-114.70834,IMPERIAL,UNINCORPORATED,-114.7083103,32.74429133
90632037,2017,1/3/2018,9625,12/26/2017,330,20111,,2,3,9,1300,0,2,4,,2,57,E/B EVAN HEWES HWY,MCCONNELL ROAD,635,W,N,A,-,N,,,,,,,,,,Y,3,0,1,1,A,-,8,22107,,N,F,A,A,A,H,-,D,D,0,,,,,Y,,A,1,0,1,0,0,0,0,0,0,0,- ,- ,32.80279,-115.48598,IMPERIAL,UNINCORPORATED,-115.4860497,32.80288607
90632201,2017,1/3/2018,9620,12/28/2017,1541,20738,,4,2,9,1300,0,1,1,,2,81,I-8 E/B,GORDONS WELL,10032,E,N,A,-,Y,,,8,,,,,,E,Y,4,0,1,1,A,-,8,22107,,N,F,I,A,A,H,-,A,D,0,,,,,Y,,A,1,0,0,1,0,0,0,0,0,0,- ,- ,32.71195,-114.925,IMPERIAL,UNINCORPORATED,-114.9250243,32.71200978
90632945,2017,1/4/2018,9625,12/24/2017,1715,19667,,7,2,9,1300,0,3,5,,2,40,AUSTIN ROAD,ATEN ROAD,0,,Y,A,-,N,,,,,,,,,,Y,3,0,1,2,A,-,9,21802,B,N,D,C,A,A,H,-,C,A,0,,,,,Y,,D,22,0,1,0,0,0,0,0,0,0,- ,- ,32.82552,-115.59469,IMPERIAL,UNINCORPORATED,-115.5949801,32.82551005
90635067,2017,1/8/2018,9625,12/31/2017,251,18464,,7,3,9,1300,0,1,1,,2,6,I-8 W/B,ANDERHOLT ROAD,385,W,N,A,-,Y,,,8,,,,,,W,Y,3,0,1,1,A,-,1,23152,A,N,E,J,A,A,H,-,D,A,0,,,,,Y,Y,D,22,0,1,0,0,0,0,0,0,0,- ,- ,32.77364,-115.4147,IMPERIAL,UNINCORPORATED,-115.4147001,32.7735387
90635448,2017,1/8/2018,9620,12/28/2017,2130,16222,,4,2,9,1300,0,1,3,,1,63,STATE ROUTE 78,STALLARD ROAD,2112,W,N,A,-,Y,,,78,,,,,,,Y,4,0,1,2,A,-,8,22107,,N,C,C,A,A,H,-,D,D,0,,,,Y,Y,,G,25,0,0,1,0,0,0,0,0,0,- ,- ,33.3528,-114.72242,IMPERIAL,UNINCORPORATED,-114.7224733,33.35278945
90637602,2018,1/10/2018,9625,1/6/2018,855,13781,,6,1,9,1300,0,1,1,,2,3,I-8 EASTBOUND OFF-RAMP,4TH STREET,13,W,N,A,-,Y,,,,,,,,,,N,3,0,1,2,A,-,10,21950,A,N,G,B,B,A,H,-,A,A,0,Y,,,,Y,,A,1,0,1,0,0,1,0,0,0,0,- ,- ,32.77310944,-115.5523987,IMPERIAL,UNINCORPORATED,,
90650193,2018,1/29/2018,9625,1/16/2018,755,15990,,2,1,9,1300,0,1,3,,1,11,SR-86 S/B,LACK ROAD,0,,Y,A,-,Y,,,86,,,,,,S,Y,2,0,3,2,A,-,9,21803,A,N,D,C,A,A,H,-,A,D,0,,,,Y,Y,,G,25,1,2,0,0,0,0,0,0,0,- ,- ,33.03699875,-115.6474075,IMPERIAL,UNINCORPORATED,-115.6474075,33.03708649
90651630,2018,1/30/2018,9625,1/26/2018,2305,19667,,5,3,9,1300,0,1,1,,2,2,W/B INTERSTATE 8,MOUNTAIN SPRINGS ROAD,2996,E,N,A,-,Y,,,8,,,,,,,Y,3,0,2,2,A,-,3,22350,,N,C,C,A,A,H,-,D,D,0,,,,,Y,,A,1,0,1,1,0,0,0,0,0,0,- ,- ,32.6836319,-116.0912933,IMPERIAL,UNINCORPORATED,-116.091301,32.6836319
90652028,2018,1/31/2018,9625,1/21/2018,1035,17727,,7,1,9,1300,0,1,3,,1,11,SR-86 (N/B),SR-78,636,S,N,A,-,Y,,,86,,,,,,,Y,3,0,2,3,A,-,3,22350,,N,C,C,A,A,H,-,A,D,0,,,Y,,Y,,D,22,0,2,0,0,0,0,0,0,2,- ,- ,33.12480164,-115.854599,IMPERIAL,UNINCORPORATED,-115.8546753,33.12475967
90652303,2018,1/31/2018,9625,1/29/2018,406,19668,,1,3,9,1300,0,1,1,,2,2,I-8 WESTBOUND,IMPERIAL HIGHWAY,23,E,N,A,-,Y,,,8,,,,,,W,Y,4,0,1,2,A,-,3,22350,,N,C,C,A,A,H,-,D,D,0,,,,,Y,,A,1,0,0,1,0,0,0,0,0,0,- ,- ,32.73450089,-115.9942017,IMPERIAL,UNINCORPORATED,-115.994194,32.73446274
90653291,2018,2/1/2018,9625,1/25/2018,725,22010,,4,1,9,1300,0,1,1,,2,1,INTERSTATE 8 EASTBOUND,SR-98,4752,W,N,A,-,Y,,,8,,,,,,E,Y,4,0,1,1,A,-,8,22107,,N,E,I,A,A,H,-,A,D,0,,,,,Y,,A,1,0,0,1,0,0,0,0,0,0,- ,- ,32.72434998,-116.0381317,IMPERIAL,UNINCORPORATED,-116.0381088,32.72431183
90653699,2018,2/2/2018,9625,1/27/2018,1706,18020,,6,2,9,1300,0,1,3,,1,22,SR-111 (NORTHBOUND),A STREET,17,S,N,A,-,Y,,,111,,,,,,,Y,3,0,1,1,A,-,3,22350,,N,F,A,A,A,H,-,B,D,0,,,Y,,Y,,C,2,0,1,0,0,0,0,0,0,1,- ,- ,33.35770035,-115.7338715,IMPERIAL,UNINCORPORATED,-115.7338638,33.35768509
90659759,2018,2/12/2018,9625,2/5/2018,41,20263,,1,3,9,1300,0,1,3,,1,54,SR-111 S/B,KEYSTONE ROAD,5280,S,N,A,-,Y,,,111,,,,,,S,Y,4,0,1,1,A,-,1,23152,A,N,E,I,A,A,H,-,D,D,0,,,,Y,Y,Y,G,27,0,0,1,0,0,0,0,0,0,- ,- ,32.89888,-115.5093079,IMPERIAL,UNINCORPORATED,-115.5091476,32.89888
90660707,2018,2/13/2018,9625,2/4/2018,930,17727,,7,1,9,1300,0,3,5,,2,40,HUFF ROAD,PAYNE ROAD,100,S,N,A,-,N,,,,,,,,,,Y,3,0,1,1,A,-,8,22107,,N,F,A,A,A,H,-,A,D,0,,,,,Y,,A,1,0,1,0,0,0,0,0,0,0,- ,- ,32.86085129,-115.7184296,IMPERIAL,UNINCORPORATED,-115.7185974,32.86133575
9066687,2020,6/9/2020,1301,1/30/2020,226,904,BRAWL,4,5,3,1301,0,0,0,,0,0B4,DOGWOOD RD,MEAD RD,344,S,N,A,-,N,,,,,,,,,,Y,4,0,1,1,A,-,1,23152,B,N,H,J,A,A,H,-,D,D,0,,,,,Y,Y,-,,0,0,1,0,0,0,0,0,0,- ,- ,,,IMPERIAL,BRAWLEY,-115.5354843,32.95541763
90668645,2018,2/23/2018,9625,2/16/2018,1608,19668,,5,2,9,1300,0,1,3,,2,58,SR-86,HEBER ST,32,E,N,A,-,Y,,,86,,,,,,,N,3,0,1,2,A,-,3,22350,,N,C,C,A,A,H,-,A,A,0,,,,,Y,,A,1,0,1,0,0,0,0,0,0,0,- ,- ,32.73072815,-115.5298386,IMPERIAL,UNINCORPORATED,-115.5298386,32.73068237
90668666,2018,2/23/2018,9625,2/17/2018,1638,18464,,6,2,9,1300,0,2,4,,2,57,EVAN HEWES HIGHWAY,MCCONNELL ROAD,252,E,N,A,-,Y,,,,,,,,,,Y,3,0,1,1,A,-,8,22107,,N,F,A,A,A,H,-,A,D,0,,,,,Y,,A,1,0,1,0,0,0,0,0,0,0,- ,- ,32.93893051,-115.9205017,IMPERIAL,UNINCORPORATED,-115.4831848,32.80337143
90668668,2018,2/23/2018,9625,2/9/2018,1242,22010,,5,1,9,1300,0,1,1,,2,4,I-8 WEST BOUND TO DREW ROAD NORTH BOUND,INTERSTATE 8 WEST BOUND,196,N,N,A,-,Y,,,8,,,,R,,,N,4,0,2,2,A,-,3,22350,,N,C,C,A,A,H,-,A,A,0,,,,,Y,,A,7,0,0,2,0,0,0,0,0,0,- ,- ,32.77470016,-115.690239,IMPERIAL,UNINCORPORATED,-115.690239,32.77470016
90670060,2018,2/26/2018,9625,2/18/2018,1150,18279,,7,1,9,1300,0,3,5,,2,20,GENTRY ROAD,SINCLAIR ROAD,115,S,N,A,-,N,,,,,,,,,,Y,4,0,1,1,A,-,3,22350,,N,F,A,A,A,H,-,A,A,0,,,,Y,Y,,F,24,0,0,1,0,0,0,0,0,0,- ,- ,33.17662048,-115.6143799,IMPERIAL,UNINCORPORATED,-115.6144333,33.17630386
90675940,2018,3/6/2018,9625,2/26/2018,1740,18464,,1,2,9,1300,0,1,3,,2,52,SR-98 EASTBOUND,BONDS CORNER ROAD,4368,E,N,A,-,Y,,,98,,,,,,E,Y,3,0,1,1,A,-,8,22107,,N,F,A,A,A,D,-,A,D,0,,,,,Y,,D,22,0,1,0,0,0,0,0,0,0,- ,- ,32.69374847,-115.3223038,IMPERIAL,UNINCORPORATED,-115.3223114,32.69389343
90676353,2018,3/6/2018,9625,2/27/2018,855,16248,,2,1,9,1300,0,3,5,,2,40,MCCABE ROAD,SR-86,35,W,N,B,-,N,,,,,,,,,,N,4,0,1,2,A,-,3,22350,,N,C,C,A,A,H,-,A,A,0,,,,,Y,,D,22,0,0,1,0,0,0,0,0,0,- ,- ,32.75236893,-115.5519867,IMPERIAL,UNINCORPORATED,-115.5519409,32.75236893
90677897,2018,3/8/2018,9625,2/26/2018,745,17055,,1,1,9,1300,0,3,5,,2,40,CLARK ROAD,HEBER ROAD,0,,Y,A,-,N,,,,,,,,,,Y,3,0,1,2,A,-,9,21802,A,N,D,C,A,A,H,-,A,A,0,,,,,Y,,A,1,0,1,0,0,0,0,0,0,0,- ,- ,32.73064041,-115.5602264,IMPERIAL,UNINCORPORATED,-115.560318,32.73064041
90678199,2018,3/8/2018,9625,3/7/2018,1705,18279,,3,2,9,1300,0,1,3,,2,53,SR-111 S/B,MCCABE RD,15,N,N,A,-,Y,,,111,,,,,,S,Y,3,0,1,2,A,-,3,22350,,N,C,C,A,A,H,-,A,A,0,,,,,Y,,D,22,0,1,0,0,0,0,0,0,0,- ,- ,32.75251007,-115.5008316,IMPERIAL,UNINCORPORATED,-115.5007629,32.75251007
90683285,2018,3/16/2018,9620,3/11/2018,0,19360,,7,3,9,1300,0,2,4,,1,75,S-24 (MEHRING RD),YORK RD,2112,E,N,A,-,N,,,,,,,,,,Y,3,0,1,1,A,-,8,22107,,N,E,I,A,A,H,-,D,D,0,,,,,Y,Y,A,1,0,1,0,0,0,0,0,0,0,- ,- ,32.81880188,-114.5422668,IMPERIAL,UNINCORPORATED,-114.5422668,32.81874847
90684655,2018,3/19/2018,9625,3/10/2018,710,13627,,6,1,9,1300,0,1,3,,1,22,STATE ROUTE 111 SOUTHBOUND,AVENUE A,4013,N,N,B,C,Y,,,111,,,,,,S,Y,2,0,1,1,A,-,8,22107,,N,F,A,A,B,H,-,A,D,0,,,,,Y,,A,7,1,0,0,0,0,0,0,0,0,- ,- ,33.35654068,-115.7466431,IMPERIAL,UNINCORPORATED,-115.7466583,33.3564415
90687203,2018,3/21/2018,9625,3/10/2018,926,18978,,6,1,9,1300,0,2,S,,2,809,ORCHARD RD,INTERSTATE 8,845,N,N,A,B,N,,,,,,,,,,Y,3,0,1,1,A,-,8,22107,,N,E,J,A,A,H,-,A,D,0,,,,,Y,,D,22,0,1,0,0,0,0,0,0,0,- ,- ,32.77719116,-115.3839111,IMPERIAL,UNINCORPORATED,-115.3837128,32.77720261
90689596,2018,3/26/2018,9620,3/19/2018,1810,18468,,1,2,9,1300,0,1,3,,1,63,STATE ROUTE 78,MARLOWE ROAD,9456,N,N,A,-,Y,,,78,,,,,,,Y,3,0,1,1,A,-,3,22350,,N,E,I,A,A,H,-,A,D,0,,,,,Y,,A,1,0,1,0,0,0,0,0,0,0,- ,- ,33.38922882,-114.7221298,IMPERIAL,UNINCORPORATED,-114.7218094,33.38922119
90689680,2018,3/26/2018,9625,3/18/2018,1640,22010,,7,2,9,1300,0,1,3,,1,12,TREADWELL BLVD,BERING AVENUE,0,,Y,A,-,N,,,,,,,,,,Y,2,0,1,2,A,-,1,23152,A,N,D,C,A,A,H,-,A,A,0,,,,,Y,Y,D,22,1,0,0,0,0,0,0,0,0,- ,- ,33.33855057,-115.9864426,IMPERIAL,UNINCORPORATED,-115.9864578,33.33860016
90690855,2018,3/27/2018,9625,3/16/2018,2100,18279,,5,2,9,1300,0,1,3,,1,12,SR86 S/B,SUNRISE DRIVE,0,,Y,A,-,Y,,,,,,,,,,Y,3,0,3,2,A,-,9,21802,A,N,D,C,A,A,H,-,C,A,0,,,,,Y,,D,22,0,3,0,0,0,0,0,0,0,- ,- ,33.38922882,-115.9719009,IMPERIAL,UNINCORPORATED,,
90695742,2018,3/30/2018,9625,3/21/2018,2000,17809,,3,2,9,1300,0,1,3,,1,51,SR-7 N/B,MENVIELLE ROAD,1056,S,N,A,-,Y,,,7,,,,,,N,N,4,0,3,2,A,-,9,21801,A,N,D,C,A,A,H,-,C,D,0,,,,,Y,,-,98,0,0,3,0,0,0,0,0,0,- ,- ,32.67990112,-115.39048,IMPERIAL,UNINCORPORATED,-115.3903809,32.67994308
90703298,2018,4/11/2018,9625,3/30/2018,1205,17727,,5,1,9,1300,0,1,3,,1,42,SR-98 EASTBOUND,ROCKWOOD ROAD,0,,Y,A,-,Y,,,98,,,,,,E,Y,3,0,2,2,A,-,5,21460,C,N,D,C,A,A,H,-,A,D,0,,,,Y,Y,,A,7,0,2,0,0,0,0,0,0,0,- ,- ,32.67926025,-115.6209183,IMPERIAL,UNINCORPORATED,-115.6209183,32.67922974
90703507,2018,4/11/2018,9625,4/10/2018,404,20263,,2,3,9,1300,0,3,5,,2,50,HOLT ROAD,NORRISH ROAD,2640,S,N,A,-,N,,,,,,,,,,Y,3,0,1,1,A,-,8,22107,,N,E,J,A,A,H,-,D,D,0,,,,,Y,,A,1,0,1,0,0,0,0,0,0,0,- ,- ,32.82950974,-115.3800507,IMPERIAL,UNINCORPORATED,-115.380249,32.82553864
90703661,2018,4/11/2018,9625,4/6/2018,1950,22010,,5,2,9,1300,0,1,1,,2,1,INTERSTATE 8 E/B,MOUNTAIN SPRINGS ROAD,15840,E,N,A,-,Y,,,8,,,,,,E,Y,4,0,1,1,A,-,8,22107,,N,E,I,A,A,H,-,D,D,0,,,,,Y,,D,22,0,0,1,0,0,0,0,0,0,- ,- ,32.69435883,-116.063591,IMPERIAL,UNINCORPORATED,-116.0635834,32.69435883
90706501,2018,4/16/2018,9625,4/5/2018,550,17727,,4,3,9,1300,0,3,5,,2,20,BRANDT ROAD,MONTGOMERY ROAD,15,N,N,A,-,N,,,,,,,,,,Y,3,0,1,1,A,-,8,22107,,N,F,A,A,A,H,-,D,D,0,,,,,Y,,A,1,0,1,0,0,0,0,0,0,0,- ,- ,33.15520096,-115.5626984,IMPERIAL,UNINCORPORATED,-115.5625916,33.15494919