CASE_ID,ACCIDENT_YEAR,PROC_DATE,JURIS,COLLISION_DATE,COLLISION_TIME,OFFICER_ID,REPORTING_DISTRICT,DAY_OF_WEEK,CHP_SHIFT,POPULATION,CNTY_CITY_LOC,SPECIAL_COND,BEAT_TYPE,CHP_BEAT_TYPE,CITY_DIVISION_LAPD,CHP_BEAT_CLASS,BEAT_NUMBER,PRIMARY_RD,SECONDARY_RD,DISTANCE,DIRECTION,INTERSECTION,WEATHER_1,WEATHER_2,STATE_HWY_IND,CALTRANS_COUNTY,CALTRANS_DISTRICT,STATE_ROUTE,ROUTE_SUFFIX,POSTMILE_PREFIX,POSTMILE,LOCATION_TYPE,RAMP_INTERSECTION,SIDE_OF_HWY,TOW_AWAY,COLLISION_SEVERITY,NUMBER_KILLED,NUMBER_INJURED,PARTY_COUNT,PRIMARY_COLL_FACTOR,PCF_CODE_OF_VIOL,PCF_VIOL_CATEGORY,PCF_VIOLATION,PCF_VIOL_SUBSECTION,HIT_AND_RUN,TYPE_OF_COLLISION,MVIW,PED_ACTION,ROAD_SURFACE,ROAD_COND_1,ROAD_COND_2,LIGHTING,CONTROL_DEVICE,CHP_ROAD_TYPE,PEDESTRIAN_ACCIDENT,BICYCLE_ACCIDENT,MOTORCYCLE_ACCIDENT,TRUCK_ACCIDENT,NOT_PRIVATE_PROPERTY,ALCOHOL_INVOLVED,STWD_VEHTYPE_AT_FAULT,CHP_VEHTYPE_AT_FAULT,COUNT_SEVERE_INJ,COUNT_VISIBLE_INJ,COUNT_COMPLAINT_PAIN,COUNT_PED_KILLED,COUNT_PED_INJURED,COUNT_BICYCLIST_KILLED,COUNT_BICYCLIST_INJURED,COUNT_MC_KILLED,COUNT_MC_INJURED,PRIMARY_RAMP,SECONDARY_RAMP,LATITUDE,LONGITUDE,COUNTY,CITY,POINT_X,POINT_Y
90707569,2018,4/17/2018,9625,4/6/2018,1335,16248,,5,1,9,1300,0,3,5,,2,50,BARBARA WORTH ROAD,HEBER ROAD,0,,Y,A,-,N,,,,,,,,,,Y,4,0,6,2,A,-,12,22450,A,N,D,C,A,A,H,-,A,A,0,,,,,Y,,A,7,0,0,6,0,0,0,0,0,0,- ,- ,32.73022079,-115.4308472,IMPERIAL,UNINCORPORATED,-115.4308777,32.73023987
90709092,2018,4/19/2018,9625,2/5/2018,1840,19667,,1,2,9,1300,0,1,1,,2,1,INTERSTATE 8 (EASTBOUND),IN KO PAH PARK ROAD,5870,E,N,A,-,Y,,,8,,,,,,,Y,1,2,0,1,A,-,8,22107,,N,E,I,A,A,H,-,D,D,0,,,,,Y,,A,1,0,0,0,0,0,0,0,0,0,- ,- ,32.65668869,-116.097023,IMPERIAL,UNINCORPORATED,-116.0970764,32.65670395
90709422,2018,4/19/2018,9625,4/12/2018,1300,13627,,4,1,9,1300,0,3,5,,2,50,BARBARA WORTH DRIVE,MCCABE ROAD,0,,Y,A,-,N,,,,,,,,,,Y,4,0,2,2,A,-,9,21802,,N,D,C,A,A,H,-,A,A,0,,,,,Y,,D,22,0,0,2,0,0,0,0,0,0,- ,- ,32.75191879,-115.4307709,IMPERIAL,UNINCORPORATED,-115.4307404,32.75194168
90711530,2018,4/24/2018,9625,4/14/2018,2140,20516,,6,2,9,1300,0,3,5,,2,20,CARRICK ROAD,YOCUM ROAD,0,,Y,A,-,N,,,,,,,,,,Y,3,0,1,1,A,-,8,22107,,F,E,I,A,A,H,-,D,D,0,,,,,Y,,A,1,0,1,0,0,0,0,0,0,0,- ,- ,33.1111412,-115.5063477,IMPERIAL,UNINCORPORATED,-115.506348,33.111141
90712858,2018,4/25/2018,9625,4/15/2018,1255,13627,,7,1,9,1300,0,3,5,,2,50,WILLOUGHBY ROAD,DOGWOOD ROAD,0,,Y,B,-,N,,,,,,,,,,Y,4,0,2,2,A,-,9,21802,,N,D,C,A,A,H,-,A,A,0,,,,,Y,,A,7,0,0,2,0,0,0,0,0,0,- ,- ,32.70846939,-115.5340729,IMPERIAL,UNINCORPORATED,-115.5340805,32.70845032
90716456,2018,4/30/2018,9625,4/20/2018,450,19667,,5,3,9,1300,0,3,5,,2,40,KEYSTONE ROAD,FORRESTER ROAD,3140,E,N,A,-,N,,,,,,,,,,Y,3,0,2,2,A,-,8,22107,,N,B,C,A,A,H,-,D,D,0,,,,,Y,,A,1,0,1,1,0,0,0,0,0,0,- ,- ,32.91376877,-115.6102066,IMPERIAL,UNINCORPORATED,-115.6111374,32.91378784
90723320,2018,5/9/2018,9620,4/30/2018,2000,18290,,1,2,9,1300,0,3,5,,2,70,SAPPHIRE LN,BASELINE,1056,W,N,B,-,N,,,,,,,,,,Y,4,0,1,1,A,-,1,23152,A,N,F,A,A,A,H,-,D,D,0,,,,,Y,Y,A,7,0,0,1,0,0,0,0,0,0,- ,- ,32.73820877,-114.6019897,IMPERIAL,UNINCORPORATED,-114.6019897,32.73822021
90723609,2018,5/10/2018,9625,4/28/2018,1059,13627,,6,1,9,1300,0,1,1,,2,5,INTERSTATE 8 (E/B),STATE ROUTE 111(S/B),3696,W,N,A,-,Y,,,8,,,,,,,Y,2,0,1,1,A,-,3,22350,,N,E,J,A,A,D,-,A,A,0,,,,,Y,,D,22,1,0,0,0,0,0,0,0,0,- ,- ,32.77376175,-115.5134125,IMPERIAL,UNINCORPORATED,-115.5134125,32.77372742
90724227,2018,5/11/2018,9625,4/30/2018,1248,13627,,1,1,9,1300,0,1,1,,2,5,INTERSTATE 8 (E/B),DOGWOOD ROAD,4488,E,N,B,-,Y,,,8,,,,,,,Y,4,0,1,2,A,-,3,22350,,N,C,C,A,A,D,E,A,A,0,,,,,Y,,A,8,0,0,1,0,0,0,0,0,0,- ,- ,32.77368927,-115.5206223,IMPERIAL,UNINCORPORATED,-115.5206223,32.77373123
90724233,2018,5/11/2018,9625,4/30/2018,1120,17432,,1,1,9,1300,0,3,5,,2,40,ROSS ROAD,FORRESTER ROAD,0,,Y,A,-,N,,,,,,,,,,Y,4,0,1,2,A,-,9,21802,A,N,D,C,A,A,H,-,A,D,0,,,,,Y,,A,1,0,0,1,0,0,0,0,0,0,- ,- ,32.78136826,-115.6207199,IMPERIAL,UNINCORPORATED,-115.6206436,32.78142166
90725461,2018,5/14/2018,9620,5/7/2018,425,20738,,1,3,9,1300,0,1,3,,1,63,SR-78,OGILBY ROAD,11088,E,N,A,-,Y,,,78,,,,,,,Y,4,0,1,3,A,-,5,21460,A,N,B,C,A,A,H,-,D,D,0,,,,Y,Y,,A,1,0,0,1,0,0,0,0,0,0,- ,- ,33.10802841,-114.8951263,IMPERIAL,UNINCORPORATED,-114.8951492,33.10804749
90727587,2018,5/16/2018,9625,5/6/2018,530,19667,,7,3,9,1300,0,3,5,,2,20,SR-78 WESTBOUND,ELDER ROAD,0,,Y,A,-,Y,,,,,,,,,,Y,3,0,5,1,A,-,3,22350,,N,E,I,A,A,H,-,D,A,0,,,,,Y,,D,22,0,3,2,0,0,0,0,0,0,- ,- ,32.99903107,-115.589859,IMPERIAL,UNINCORPORATED,,
90727909,2018,5/16/2018,9625,5/6/2018,1550,17809,,7,2,9,1300,0,1,3,,1,21,STATE ROUTE 111 SOUTHBOUND,PETERSON ROAD,528,S,N,A,-,Y,,,111,,,,,,S,Y,3,0,2,1,A,-,8,22107,,N,F,A,A,A,H,-,A,D,0,,,,,Y,,D,22,0,2,0,0,0,0,0,0,0,- ,- ,33.16025925,-115.5189896,IMPERIAL,UNINCORPORATED,-115.5190582,33.16025925
90727994,2018,5/16/2018,9625,5/8/2018,1350,18464,,2,1,9,1300,0,3,5,,2,50,OLD HIGHWAY 111,ATEN ROAD,0,,Y,A,-,Y,,,,,,,,,,Y,4,0,2,2,A,-,9,21802,A,N,D,C,A,A,H,-,A,A,0,,,,,Y,,A,1,0,0,2,0,0,0,0,0,0,- ,- ,32.82582092,-115.5012207,IMPERIAL,UNINCORPORATED,-115.5013123,32.82577133
90730362,2018,5/21/2018,9625,5/10/2018,1015,16248,,4,1,9,1300,0,3,5,,2,50,ROSS ROAD,FORRESTER ROAD,0,,Y,A,-,N,,,,,,,,,,Y,3,0,2,2,A,-,9,21802,A,N,D,C,A,A,H,-,A,A,0,,,,,Y,,A,1,0,2,0,0,0,0,0,0,0,- ,- ,32.78141022,-115.6205978,IMPERIAL,UNINCORPORATED,-115.6206436,32.78142166
90730412,2018,5/21/2018,9625,5/14/2018,1420,18279,,1,2,9,1300,0,1,3,,2,53,SR-111 N/B,EVAN HEWES HIGHWAY,74,N,N,A,-,Y,,,111,,,,,,N,Y,4,0,1,2,A,-,8,22107,,N,B,C,A,A,H,-,A,A,0,,,,Y,Y,,A,1,0,0,1,0,0,0,0,0,0,- ,- ,32.80025101,-115.5002365,IMPERIAL,UNINCORPORATED,-115.5005569,32.80025864
9073622,2020,7/22/2020,1304,4/26/2020,1331,335,EWEST,7,5,4,1304,0,0,0,,0,WEST,LA BRUCHERIE,ADAMS,0,,Y,A,-,N,,,,,,,,,,Y,4,0,1,2,A,-,12,21453,A,N,B,C,A,A,H,-,A,A,0,,,,,Y,,A,1,0,0,1,0,0,0,0,0,0,- ,- ,,,IMPERIAL,EL CENTRO,-115.5787201,32.79655075
90737045,2018,5/30/2018,9625,5/27/2018,2030,19668,,7,2,9,1300,0,3,5,,2,40,CORRELL ROAD,CHERRY AVENUE,325,E,N,A,-,N,,,,,,,,,,N,3,0,1,1,A,-,1,23152,A,N,E,I,A,A,H,-,C,D,0,,,Y,,Y,Y,C,2,0,1,0,0,0,0,0,0,1,- ,- ,32.73789978,-115.5410004,IMPERIAL,UNINCORPORATED,-115.5406189,32.73791885
90740841,2018,6/4/2018,9625,6/1/2018,1920,20263,,5,2,9,1300,0,3,5,,2,50,BARBARA WORTH ROAD,SR-98,5280,N,N,A,-,N,,,,,,,,,,Y,4,0,1,1,A,-,8,22107,,N,F,A,A,A,H,-,A,D,0,,,,,Y,,A,1,0,0,1,0,0,0,0,0,0,- ,- ,32.79515076,-115.5035019,IMPERIAL,UNINCORPORATED,-115.4309082,32.70828629
90748411,2018,6/14/2018,9625,6/11/2018,1455,20263,,1,2,9,1300,0,3,5,,2,50,BARBARA WORTH ROAD,JASPER ROAD,0,,Y,A,-,N,,,,,,,,,,Y,3,0,2,2,A,-,12,22450,A,N,D,C,A,A,H,-,A,A,0,,,,,Y,,A,1,0,1,1,0,0,0,0,0,0,- ,- ,32.70845032,-115.4308929,IMPERIAL,UNINCORPORATED,-115.4309082,32.70848083
90748756,2018,6/15/2018,9625,6/8/2018,1500,20263,,5,2,9,1300,0,1,3,,2,53,SR-111 N/B,FAWCETT ROAD,494,S,N,A,-,Y,,,111,,,,,,N,Y,4,0,1,2,A,-,1,23152,F,N,F,A,A,A,H,-,A,D,0,,,,,Y,,A,7,0,0,1,0,0,0,0,0,0,- ,- ,32.72232056,-115.5004272,IMPERIAL,UNINCORPORATED,-115.5002594,32.72232437
90750421,2018,6/18/2018,9625,6/8/2018,1200,18279,,5,1,9,1300,0,3,5,,2,40,MCCACBE RD,LA BRUCHERIE ROAD,30,E,N,A,-,N,,,,,,,,,,Y,3,0,1,2,A,-,1,23152,G,N,C,C,A,A,H,-,A,A,0,,,,,Y,Y,A,1,0,1,0,0,0,0,0,0,0,- ,- ,32.75244904,-115.577507,IMPERIAL,UNINCORPORATED,-115.5776672,32.75242615
90750746,2018,6/19/2018,9620,6/10/2018,725,18535,,7,1,9,1300,0,1,1,,2,81,INTERSTATE 8,GORDONS WELL ROAD,1056,E,N,A,G,Y,,,8,,,,,,,Y,3,0,1,1,A,-,8,22107,,N,F,J,A,A,H,-,A,D,0,,,,,Y,,A,1,0,1,0,0,0,0,0,0,0,- ,- ,32.71335983,-114.9224014,IMPERIAL,UNINCORPORATED,-114.9224396,32.71342468
90757230,2018,6/27/2018,9625,6/19/2018,1320,17727,,2,1,9,1300,0,1,1,,2,1,E/B I-8,MOUNTAIN SPRINGS ROAD,15154,E,N,A,-,Y,,,,,,,,,,Y,3,0,2,2,A,-,3,22350,,N,F,A,A,A,H,-,A,D,0,,,Y,,Y,,C,2,0,2,0,0,0,0,0,0,1,- ,- ,,,IMPERIAL,UNINCORPORATED,,
90757327,2018,6/27/2018,9625,6/14/2018,810,16248,,4,1,9,1300,0,1,1,,2,2,I-8 W/B,SR-98,4224,W,N,A,-,Y,,,8,,,,,,W,Y,3,0,2,2,A,-,7,21658,A,N,C,C,A,A,H,-,A,D,0,,,,,Y,,A,7,0,2,0,0,0,0,0,0,0,- ,- ,32.72520065,-116.0369492,IMPERIAL,UNINCORPORATED,-116.0369492,32.72518158
90765360,2018,7/9/2018,9625,6/28/2018,1500,19667,,4,2,9,1300,0,3,5,,2,50,JASPER ROAD,MEADOWS ROAD,195,E,N,A,-,N,,,,,,,,,,Y,4,0,2,1,A,-,8,22107,,N,E,I,A,A,H,-,A,D,0,,,,,Y,,A,1,0,0,2,0,0,0,0,0,0,- ,- ,32.70856857,-115.4816132,IMPERIAL,UNINCORPORATED,-115.4816437,32.70862579
90766201,2018,7/10/2018,9625,6/24/2018,2140,22010,,7,2,9,1300,0,1,1,,2,3,INTERSTATE 8 E/B,DERRICK ROAD,1585,W,N,A,-,Y,,,8,,,,,,E,Y,3,0,2,1,A,-,8,22107,,N,E,I,A,A,H,-,B,D,0,,,,,Y,,D,22,0,1,1,0,0,0,0,0,0,- ,- ,32.77381897,-115.7130127,IMPERIAL,UNINCORPORATED,-115.7130127,32.77388
90767397,2018,7/11/2018,9625,7/2/2018,1625,17809,,1,2,9,1300,0,1,3,,1,11,STATE ROUTE 86 S/B,HOSKINS ROAD,2112,S,N,A,-,Y,,,86,,,,,,S,Y,4,0,1,2,A,-,7,21658,A,N,B,C,A,A,H,-,A,D,0,,,,Y,Y,,G,26,0,0,1,0,0,0,0,0,0,- ,- ,33.03733826,-115.6610565,IMPERIAL,UNINCORPORATED,-115.6610565,33.03707504
90768608,2018,7/13/2018,9625,7/6/2018,440,19225,,5,3,9,1300,0,1,1,,2,1,INTERSTATE 8 (EASTBOUND),IN-KO-PAH PARK ROAD,3696,E,N,A,-,Y,,,8,,,,,,,Y,4,0,1,1,A,-,8,22107,,N,E,I,A,A,H,-,D,D,0,,,,,Y,,A,1,0,0,1,0,0,0,0,0,0,- ,- ,32.65518951,-116.0973587,IMPERIAL,UNINCORPORATED,-116.0976257,32.65537262
90769386,2018,7/16/2018,9625,6/28/2018,950,13627,,4,1,9,1300,0,3,5,,2,50,ATEN ROAD,OLD STATE ROUTE 111,1662,W,N,B,-,N,,,,,,,,,,Y,3,0,2,2,A,-,9,21802,A,N,D,C,A,A,H,-,A,A,0,,,,Y,Y,,A,1,0,2,0,0,0,0,0,0,0,- ,- ,32.82563019,-115.506752,IMPERIAL,UNINCORPORATED,-115.5067291,32.82551956
90771845,2018,7/18/2018,9625,7/12/2018,929,19035,,4,1,9,1300,0,1,3,,1,42,SR-98,PULLIAM ROAD,1475,W,N,A,-,Y,,,98,,,,,,,Y,4,0,1,1,A,-,8,22107,,N,F,A,A,A,H,-,A,D,0,,,,,Y,,A,1,0,0,1,0,0,0,0,0,0,- ,- ,32.6792984,-115.6587982,IMPERIAL,UNINCORPORATED,-115.6587982,32.6794548
90772584,2018,7/19/2018,9625,7/14/2018,2120,20111,,6,2,9,1300,0,3,5,,2,40,AUSTIN ROAD,BREWER ROAD,2165,S,N,A,-,N,,,,,,,,,,Y,4,0,1,2,A,-,8,22107,,N,B,C,A,A,H,-,D,D,0,,,Y,,Y,,A,7,0,0,1,0,0,0,0,0,1,- ,- ,32.83430099,-115.5949631,IMPERIAL,UNINCORPORATED,-115.5950089,32.83422089
90772638,2018,7/19/2018,9625,7/12/2018,1458,18792,,4,2,9,1300,0,1,3,,2,56,STATE ROUTE 115,RT 78,0,,Y,A,-,Y,,,115,,,,,,,Y,4,0,2,2,A,-,9,21801,A,N,A,C,A,A,H,-,A,A,0,,,,,Y,,D,22,0,0,2,0,0,0,0,0,0,- ,- ,32.97417831,-115.4079819,IMPERIAL,UNINCORPORATED,-115.4079971,32.97414398
90776344,2018,7/25/2018,9625,5/1/2018,1320,17055,,2,1,9,1300,0,1,3,,1,12,SR-86 (N/B),COOMBS ROAD,165,N,N,A,-,Y,,,86,,,,,,,Y,1,1,2,2,A,-,8,22107,,N,A,I,A,A,H,-,A,D,0,,,,Y,Y,,D,22,1,1,0,0,0,0,0,0,0,- ,- ,33.32369995,-115.9971466,IMPERIAL,UNINCORPORATED,-115.9971619,33.32369232
90776579,2017,7/25/2018,9625,11/9/2017,1330,19035,,4,1,9,1300,0,1,1,,2,2,I-8 W/B EXIT RAMP TO IN-KO-PAH PARK RD.,81 IMP 000,516,E,N,A,-,Y,,,8,,,,R,,W,Y,1,1,0,2,A,-,3,22350,,N,A,C,A,A,H,-,A,D,0,,,,,Y,,A,7,0,0,0,0,0,0,0,0,0,- ,- ,32.64659,-116.10585,IMPERIAL,UNINCORPORATED,-116.10585,32.64659
90777424,2018,7/26/2018,9620,7/19/2018,530,18703,,4,3,9,1300,0,2,4,,1,75,S-24 (ROSS ROAD),S-24 (PICACHO ROAD),0,,Y,A,-,N,,,,,,,,,,Y,3,0,1,1,A,-,12,22450,A,N,E,I,A,A,H,-,B,A,0,,,,,Y,,A,1,0,1,0,0,0,0,0,0,0,- ,- ,32.78189087,-114.6165009,IMPERIAL,UNINCORPORATED,-114.616399,32.781854
90780583,2018,7/30/2018,9625,7/19/2018,620,17727,,4,1,9,1300,0,1,3,,1,22,SR-111,RANGE ROAD,2640,S,N,A,-,Y,,,111,,,,,,,Y,4,0,1,1,A,-,8,22107,,N,F,A,A,A,H,-,A,D,0,,,,,Y,,A,1,0,0,1,0,0,0,0,0,0,- ,- ,33.36380005,-115.763298,IMPERIAL,UNINCORPORATED,-115.7637711,33.36307144
90781104,2018,7/31/2018,9625,7/21/2018,1430,19668,,6,2,9,1300,0,2,4,,2,46,DOGWOOD ROAD,HARRIS ROAD,0,,Y,A,-,N,,,,,,,,,,Y,2,0,1,2,A,-,9,21802,A,N,D,C,A,A,H,-,A,A,0,,,,,Y,,M,46,1,0,0,0,0,0,0,0,0,- ,- ,32.88362885,-115.5354614,IMPERIAL,UNINCORPORATED,-115.5354996,32.88365173
90787832,2018,8/9/2018,9625,8/3/2018,900,18279,,5,1,9,1300,0,1,1,,2,3,I-8 E/B OFF RAMP TO IMPERIAL AVE,IMPERIAL AVENUE,600,E,N,A,-,Y,,,,,,,,,,Y,3,0,1,1,A,-,8,22107,,N,E,I,A,A,H,-,A,A,0,,,,,Y,,A,1,0,1,0,0,0,0,0,0,0,- ,- ,32.77344894,-115.5674133,IMPERIAL,UNINCORPORATED,,
90790264,2018,8/14/2018,9625,8/7/2018,1019,18773,,2,1,9,1300,0,1,1,,2,3,I-8 WESTBOUND,FOURTH STREET,200,E,N,A,-,Y,,,,,,,,,,Y,2,0,1,1,A,-,8,22107,,N,E,I,A,A,H,-,A,D,0,,,,,Y,,A,1,1,0,0,0,0,0,0,0,0,- ,- ,32.77388,-115.5486526,IMPERIAL,UNINCORPORATED,-115.5521393,32.77389145
90790956,2018,8/15/2018,9620,8/10/2018,110,16222,,5,3,9,1300,0,1,1,,2,82,INTERSTATE 8 (E/B),SIDEWINDER RD,4224,E,N,A,-,Y,,,8,,,,,,,Y,4,0,1,1,A,-,8,22107,,N,E,I,A,A,H,-,D,D,0,,,,,Y,,D,22,0,0,1,0,0,0,0,0,0,- ,- ,32.74644852,-114.7382965,IMPERIAL,UNINCORPORATED,-114.7382889,32.74652481
90791158,2018,8/15/2018,9625,6/29/2018,1533,18792,,5,2,9,1300,0,1,3,,2,23,SR-115,FARR ROAD,515,N,N,A,-,Y,,,115,,,,,,,Y,1,1,6,1,A,-,8,22107,,N,F,A,A,A,H,-,A,D,0,,,,,Y,,A,8,1,4,1,0,0,0,0,0,0,- ,- ,33.00901031,-115.4489136,IMPERIAL,UNINCORPORATED,-115.4488449,33.00901031
90793840,2018,8/22/2018,9625,7/4/2018,1445,20111,,3,2,9,1300,0,1,1,,2,5,I-8 E/B,EAST HIGHLINE CANAL,669,E,N,A,-,Y,,,,,,,,,,Y,1,1,1,3,A,-,8,22107,,N,A,C,A,A,H,-,A,D,0,,,,Y,Y,Y,A,1,1,0,0,0,0,0,0,0,0,- ,- ,32.75505829,-115.2705688,IMPERIAL,UNINCORPORATED,,
90794737,2018,8/21/2018,9625,8/12/2018,303,20704,,7,3,9,1300,0,1,3,,1,54,SR-111,KEYSTONE ROAD,0,,Y,A,-,N,,,,,,,,,,Y,2,0,2,2,A,-,1,23152,A,N,D,D,A,A,H,-,C,A,0,,,,Y,Y,Y,A,1,1,1,0,0,0,0,0,0,0,- ,- ,32.91263962,-115.510582,IMPERIAL,UNINCORPORATED,-115.5077972,32.91267014
90799776,2018,8/28/2018,9625,8/16/2018,850,13627,,4,1,9,1300,0,3,5,,2,50,MCCABE ROAD,BOWKER ROAD,0,,Y,A,-,N,,,,,,,,,,Y,2,0,2,2,A,-,9,21802,A,N,D,C,A,A,H,-,A,A,0,,,,,Y,,A,1,1,0,1,0,0,0,0,0,0,- ,- ,32.7521019,-115.4650116,IMPERIAL,UNINCORPORATED,-115.4650192,32.75210953
90801670,2018,8/30/2018,9625,8/25/2018,1555,19668,,6,2,9,1300,0,2,4,,2,47,FORRESTER ROAD,WORTHINGTON ROAD,0,,Y,A,-,N,,,,,,,,,,Y,3,0,1,2,A,-,2,22400,A,N,D,C,A,A,H,-,A,A,0,,,,Y,Y,,F,26,0,1,0,0,0,0,0,0,0,- ,- ,32.84738159,-115.6207581,IMPERIAL,UNINCORPORATED,-115.6207581,32.84738922
90803410,2018,8/31/2018,9625,8/23/2018,139,20111,,4,3,9,1300,0,3,5,,2,40,MCCABE ROAD,LA BRUCHERIE ROAD,950,E,N,A,-,N,,,,,,,,,,Y,3,0,1,1,A,-,1,23152,A,N,F,A,A,A,H,-,D,D,0,,,,,Y,Y,D,22,0,1,0,0,0,0,0,0,0,- ,- ,32.75246811,-115.5754395,IMPERIAL,UNINCORPORATED,-115.5746994,32.75246429
90803903,2018,8/31/2018,9625,8/28/2018,520,20111,,2,3,9,1300,0,1,3,,1,11,S/B SR-86,BEXAR DITCH BRIDGE,420,N,N,A,-,Y,,,86,,,,,,,Y,2,0,1,1,A,-,8,22107,,N,E,I,A,A,H,-,B,D,0,,,,,Y,,A,7,1,0,0,0,0,0,0,0,0,- ,- ,33.36172867,-116.0202179,IMPERIAL,UNINCORPORATED,-116.0201721,33.36174393
90805411,2018,9/4/2018,9625,8/27/2018,1000,18930,,1,1,9,1300,0,1,3,,1,11,STATE ROUTE 86 NORTHBOUND,VENDEL ROAD,750,S,N,A,-,Y,,,86,,,,,,N,Y,3,0,1,1,A,-,8,22107,,N,E,I,A,A,H,-,A,D,0,,,,,Y,,A,7,0,1,0,0,0,0,0,0,0,- ,- ,33.03789902,-115.7029037,IMPERIAL,UNINCORPORATED,-115.7029037,33.03789902
90807775,2018,9/7/2018,9625,8/29/2018,2035,19667,,3,2,9,1300,0,2,4,,2,45,EVAN HEWES HIGHWAY,SILSBEE ROAD,0,,Y,A,-,N,,,,,,,,,,Y,3,0,1,2,A,-,12,22450,A,N,D,C,A,A,H,-,D,A,0,,,,Y,Y,,A,1,0,1,0,0,0,0,0,0,0,- ,- ,32.79644012,-115.6463394,IMPERIAL,UNINCORPORATED,-115.6464539,32.79656982
9081287,2020,10/9/2020,1304,3/9/2020,1402,360,EWES,1,5,4,1304,0,0,0,,0,EAST,DOGWOOD,MACY WY,20,S,N,B,-,N,,,,,,,,,,N,3,0,1,2,A,-,8,22107,,N,A,G,A,A,H,-,-,A,0,,Y,,,Y,,L,4,0,1,0,0,0,0,1,0,0,- ,- ,,,IMPERIAL,EL CENTRO,,
9081398,2020,6/23/2020,1304,3/13/2020,1006,354,,5,5,4,1304,0,0,0,,0,,6TH,STATE,0,,Y,A,-,N,,,,,,,,,,Y,3,0,1,2,A,-,12,22450,A,N,D,C,A,A,H,-,A,A,0,,,,,Y,,-,,0,1,0,0,0,0,0,0,0,- ,- ,,,IMPERIAL,EL CENTRO,-115.5569534,32.79177856
90814566,2018,9/17/2018,9625,9/15/2018,1135,16248,,6,1,9,1300,0,3,5,,2,10,CADY ROAD,WIEMAN ROAD,0,,Y,A,-,N,,,,,,,,,,Y,4,0,1,1,A,-,3,22350,,N,E,I,A,A,H,-,A,D,0,,,,,Y,,A,1,0,0,1,0,0,0,0,0,0,- ,- ,32.9774704,-115.6588364,IMPERIAL,UNINCORPORATED,-115.6586685,32.97740936
90815630,2018,9/18/2018,9625,9/14/2018,1145,17432,,5,1,9,1300,0,1,3,,2,53,STATE ROUTE 111,HEBER ROAD,40,S,N,A,-,Y,,,111,,,,,,,N,4,0,1,2,A,-,21,22106,,N,C,C,A,A,H,-,A,A,0,,,,,Y,,I,20,0,0,1,0,0,0,0,0,0,- ,- ,32.73048019,-115.5003662,IMPERIAL,UNINCORPORATED,-115.5004044,32.73048019
90820607,2018,9/25/2018,9625,9/13/2018,1300,17432,,4,1,9,1300,0,3,5,,2,50,PITZER ROAD,MCCABE ROAD,0,,Y,A,-,N,,,,,,,,,,Y,4,0,2,2,A,-,9,21801,A,N,A,C,A,A,H,-,A,A,0,,,,,Y,,A,7,0,0,2,0,0,0,0,0,0,- ,- ,32.75257111,-115.5175476,IMPERIAL,UNINCORPORATED,-115.5176315,32.75246048
90822672,2018,9/27/2018,9625,9/15/2018,1220,17432,,6,1,9,1300,0,1,3,,1,42,SR-98,OCOTILLA ROAD,0,,Y,A,-,Y,,,98,,,,,,,Y,4,0,1,2,A,-,3,22350,,N,D,C,A,A,H,-,A,D,0,,,,,Y,,A,1,0,0,1,0,0,0,0,0,0,- ,- ,32.72225189,-115.9664078,IMPERIAL,UNINCORPORATED,-115.9664154,32.72222519
90832347,2018,10/9/2018,9625,10/5/2018,1935,19225,,5,2,9,1300,0,1,3,,1,21,SR-111,RUTHERFORD ROAD,500,S,N,A,-,Y,,,111,,,,,,,Y,2,0,1,1,A,-,1,23152,A,N,E,I,A,A,H,-,D,D,0,,,Y,,Y,Y,C,2,1,0,0,0,0,0,0,0,1,- ,- ,33.04299927,-115.527298,IMPERIAL,UNINCORPORATED,-115.5272751,33.0430069
90841135,2018,10/22/2018,9625,10/16/2018,755,17432,,2,1,9,1300,0,1,1,,2,4,I-8 (W/B),8TH ST,844,E,N,A,-,Y,,,,,,,,,,Y,4,0,1,2,A,-,3,22350,,N,C,C,A,A,H,-,A,D,0,,,,,Y,,A,1,0,0,1,0,0,0,0,0,0,- ,- ,32.7740097,-115.5585938,IMPERIAL,UNINCORPORATED,,
90842435,2018,10/23/2018,9625,10/15/2018,1710,20704,,1,2,9,1300,0,2,4,,2,46,DOGWOOD ROAD,BLACK HILLS RD,0,,Y,A,-,N,,,,,,,,,,Y,3,0,1,2,A,-,9,21804,A,N,D,C,A,A,H,-,A,A,0,,,,,Y,,D,22,0,1,0,0,0,0,0,0,0,- ,- ,32.74145889,-115.5346222,IMPERIAL,UNINCORPORATED,-115.534668,32.74156952