CASE_ID,ACCIDENT_YEAR,PROC_DATE,JURIS,COLLISION_DATE,COLLISION_TIME,OFFICER_ID,REPORTING_DISTRICT,DAY_OF_WEEK,CHP_SHIFT,POPULATION,CNTY_CITY_LOC,SPECIAL_COND,BEAT_TYPE,CHP_BEAT_TYPE,CITY_DIVISION_LAPD,CHP_BEAT_CLASS,BEAT_NUMBER,PRIMARY_RD,SECONDARY_RD,DISTANCE,DIRECTION,INTERSECTION,WEATHER_1,WEATHER_2,STATE_HWY_IND,CALTRANS_COUNTY,CALTRANS_DISTRICT,STATE_ROUTE,ROUTE_SUFFIX,POSTMILE_PREFIX,POSTMILE,LOCATION_TYPE,RAMP_INTERSECTION,SIDE_OF_HWY,TOW_AWAY,COLLISION_SEVERITY,NUMBER_KILLED,NUMBER_INJURED,PARTY_COUNT,PRIMARY_COLL_FACTOR,PCF_CODE_OF_VIOL,PCF_VIOL_CATEGORY,PCF_VIOLATION,PCF_VIOL_SUBSECTION,HIT_AND_RUN,TYPE_OF_COLLISION,MVIW,PED_ACTION,ROAD_SURFACE,ROAD_COND_1,ROAD_COND_2,LIGHTING,CONTROL_DEVICE,CHP_ROAD_TYPE,PEDESTRIAN_ACCIDENT,BICYCLE_ACCIDENT,MOTORCYCLE_ACCIDENT,TRUCK_ACCIDENT,NOT_PRIVATE_PROPERTY,ALCOHOL_INVOLVED,STWD_VEHTYPE_AT_FAULT,CHP_VEHTYPE_AT_FAULT,COUNT_SEVERE_INJ,COUNT_VISIBLE_INJ,COUNT_COMPLAINT_PAIN,COUNT_PED_KILLED,COUNT_PED_INJURED,COUNT_BICYCLIST_KILLED,COUNT_BICYCLIST_INJURED,COUNT_MC_KILLED,COUNT_MC_INJURED,PRIMARY_RAMP,SECONDARY_RAMP,LATITUDE,LONGITUDE,COUNTY,CITY,POINT_X,POINT_Y
90844541,2018,10/25/2018,9625,10/16/2018,1612,19035,,2,2,9,1300,0,3,5,,2,50,ATEN ROAD,IVC WEST ENTRANCE,0,,Y,A,-,N,,,,,,,,,,Y,3,0,2,2,A,-,9,21801,A,N,D,C,A,A,H,-,A,D,0,,,,,Y,,A,7,0,1,1,0,0,0,0,0,0,- ,- ,32.82559967,-115.5061035,IMPERIAL,UNINCORPORATED,-115.506681,32.825509
90847587,2018,10/29/2018,9625,10/17/2018,935,16248,,3,1,9,1300,0,1,3,,2,53,SR-111 S/B,HEBER ROAD,1584,N,N,A,-,Y,,,111,,,,,,S,N,4,0,1,2,A,-,3,22350,,N,C,C,A,A,D,-,A,D,0,,,,,Y,,A,1,0,0,1,0,0,0,0,0,0,- ,- ,32.73485947,-115.5006485,IMPERIAL,UNINCORPORATED,-115.5004959,32.73486328
90847726,2018,10/29/2018,9625,10/17/2018,1611,19225,,3,2,9,1300,0,2,4,,2,46,DOGWOOD ROAD,WILLOUGHBY ROAD,0,,Y,A,-,N,,,,,,,,,,Y,2,0,1,2,A,-,9,21801,A,N,D,C,A,A,H,-,A,D,0,,,Y,,Y,,D,22,1,0,0,0,0,0,0,0,1,- ,- ,32.70849991,-115.5341034,IMPERIAL,UNINCORPORATED,-115.5340805,32.70845032
90848013,2018,10/29/2018,9625,10/19/2018,2230,19668,,5,3,9,1300,0,1,3,,1,54,STATE ROUTE 111 SOUTHBOUND,KEYSTONE ROAD,2429,S,N,A,-,Y,,,111,,,,,,S,Y,3,0,1,1,A,-,8,22107,,N,F,A,A,A,H,-,D,D,0,,,,,Y,,A,1,0,1,0,0,0,0,0,0,0,- ,- ,32.90592957,-115.50914,IMPERIAL,UNINCORPORATED,-115.5091324,32.90592957
90848060,2018,10/29/2018,9625,10/20/2018,346,19668,,6,3,9,1300,0,1,3,,2,23,STATE ROUTE 115,CHALUPNIK ROAD,22,S,N,A,-,Y,,,115,,,,,,,Y,2,0,3,2,A,-,1,23153,A,N,C,C,A,A,H,-,D,D,0,,,,,Y,Y,A,1,1,2,0,0,0,0,0,0,0,- ,- ,33.03002167,-115.4488983,IMPERIAL,UNINCORPORATED,-115.4488602,33.03002167
90851678,2018,11/2/2018,9625,10/31/2018,1635,19225,,3,2,9,1300,0,3,5,,2,40,MCCABE ROAD,SR-86,100,W,N,A,-,N,,,,,,,,,,N,4,0,1,2,A,-,3,22350,,N,C,C,A,A,H,-,A,D,0,,,,,Y,,A,7,0,0,1,0,0,0,0,0,0,- ,- ,32.7523613,-115.5522995,IMPERIAL,UNINCORPORATED,-115.5521545,32.75236893
90853318,2018,11/5/2018,9625,10/31/2018,733,16248,,3,1,9,1300,0,2,4,,2,47,FORRESTER ROAD,ROSS ROAD,27,S,N,A,-,N,,,,,,,,,,Y,4,0,1,2,A,-,3,22350,,N,C,C,A,A,H,-,A,D,0,,,,,Y,,A,7,0,0,1,0,0,0,0,0,0,- ,- ,32.78141022,-115.6206131,IMPERIAL,UNINCORPORATED,-115.6206436,32.78134537
90857841,2018,11/12/2018,9620,11/2/2018,157,19360,,5,3,9,1300,0,1,1,,2,81,INTERSTATE 8 WESTBOUND,GRAYS WELL RD,2112,W,N,A,-,Y,,,8,,,,,,W,Y,3,0,1,1,A,-,1,23152,A,N,E,I,A,A,H,-,D,D,0,,,,,Y,Y,A,1,0,1,0,0,0,0,0,0,0,- ,- ,32.73889923,-114.8882904,IMPERIAL,UNINCORPORATED,-114.8882828,32.73887634
90864370,2018,11/20/2018,9625,11/9/2018,1727,22010,,5,2,9,1300,0,1,3,,2,56,SR-115,ALAMO ROAD,67,S,N,A,-,Y,,,115,,,,,,,Y,3,0,1,2,A,-,3,22350,,N,C,C,A,A,H,-,B,D,0,,,Y,,Y,,A,1,0,1,0,0,0,0,0,0,1,- ,- ,32.81856918,-115.4060822,IMPERIAL,UNINCORPORATED,-115.4061356,32.81856918
90870263,2018,11/29/2018,9625,11/16/2018,1026,18279,,5,1,9,1300,0,1,1,,2,4,"I-8, W/B",IMPERIAL HIGHWAY,15312,E,N,A,-,Y,,,8,,,,,,W,Y,3,0,1,1,A,-,3,22350,,N,F,A,A,A,H,-,A,D,0,,,,,Y,,A,1,0,1,0,0,0,0,0,0,0,- ,- ,32.74568939,-115.9456863,IMPERIAL,UNINCORPORATED,-115.9456635,32.74547958
90870311,2018,11/29/2018,9625,11/21/2018,1645,18464,,3,2,9,1300,0,1,3,,2,23,SR-115,TITSWORTH ROAD,568,N,N,A,-,Y,,,115,,,,,,,Y,4,0,7,1,A,-,8,22107,,N,F,A,A,A,H,-,D,D,0,,,,,Y,,A,8,0,0,7,0,0,0,0,0,0,- ,- ,33.0768013,-115.4496002,IMPERIAL,UNINCORPORATED,-115.4496384,33.07679749
90874160,2018,12/3/2018,9625,11/26/2018,1535,19667,,1,2,9,1300,0,3,5,,2,50,"ATEN ROAD, E/B",OLD HIGHWAY 111,645,W,N,A,-,N,,,,,,,,,,Y,3,0,1,1,A,-,8,22107,,N,E,I,A,A,H,-,A,A,0,,,,,Y,,A,1,0,1,0,0,0,0,0,0,0,- ,- ,32.8259697,-115.5035324,IMPERIAL,UNINCORPORATED,-115.5033951,32.82574844
90874175,2018,12/3/2018,9625,11/21/2018,1419,19035,,3,2,9,1300,0,1,3,,1,12,SR-86 N/B,MONTEREY AVENUE,0,,Y,A,-,Y,,,86,,,,,,N,Y,2,0,2,2,A,-,9,21803,A,N,D,C,A,A,H,-,A,A,0,,,,,Y,,A,1,1,0,1,0,0,0,0,0,0,- ,- ,33.40200043,-116.0447006,IMPERIAL,UNINCORPORATED,-116.0450363,33.4019165
90875356,2018,12/4/2018,9625,11/25/2018,1806,22010,,7,2,9,1300,0,1,3,,1,11,"SR-86, S/B",SR-78,0,,Y,A,-,Y,,,86,,,,,,S,Y,3,0,2,2,A,-,12,21453,A,N,D,C,A,A,H,-,B,A,0,,,,,Y,,A,7,0,2,0,0,0,0,0,0,0,- ,- ,32.99893188,-115.5890198,IMPERIAL,UNINCORPORATED,-115.5890121,32.99893951
90876512,2018,12/5/2018,9625,11/21/2018,750,17055,,3,1,9,1300,0,1,3,,1,12,SR-86 (S/B),SR-78,0,,Y,A,-,Y,,,86,,,,,,,Y,3,0,3,2,A,-,9,21802,A,N,D,C,A,A,H,-,A,A,0,,,,Y,Y,,A,7,0,3,0,0,0,0,0,0,0,- ,- ,33.1257782,-115.8554382,IMPERIAL,UNINCORPORATED,-115.8554306,33.12578201
90881050,2018,12/12/2018,9625,12/1/2018,2030,19035,,6,2,9,1300,0,1,3,,2,53,SR-111 N/B,MCCABE ROAD,2112,N,N,A,-,Y,,,111,,,,,,N,Y,3,0,1,1,A,-,1,23152,A,N,F,A,A,A,H,-,C,D,0,,,,,Y,Y,D,22,0,1,0,0,0,0,0,0,0,- ,- ,32.75870132,-115.5007019,IMPERIAL,UNINCORPORATED,-115.5008392,32.75869751
90881552,2018,12/12/2018,9625,12/6/2018,2019,19035,,4,2,9,1300,0,1,3,,2,53,SR-111 S/B,JASPER ROAD,2640,N,N,C,-,Y,,,111,,,,,,S,Y,4,0,1,2,A,-,8,22107,,N,B,C,A,A,H,-,C,D,0,,,,,Y,,A,1,0,0,1,0,0,0,0,0,0,- ,- ,32.7132988,-115.4996033,IMPERIAL,UNINCORPORATED,-115.4994659,32.71330261
90883126,2018,12/14/2018,9625,12/10/2018,450,19668,,1,3,9,1300,0,1,1,,2,5,INTERSTATE 8 EASTBOUND,BONDS CORNER ROAD,3211,W,N,A,-,Y,,,,,,,,,,Y,4,0,1,2,C,-,18,,,N,E,J,A,A,H,-,C,D,0,,,,Y,Y,,-,- ,0,0,1,0,0,0,0,0,0,- ,- ,32.77199936,-115.3095016,IMPERIAL,UNINCORPORATED,-115.3475723,32.77323914
90886160,2018,12/19/2018,9625,12/17/2018,1800,19667,,1,2,9,1300,0,1,3,,2,53,NORTHBOUND SR-111,HEBER ROAD,180,S,N,A,-,Y,,,111,,,,,,,N,4,0,1,2,A,-,3,22350,,N,C,C,A,A,H,-,C,A,0,,,,,Y,,A,1,0,0,1,0,0,0,0,0,0,- ,- ,32.73001862,-115.5002518,IMPERIAL,UNINCORPORATED,-115.5003967,32.73001862
90891052,2018,12/27/2018,9625,12/21/2018,1930,19667,,5,2,9,1300,0,2,4,,2,46,DOGWOOD ROAD,BLACK HILLS ROAD,85,S,N,B,-,N,,,,,,,,,,N,4,0,1,2,A,-,5,21202,A,N,B,G,A,A,H,-,C,D,0,,Y,,,Y,Y,L,4,0,0,1,0,0,0,1,0,0,- ,- ,32.74126816,-115.5346375,IMPERIAL,UNINCORPORATED,-115.534668,32.74133682
90894540,2018,12/31/2018,9625,12/20/2018,1712,19035,,4,2,9,1300,0,3,5,,2,50,YOURMAN ROAD,JASPER ROAD,528,N,N,A,-,N,,,,,,,,,,Y,3,0,1,1,A,-,8,22107,,N,E,I,A,A,H,-,D,D,0,,,,,Y,,D,22,0,1,0,0,0,0,0,0,0,- ,- ,32.7098999,-115.4988022,IMPERIAL,UNINCORPORATED,-115.498848,32.7101593
90897432,2018,1/3/2019,9625,12/27/2018,1700,19225,,4,2,9,1300,0,1,3,,2,53,STATE ROUTE 111 S/B,HEBER ROAD,1584,N,N,A,-,Y,,,111,,,,,,S,Y,3,0,4,3,A,-,3,22350,,N,C,C,A,A,D,-,D,A,0,,,,,Y,,A,1,0,2,2,0,0,0,0,0,0,- ,- ,32.7364006,-115.5006027,IMPERIAL,UNINCORPORATED,-115.5005264,32.7364006
90897782,2018,1/4/2019,9625,12/28/2018,1806,17809,,5,2,9,1300,0,1,3,,2,25,STATE ROUTE 78,OGILBY ROAD,7920,W,N,A,-,Y,,,78,,,,,,,Y,4,0,1,2,C,-,18,,,N,E,I,A,A,H,-,D,D,0,,,,,Y,,-,- ,0,0,1,0,0,0,0,0,0,- ,- ,33.07920074,-114.9394684,IMPERIAL,UNINCORPORATED,-114.939476,33.07921219
90899948,2018,1/8/2019,9625,12/29/2018,2005,17809,,6,2,9,1300,0,1,3,,1,11,STATE ROUTE 86 EASTBOUND,HOSKINS ROAD,0,,Y,A,-,Y,,,,,,,,,,Y,2,0,2,2,A,-,9,21802,A,N,D,C,A,A,H,-,C,A,0,,,,,Y,,A,1,1,0,1,0,0,0,0,0,0,- ,- ,33.03718185,-115.6646423,IMPERIAL,UNINCORPORATED,,
90900236,2018,1/8/2019,9625,12/30/2018,1925,20516,,7,2,9,1300,0,1,1,,2,4,I-8 W/B,JEFFREY RD.,1929,W,N,A,-,Y,,,8,,,,,,W,Y,2,0,1,2,A,-,8,22107,,N,C,E,A,A,H,-,D,D,0,,,,,Y,,D,22,1,0,0,0,0,0,0,0,0,- ,- ,32.77334976,-115.7679291,IMPERIAL,UNINCORPORATED,-115.7679291,32.77330399
90901876,2018,1/10/2019,9625,12/4/2018,2320,18773,,2,3,9,1300,0,3,5,,2,20,BEAL ROAD,WIEST ROAD,1086,W,N,A,-,N,,,,,,,,,,Y,1,1,1,1,A,-,8,22107,,N,F,A,A,A,H,-,D,D,0,,,,,Y,,D,22,1,0,0,0,0,0,0,0,0,- ,- ,33.24174881,-115.4850922,IMPERIAL,UNINCORPORATED,-115.4844513,33.2417984
90903393,2019,1/14/2019,9625,1/2/2019,1305,17432,,3,1,9,1300,0,1,3,,2,53,STATE ROUTE 111 N/B,JASPER ROAD,3168,N,N,A,-,Y,,,111,,,,,,N,Y,4,0,1,2,A,-,3,22350,,N,C,C,A,A,D,-,A,D,0,,,,,Y,,A,1,0,0,1,0,0,0,0,0,0,- ,- ,32.71743011,-115.4994812,IMPERIAL,UNINCORPORATED,-115.4995804,32.71741486
9090768,2020,6/10/2020,1301,2/2/2020,1453,902,BRAW,7,5,3,1301,0,0,0,,0,1,A ST,2ND ST,0,,Y,A,-,N,,,,,,,,,,N,2,0,1,2,A,-,9,21804,A,N,D,G,A,A,H,-,A,A,0,,Y,,,Y,,L,4,1,0,0,0,0,0,1,0,0,- ,- ,,,IMPERIAL,BRAWLEY,-115.5646133,32.95912933
90908551,2019,1/22/2019,9625,1/10/2019,609,13627,,4,1,9,1300,0,3,5,,2,50,SNYDER ROAD,BONDS CORNER ROAD,1050,N,N,A,-,N,,,,,,,,,,Y,2,0,1,1,A,-,8,22107,,N,E,I,A,A,H,-,A,D,0,,,,,Y,,A,7,1,0,0,0,0,0,0,0,0,- ,- ,32.78293991,-115.341507,IMPERIAL,UNINCORPORATED,-115.341301,32.78273392
90909084,2018,3/21/2019,9625,10/20/2018,640,17432,,6,1,9,1300,0,1,1,,2,1,I-8 (E/B),IN-KO-PAH PARK RD,2376,E,N,A,-,Y,,,8,,,,,,,Y,1,1,1,1,A,-,8,22107,,N,F,A,A,A,H,-,A,D,0,,,,,Y,,A,1,1,0,0,0,0,0,0,0,0,- ,- ,32.64733887,-116.1041565,IMPERIAL,UNINCORPORATED,-116.104126,32.64731598
90915148,2019,1/29/2019,9625,1/16/2019,1135,17055,,3,1,9,1300,0,1,3,,1,12,SR-86 (S/B),SR-78,0,,Y,A,-,Y,,,86,,,,,,,Y,3,0,4,2,A,-,9,21802,A,N,D,C,A,A,H,-,A,A,0,,,,,Y,,-,36,0,1,3,0,0,0,0,0,0,- ,- ,33.1257782,-115.8554535,IMPERIAL,UNINCORPORATED,-115.8554382,33.12578583
90917296,2019,2/1/2019,9625,1/30/2019,1755,18773,,3,2,9,1300,0,1,3,,2,53,SR-111 SOUTHBOUND,HEBER ROAD,800,N,N,A,-,Y,,,111,,,,,,S,N,4,0,1,2,A,-,3,22350,,N,C,C,A,A,H,-,A,A,0,,,,,Y,,A,7,0,0,1,0,0,0,0,0,0,- ,- ,32.7329216,-115.5005493,IMPERIAL,UNINCORPORATED,-115.5004578,32.7329216
90917319,2019,2/1/2019,9625,1/24/2019,1800,18773,,4,2,9,1300,0,1,3,,2,53,SR-111 SOUTHBOUND,HEBER ROAD,711,N,N,A,-,Y,,,111,,,,,,S,Y,4,0,1,3,A,-,3,22350,,N,C,C,A,A,H,-,A,A,0,,,,,Y,,D,22,0,0,1,0,0,0,0,0,0,- ,- ,32.73266983,-115.5005417,IMPERIAL,UNINCORPORATED,-115.5004501,32.73267365
90920395,2019,2/6/2019,9625,1/25/2019,1155,17727,,5,1,9,1300,0,1,3,,1,54,SR-111 N/B,ATEN ROAD,2482,N,N,A,-,Y,,,111,,,,,,N,Y,2,0,1,1,C,-,18,,,N,E,I,A,A,H,-,A,D,0,,,,,Y,,-,- ,1,0,0,0,0,0,0,0,0,- ,- ,32.83929825,-115.5034027,IMPERIAL,UNINCORPORATED,-115.5030365,32.8394928
90923535,2019,2/11/2019,9625,2/10/2019,2253,20054,,7,3,9,1300,0,3,5,,2,50,HEBER ROAD,CLAVERIE ROAD,1003,W,N,A,-,N,,,,,,,,,,N,4,0,1,1,A,-,8,22107,,N,E,I,A,A,H,-,D,D,0,,,,,Y,,A,1,0,0,1,0,0,0,0,0,0,- ,- ,32.73049927,-115.4051437,IMPERIAL,UNINCORPORATED,-115.4050369,32.73042297
90924376,2019,2/12/2019,9625,1/31/2019,2042,18773,,4,2,9,1300,0,2,4,,2,46,DOGWOOD ROAD,WILLOUGHBY ROAD,0,,Y,C,-,N,,,,,,,,,,Y,3,0,2,2,A,-,9,21802,A,N,D,C,A,B,H,-,D,A,0,,,,,Y,,A,7,0,2,0,0,0,0,0,0,0,- ,- ,32.70848846,-115.5340729,IMPERIAL,UNINCORPORATED,-115.5340805,32.70845032
90928687,2019,2/19/2019,9625,2/11/2019,1947,20516,,1,2,9,1300,0,1,1,,2,4,INTERSTATE 8 W/B,DUNAWAY ROAD,3640,W,N,A,-,Y,,,8,,,,,,W,Y,2,0,1,1,A,-,8,22107,,N,F,A,A,A,H,-,D,D,0,,,,,Y,,D,22,1,0,0,0,0,0,0,0,0,- ,- ,32.76657104,-115.8126526,IMPERIAL,UNINCORPORATED,-115.8126678,32.76663971
90929370,2019,2/19/2019,9625,1/2/2019,1930,18792,,3,2,9,1300,0,3,5,,2,20,EAST BEAL ROAD,LOW ROAD,768,W,N,A,-,N,,,,,,,,,,Y,1,1,1,2,A,-,3,22350,,N,A,G,A,A,H,-,D,D,0,,Y,,,Y,,D,22,1,0,0,0,0,1,1,0,0,- ,- ,33.25809097,-115.4677124,IMPERIAL,UNINCORPORATED,-115.467514,33.25821304
90930455,2018,2/20/2019,9625,12/27/2018,500,18773,,4,3,9,1300,0,1,3,,2,52,SR-98,HOLDRIDGE ROAD,15840,E,N,A,-,Y,,,98,,,,,,,Y,1,3,1,2,A,-,5,21650,,N,A,C,A,A,H,-,D,D,0,,,,,Y,,A,1,0,0,1,0,0,0,0,0,0,- ,- ,32.71278,-115.2416382,IMPERIAL,UNINCORPORATED,-115.2416382,32.71278763
90931513,2019,2/21/2019,9625,2/13/2019,1242,17731,,3,1,9,1300,0,1,3,,2,52,SR-98 W/B,BARBARA WORTH ROAD,2640,W,N,A,-,Y,,,98,,,,,,W,N,4,0,1,2,A,-,3,22350,,N,C,A,A,A,D,-,A,A,0,,,,,Y,,A,8,0,0,1,0,0,0,0,0,0,- ,- ,32.69400024,-115.4411469,IMPERIAL,UNINCORPORATED,-115.4411469,32.69385147
90931527,2019,2/21/2019,9625,2/12/2019,1215,17731,,2,1,9,1300,0,1,3,,1,42,SR-98,CRUCIFIXION TORN,214,W,N,A,-,Y,,,98,,,,,,,Y,3,0,3,2,A,-,5,21650,,N,B,C,A,A,H,-,A,D,0,,,,Y,Y,,A,7,0,1,2,0,0,0,0,0,0,- ,- ,32.66717148,-115.8739014,IMPERIAL,UNINCORPORATED,-115.8739014,32.66723633
90932336,2018,2/22/2019,9625,12/30/2018,2055,17809,,7,2,9,1300,0,3,5,,2,10,SUBURBAN AVENUE,CATALINA AVENUE,520,S,N,A,-,N,,,,,,,,,,Y,1,1,0,1,A,-,1,23152,A,N,F,A,A,A,A,-,D,D,0,,,,,Y,Y,D,22,0,0,0,0,0,0,0,0,0,- ,- ,33.29502106,-115.9893036,IMPERIAL,UNINCORPORATED,-115.9891739,33.29474258
90932967,2019,2/25/2019,9625,2/18/2019,2048,18792,,1,2,9,1300,0,1,3,,1,11,SR-86 N/B,BAUGHMAN ROAD,581,S,N,A,-,Y,,,86,,,,,,N,Y,3,0,1,1,A,-,8,22107,,N,E,I,A,A,H,-,D,D,0,,,,,Y,,A,7,0,1,0,0,0,0,0,0,0,- ,- ,33.02865982,-115.6080399,IMPERIAL,UNINCORPORATED,-115.6081314,33.02859879
90933606,2019,10/1/2019,9625,2/18/2019,1556,18773,,1,2,9,1300,0,3,5,,2,50,BARBARA WORTH ROAD,ROSS ROAD,0,,Y,A,-,N,,,,,,,,,,Y,4,0,1,2,A,-,9,21802,A,N,D,C,A,A,H,-,A,A,0,,,,,Y,,D,22,0,0,1,0,0,0,0,0,0,- ,- ,32.78107834,-115.4307938,IMPERIAL,UNINCORPORATED,-115.4307632,32.78115082
90939267,2019,3/4/2019,9625,2/20/2019,625,17432,,3,1,9,1300,0,1,3,,1,22,STATE ROUTE 111,BEACH ROAD,1056,N,N,A,-,Y,,,111,,,,,,,Y,3,0,1,1,A,-,8,22107,,N,E,I,A,A,H,-,A,D,0,,,,,Y,,A,1,0,1,0,0,0,0,0,0,0,- ,- ,33.2660408,-115.5630722,IMPERIAL,UNINCORPORATED,-115.5630951,33.26600647
90939286,2019,3/4/2019,9625,2/23/2019,1713,18792,,6,2,9,1300,0,3,5,,2,10,BORREGO SALTON SEAWAY,ALTADENA AVE,15,E,N,A,-,N,,,,,,,,,,Y,3,0,1,2,A,-,9,21801,A,N,D,C,A,A,H,-,B,D,0,,,,,Y,,A,1,0,1,0,0,0,0,0,0,0,- ,- ,33.27365112,-115.9754028,IMPERIAL,UNINCORPORATED,-115.9755325,33.27363968
90942710,2019,3/8/2019,9625,2/26/2019,730,17727,,2,1,9,1300,0,3,5,,2,20,SR-78 (E/B),HOVLEY ROAD,55,W,N,A,-,Y,,,78,,,,,,,Y,3,0,1,2,A,-,3,22350,,N,C,D,A,A,H,-,A,A,0,,,,Y,Y,,G,26,0,1,0,0,0,0,0,0,0,- ,- ,33.00170135,-115.5441971,IMPERIAL,UNINCORPORATED,-115.5442047,33.0017128
90946558,2019,3/14/2019,9625,3/4/2019,1335,17432,,1,1,9,1300,0,1,3,,2,14,STATE ROUTE 78 E/B,HOVLEY ROAD,140,W,N,A,-,Y,,,78,,,,,,E,Y,4,0,4,2,A,-,3,22350,,N,C,C,A,A,H,-,A,A,0,,,,,Y,,A,1,0,0,4,0,0,0,0,0,0,- ,- ,33.00162125,-115.5447998,IMPERIAL,UNINCORPORATED,-115.5447922,33.00159073
90949828,2019,3/20/2019,9625,3/14/2019,940,19668,,4,1,9,1300,0,2,4,,2,46,DOGWOOD ROAD,SCHARTZ ROAD,54,N,N,A,-,N,,,,,,,,,,Y,4,0,1,4,A,-,3,22350,,N,C,C,A,A,H,-,A,D,0,,,,,Y,,A,1,0,0,1,0,0,0,0,0,0,- ,- ,32.94192886,-115.5355911,IMPERIAL,UNINCORPORATED,-115.5355377,32.94193649
90952980,2019,3/25/2019,9625,3/18/2019,1525,19667,,1,2,9,1300,0,1,1,,2,1,I-8 E/B,IN KO PAH PARK ROAD,2415,E,N,A,-,Y,,,8,,,,,,E,Y,3,0,1,2,A,-,8,22107,,N,F,D,A,A,H,-,A,D,0,,,,,Y,,A,1,0,1,0,0,0,0,0,0,0,- ,- ,32.64855957,-116.103157,IMPERIAL,UNINCORPORATED,-116.1032104,32.64860153
90957172,2019,3/29/2019,9625,3/19/2019,2130,19225,,2,2,9,1300,0,3,5,,2,40,NANCE ROAD,WORTHINGTON ROAD,0,,Y,A,-,N,,,,,,,,,,Y,3,0,1,1,A,-,1,23152,A,N,H,J,A,A,H,-,C,A,0,,,,,Y,Y,A,1,0,1,0,0,0,0,0,0,0,- ,- ,32.84743118,-115.5861969,IMPERIAL,UNINCORPORATED,-115.586441,32.8473587
90958724,2019,4/2/2019,9625,3/17/2019,1110,16248,,7,1,9,1300,0,1,3,,2,53,SR-111 S/B,MCCABE ROAD,0,,Y,A,-,Y,,,111,,,,,,S,Y,3,0,3,2,A,-,9,21804,A,N,D,C,A,A,H,-,A,A,0,,,,,Y,,J,41,0,1,2,0,0,0,0,0,0,- ,- ,32.74243927,-115.5008392,IMPERIAL,UNINCORPORATED,-115.5006104,32.74244308
90960997,2019,4/4/2019,9625,3/26/2019,1612,18773,,2,2,9,1300,0,1,3,,1,54,SR-111 SOUTHBOUND,ATEN ROAD,2627,S,N,A,-,Y,,,111,,,,,,S,Y,2,0,4,4,A,-,3,22350,,N,C,C,A,A,D,-,A,A,0,,,,,Y,,D,22,1,2,1,0,0,0,0,0,0,- ,- ,32.82138824,-115.5003967,IMPERIAL,UNINCORPORATED,-115.500267,32.82138824
90964113,2019,4/9/2019,9625,3/20/2019,1145,17055,,3,1,9,1300,0,3,5,,2,10,WALKER ROAD,GENTRY ROAD,110,W,N,A,-,N,,,,,,,,,,Y,3,0,1,1,A,-,3,22350,,N,F,A,A,A,H,-,A,A,0,,,,Y,Y,,G,25,0,1,0,0,0,0,0,0,0,- ,- ,33.07527924,-115.6146393,IMPERIAL,UNINCORPORATED,-115.6145325,33.07526016
90965435,2019,4/10/2019,9625,3/29/2019,900,17055,,5,1,9,1300,0,1,3,,1,12,SR-86 (S/B),NORM NIVER ROAD,0,,Y,A,-,Y,,,86,,,,,,,Y,4,0,1,2,A,-,9,21802,A,N,D,C,A,A,H,-,A,A,0,,,,,Y,,A,7,0,0,1,0,0,0,0,0,0,- ,- ,33.35739899,-116.0187836,IMPERIAL,UNINCORPORATED,-116.0188293,33.35738373
90967685,2019,4/15/2019,9625,4/1/2019,1847,18930,,1,2,9,1300,0,1,3,,1,51,SR-7,HEBER ROAD,0,,Y,A,-,Y,,,7,,,,,,,Y,4,0,1,2,A,-,12,22450,A,N,D,C,A,A,H,-,A,A,0,,,,,Y,,A,1,0,0,1,0,0,0,0,0,0,- ,- ,32.73089981,-115.3823013,IMPERIAL,UNINCORPORATED,-115.3824234,32.730896
90967731,2019,4/15/2019,9625,4/8/2019,2055,18207,,1,2,9,1300,0,1,1,,2,3,INTERSTATE 8 E/B,IMPERIAL HIGHWAY,10560,E,N,A,-,Y,,,8,,,,,,E,Y,3,0,1,2,D,-,0,,,N,B,D,A,A,H,-,B,D,0,,,,,Y,,-,- ,0,1,0,0,0,0,0,0,0,- ,- ,32.73741913,-115.9790115,IMPERIAL,UNINCORPORATED,-115.9790344,32.73753738
90968193,2019,4/15/2019,9625,4/9/2019,605,17731,,2,1,9,1300,0,1,3,,1,11,S/B SR-86,BARLEY DITCH,100,N,N,A,-,N,,,86,,,,,,,Y,2,0,1,1,A,-,8,22107,,N,E,I,A,A,H,-,A,D,0,,,,,Y,,A,1,1,0,0,0,0,0,0,0,0,- ,- ,33.14371872,-115.8632278,IMPERIAL,UNINCORPORATED,-115.8631821,33.14373779
90968748,2019,4/16/2019,9625,4/10/2019,2050,18279,,3,2,9,1300,0,3,5,,2,40,WORTHINGTON RD,P ST,2870,E,N,A,-,N,,,,,,,,,,Y,4,0,1,1,A,-,8,22107,,N,F,A,A,A,H,-,D,D,0,,,,,Y,,D,22,0,0,1,0,0,0,0,0,0,- ,- ,32.84732056,-115.5523605,IMPERIAL,UNINCORPORATED,-115.5521774,32.84738159