CASE_ID,ACCIDENT_YEAR,PROC_DATE,JURIS,COLLISION_DATE,COLLISION_TIME,OFFICER_ID,REPORTING_DISTRICT,DAY_OF_WEEK,CHP_SHIFT,POPULATION,CNTY_CITY_LOC,SPECIAL_COND,BEAT_TYPE,CHP_BEAT_TYPE,CITY_DIVISION_LAPD,CHP_BEAT_CLASS,BEAT_NUMBER,PRIMARY_RD,SECONDARY_RD,DISTANCE,DIRECTION,INTERSECTION,WEATHER_1,WEATHER_2,STATE_HWY_IND,CALTRANS_COUNTY,CALTRANS_DISTRICT,STATE_ROUTE,ROUTE_SUFFIX,POSTMILE_PREFIX,POSTMILE,LOCATION_TYPE,RAMP_INTERSECTION,SIDE_OF_HWY,TOW_AWAY,COLLISION_SEVERITY,NUMBER_KILLED,NUMBER_INJURED,PARTY_COUNT,PRIMARY_COLL_FACTOR,PCF_CODE_OF_VIOL,PCF_VIOL_CATEGORY,PCF_VIOLATION,PCF_VIOL_SUBSECTION,HIT_AND_RUN,TYPE_OF_COLLISION,MVIW,PED_ACTION,ROAD_SURFACE,ROAD_COND_1,ROAD_COND_2,LIGHTING,CONTROL_DEVICE,CHP_ROAD_TYPE,PEDESTRIAN_ACCIDENT,BICYCLE_ACCIDENT,MOTORCYCLE_ACCIDENT,TRUCK_ACCIDENT,NOT_PRIVATE_PROPERTY,ALCOHOL_INVOLVED,STWD_VEHTYPE_AT_FAULT,CHP_VEHTYPE_AT_FAULT,COUNT_SEVERE_INJ,COUNT_VISIBLE_INJ,COUNT_COMPLAINT_PAIN,COUNT_PED_KILLED,COUNT_PED_INJURED,COUNT_BICYCLIST_KILLED,COUNT_BICYCLIST_INJURED,COUNT_MC_KILLED,COUNT_MC_INJURED,PRIMARY_RAMP,SECONDARY_RAMP,LATITUDE,LONGITUDE,COUNTY,CITY,POINT_X,POINT_Y
90969841,2019,4/17/2019,9625,4/8/2019,108,18464,,1,3,9,1300,0,1,1,,2,6,I-8 (W/B),VAN DER LINDEN ROAD,17952,E,N,A,-,Y,,,8,,,,,,,Y,3,0,1,1,A,-,1,23152,A,N,F,A,A,A,H,-,D,D,0,,,,,Y,Y,A,1,0,1,0,0,0,0,0,0,0,- ,- ,32.75524902,-115.2312698,IMPERIAL,UNINCORPORATED,-115.2312698,32.75524139
90970714,2019,4/18/2019,9625,4/13/2019,210,20111,,6,3,9,1300,0,1,1,,2,5,I-8 E/B,BARBARA WORTH ROAD,65,W,N,A,-,Y,,,8,,,,,,E,Y,2,0,2,1,A,-,8,22107,,N,F,A,A,A,H,-,D,D,0,,,,,Y,,A,7,1,0,1,0,0,0,0,0,0,- ,- ,32.77325058,-115.4309769,IMPERIAL,UNINCORPORATED,-115.4309769,32.7733345
9097277,2020,10/29/2020,1304,5/18/2020,702,327,EAST,1,5,4,1304,0,0,0,,0,EAST,W ROSS,W ROSS  100,0,,Y,A,-,N,,,,,,,,,,Y,4,0,1,2,A,-,8,22107,,N,-,C,A,A,H,-,A,D,0,,,,,Y,,A,1,0,0,1,0,0,0,0,0,0,- ,- ,32.78145981,-115.5440598,IMPERIAL,EL CENTRO,,
90977971,2019,4/29/2019,9625,4/18/2019,2045,18773,,4,2,9,1300,0,1,3,,2,53,SR-111 SOUTHBOUND,HEBER ROAD,99,N,N,A,-,Y,,,111,,,,,,S,Y,4,0,1,2,A,-,8,22107,,N,C,C,A,A,H,-,C,A,0,,,,,Y,,D,22,0,0,1,0,0,0,0,0,0,- ,- ,32.73109055,-115.5004807,IMPERIAL,UNINCORPORATED,-115.5004196,32.73109055
90978019,2019,4/29/2019,9625,4/20/2019,830,17727,,6,1,9,1300,0,1,3,,1,42,SR-98,DREW ROAD,18480,W,N,A,-,Y,,,98,,,,,,,Y,4,0,1,1,A,-,8,22107,,N,F,A,A,A,H,-,A,D,0,,,,,Y,,A,1,0,0,1,0,0,0,0,0,0,- ,- ,32.67819977,-115.7302017,IMPERIAL,UNINCORPORATED,-115.7302399,32.67889786
90978033,2019,4/29/2019,9625,4/19/2019,1535,17809,,5,2,9,1300,0,1,3,,2,24,STATE ROUTE 78,GECKO ROAD,55,W,N,A,-,Y,,,78,,,,,,,Y,4,0,1,2,A,-,3,22350,,N,C,C,A,A,H,-,A,A,0,,,,,Y,,A,7,0,0,1,0,0,0,0,0,0,- ,- ,32.9762001,-115.1741562,IMPERIAL,UNINCORPORATED,-115.1741791,32.97627258
90979376,2019,5/1/2019,9625,4/22/2019,1510,18279,,1,2,9,1300,0,1,3,,2,53,"SR-111, N/B",MCCABE RD,700,S,N,A,-,Y,,,111,,,,,,N,N,4,0,1,2,A,-,3,22350,,N,C,C,A,A,H,-,A,A,0,,,,,Y,,A,1,0,0,1,0,0,0,0,0,0,- ,- ,32.75019836,-115.5006027,IMPERIAL,UNINCORPORATED,-115.5007324,32.75019836
90983761,2019,5/7/2019,9620,5/2/2019,1500,16222,,4,2,9,1300,0,3,5,,2,70,MCDANIEL RD,ROSS RD,230,N,N,A,-,N,,,,,,,,,,Y,3,0,1,1,A,-,3,22350,,N,F,A,A,A,H,-,A,D,0,,,,,Y,,A,1,0,1,0,0,0,0,0,0,0,- ,- ,32.7826004,-114.5736008,IMPERIAL,UNINCORPORATED,-114.5737686,32.78223801
90985708,2019,5/10/2019,9625,4/29/2019,2105,18773,,1,2,9,1300,0,1,3,,1,51,SR-7 NORTHBOUND,MAGGIO ROAD,19,S,N,A,-,Y,,,7,,,,,,N,N,4,0,2,2,A,-,3,22350,,N,C,C,A,A,H,-,C,A,0,,,,,Y,,D,22,0,0,2,0,0,0,0,0,0,- ,- ,32.68627167,-115.3803406,IMPERIAL,UNINCORPORATED,-115.3803406,32.68626785
90988249,2019,5/14/2019,9625,5/3/2019,920,17727,,5,1,9,1300,0,3,5,,2,20,KERSHAW ROAD,QUAY ROAD,695,N,N,A,-,N,,,,,,,,,,Y,4,0,1,1,A,-,8,22107,,N,B,I,A,A,H,-,A,D,0,,,,,Y,,A,1,0,0,1,0,0,0,0,0,0,- ,- ,33.08390045,-115.5090027,IMPERIAL,UNINCORPORATED,-115.5089417,33.08389282
90989118,2019,5/15/2019,9625,5/6/2019,355,21107,,1,3,9,1300,0,2,4,,2,45,E/B EVAN HEWES HIGHWAY,JAMES ROAD,560,E,N,A,G,N,,,,,,,,,,Y,2,0,1,2,A,-,3,22350,,N,C,C,A,A,H,-,D,D,0,,,,,Y,,A,7,1,0,0,0,0,0,0,0,0,- ,- ,32.80318832,-115.4640503,IMPERIAL,UNINCORPORATED,-115.4634781,32.80315399
90989861,2019,5/16/2019,9625,5/7/2019,1350,19886,,2,1,9,1300,0,2,4,,2,47,FORRESTER ROAD,ROSS ROAD,0,,Y,A,-,N,,,,,,,,,,Y,2,0,1,2,A,-,9,21802,A,N,D,C,A,A,H,-,A,A,0,,,,Y,Y,,A,7,1,0,0,0,0,0,0,0,0,- ,- ,,,IMPERIAL,UNINCORPORATED,-115.6206436,32.78142166
90991214,2019,5/20/2019,9625,5/7/2019,1736,19667,,2,2,9,1300,0,3,5,,2,50,BOWKER ROAD,EVAN HEWES HIGHWAY,55,S,N,A,-,N,,,,,,,,,,Y,3,0,2,2,A,-,3,22350,,F,C,C,A,A,H,-,A,A,0,,,,,Y,,D,22,0,1,1,0,0,0,0,0,0,- ,- ,32.80310059,-115.473793,IMPERIAL,UNINCORPORATED,-115.473793,32.80323029
90992237,2019,5/20/2019,9625,5/9/2019,18,19668,,4,3,9,1300,0,3,5,,2,10,BRANDT ROAD,RUEGGER ROAD,1584,S,N,A,-,N,,,,,,,,,,Y,3,0,2,2,A,-,1,23152,A,N,A,E,A,A,H,-,D,D,0,,,,,Y,Y,A,7,0,2,0,0,0,0,0,0,0,- ,- ,33.09178162,-115.5625992,IMPERIAL,UNINCORPORATED,-115.5625916,33.0922699
90993489,2019,5/22/2019,9625,5/11/2019,1031,17727,,6,1,9,1300,0,1,1,,2,4,I-8 (W/B),DREW ROAD,2010,W,N,A,-,Y,,,8,,,,,,,Y,4,0,2,1,A,-,3,22350,,N,A,E,A,A,H,-,A,D,0,,,,,Y,,A,1,0,0,2,0,0,0,0,0,0,- ,- ,32.77410126,-115.6903992,IMPERIAL,UNINCORPORATED,-115.6903992,32.77412033
90994124,2019,5/22/2019,9625,5/12/2019,2141,22010,,7,2,9,1300,0,3,5,,2,20,MAIN STREET W/B,LYERLY ROAD,0,,Y,A,-,N,,,,,,,,,,Y,4,0,2,2,A,-,3,22350,,N,D,C,A,A,H,-,C,D,0,,,,,Y,,A,7,0,0,2,0,0,0,0,0,0,- ,- ,33.1256218,-115.5277023,IMPERIAL,UNINCORPORATED,-115.527771,33.12574005
90997571,2019,5/28/2019,9625,5/16/2019,1345,16248,,4,1,9,1300,0,3,5,,2,50,WILLOUGHBY ROAD,WARE ROAD,114,E,N,A,-,N,,,,,,,,,,Y,2,0,1,1,A,-,8,22107,,N,E,I,A,A,H,-,A,D,0,,,,,Y,,A,7,1,0,0,0,0,0,0,0,0,- ,- ,32.70843887,-115.525032,IMPERIAL,UNINCORPORATED,-115.5250473,32.70850372
90998139,2019,5/29/2019,9625,5/18/2019,1830,18279,,6,2,9,1300,0,1,1,,2,1,"I-8, E/B",SR-98,12144,W,N,A,G,Y,,,8,,,,,,E,Y,3,0,2,1,A,-,8,22107,,N,F,A,A,A,H,-,A,D,0,,,,,Y,,D,22,0,1,1,0,0,0,0,0,0,- ,- ,32.71175003,-116.0539322,IMPERIAL,UNINCORPORATED,-116.0541077,32.71180725
90998521,2019,5/29/2019,9625,5/20/2019,251,20054,,1,3,9,1300,0,3,5,,2,50,MCCABE ROAD,SR-111,2376,W,N,A,-,N,,,,,,,,,,Y,4,0,1,1,A,-,8,22107,,N,E,I,A,A,H,-,D,D,0,,,,,Y,,A,7,0,0,1,0,0,0,0,0,0,- ,- ,32.75239944,-115.5084915,IMPERIAL,UNINCORPORATED,-115.5085449,32.75251007
90999280,2019,5/30/2019,9625,5/23/2019,1645,20263,,4,2,9,1300,0,3,5,,2,40,ANZA ROAD,HAMMERS ROAD,200,E,N,A,-,N,,,,,,,,,,Y,3,0,1,2,A,-,1,23152,A,N,B,C,A,A,H,-,A,D,0,,,,,Y,Y,A,7,0,1,0,0,0,0,0,0,0,- ,- ,32.66453934,-115.5503006,IMPERIAL,UNINCORPORATED,-115.5503922,32.66453552
90999507,2019,5/30/2019,9625,5/30/2019,950,16489,,4,1,9,1300,0,1,3,,2,53,"SR-111, S/B",MCCABE ROAD,665,N,N,A,-,Y,,,111,,,,,,S,Y,4,0,1,2,A,-,3,22350,,N,C,C,A,A,H,-,A,A,0,,,,,Y,,A,1,0,0,1,0,0,0,0,0,0,- ,- ,32.75432968,-115.5008698,IMPERIAL,UNINCORPORATED,-115.5007858,32.75432968
91004018,2019,6/5/2019,9625,4/9/2019,1655,17809,,2,2,9,1300,0,3,5,,2,10,S-22 (BORREGO SALTON SEA WAY),SAN DIEGO COUNTY LINE,11246,E,N,G,-,N,,,,,,,,,,Y,1,2,0,1,A,-,3,22350,,N,F,A,A,A,H,-,A,A,0,,,Y,,Y,,C,2,0,0,0,0,0,0,0,2,0,- ,- ,33.27536011,-116.0409317,IMPERIAL,UNINCORPORATED,-116.0470352,33.27469635
91004951,2019,6/6/2019,9620,6/2/2019,1915,18290,,7,2,9,1300,0,1,3,,1,63,SR-78,BLACK MOUNTAIN ROAD,13728,E,N,A,-,Y,,,78,,,,,,,Y,3,0,1,1,A,-,1,23152,A,N,E,I,A,A,H,-,A,D,0,,,,,Y,Y,D,22,0,1,0,0,0,0,0,0,0,- ,- ,33.15697098,-114.8689575,IMPERIAL,UNINCORPORATED,-114.8689117,33.15697098
91006049,2019,6/10/2019,9625,5/29/2019,1805,19667,,3,2,9,1300,0,1,3,,1,54,SOUTHBOUND STATE ROUTE 111,HARRIS ROAD,550,S,N,A,-,Y,,,111,,,,,,,Y,2,0,1,1,A,-,8,22107,,N,F,I,A,A,H,-,A,D,0,,,,,Y,,A,7,1,0,0,0,0,0,0,0,0,- ,- ,32.882061,-115.5093307,IMPERIAL,UNINCORPORATED,-115.5091553,32.882061
91006051,2019,6/10/2019,9625,6/1/2019,2204,20054,,6,3,9,1300,0,1,3,,2,52,SR-98,BONDS CORNER ROAD,5174,E,N,A,-,Y,,,98,,,,,,,Y,2,0,1,1,A,-,1,23152,F,N,F,A,A,A,H,-,D,D,0,,,,,Y,,A,7,1,0,0,0,0,0,0,0,0,- ,- ,32.69419098,-115.3199997,IMPERIAL,UNINCORPORATED,-115.3199997,32.69420624
9101020,2020,8/11/2020,1304,5/27/2020,1140,359,,3,5,4,1304,0,0,0,,0,,ROSS AV,FAIRFIELD,0,W,N,A,-,N,,,,,,,,,,Y,4,0,1,2,A,-,6,21754,,N,D,C,A,A,H,-,A,A,0,,,,Y,Y,,A,1,0,0,1,0,0,0,0,0,0,- ,- ,,,IMPERIAL,EL CENTRO,-115.5417023,32.78150177
91010744,2019,6/17/2019,9625,6/4/2019,1445,19035,,2,2,9,1300,0,1,3,,2,53,STATE ROUTE 111 NORTHBOUND,HEBER ROAD,3968,N,N,A,-,Y,,,111,,,,,,N,N,4,0,1,1,A,-,3,22350,,N,F,A,A,A,D,H,A,D,0,,,Y,,Y,,C,2,0,0,1,0,0,0,0,0,1,- ,- ,32.74169922,-115.5003967,IMPERIAL,UNINCORPORATED,-115.5006027,32.7416954
91013370,2019,6/19/2019,9620,6/16/2019,2031,19582,Quech,7,2,9,1300,0,2,4,,1,75,SAN PASCUAL SCHOOL RD,BASE LINE RD,1795,W,N,A,-,N,,,,,,,,,,N,3,0,1,2,A,-,11,21956,,N,G,B,E,A,H,-,D,D,0,Y,,,,Y,Y,N,60,0,1,0,0,1,0,0,0,0,- ,- ,32.74552917,-114.60466,IMPERIAL,UNINCORPORATED,-114.6046371,32.74549866
91013385,2019,6/19/2019,9625,6/8/2019,245,20111,,6,3,9,1300,0,1,3,,1,21,SR-111,FREDERICKS ROAD,120,N,N,A,-,Y,,,111,,,,,,,Y,2,0,1,1,A,-,8,22107,,N,F,A,A,A,H,-,D,A,0,,,,,Y,,A,1,1,0,0,0,0,0,0,0,0,- ,- ,33.00548935,-115.526619,IMPERIAL,UNINCORPORATED,-115.5265427,33.00548935
91013722,2019,6/27/2019,9625,6/7/2019,1520,19667,,5,2,9,1300,0,1,3,,2,56,STATE ROUTE 115,ALAMO ROAD,0,,Y,A,-,Y,,,115,,,,,,,Y,2,0,3,2,A,-,9,21802,A,N,D,C,A,A,H,-,A,A,0,,,,,Y,,D,22,3,0,0,0,0,0,0,0,0,- ,- ,32.81835938,-115.4061432,IMPERIAL,UNINCORPORATED,-115.4061356,32.81835938
91014004,2019,6/20/2019,9625,6/4/2019,708,17432,,2,1,9,1300,1,1,3,,2,58,STATE ROUTE 86,HEFFERNAN ROAD,415,E,N,A,-,Y,,,86,,,,,,,N,4,0,2,2,A,-,3,22350,,N,C,C,A,A,H,-,A,D,0,,,,,Y,,A,7,0,0,2,0,0,0,0,0,0,- ,- ,32.73069,-115.5261383,IMPERIAL,UNINCORPORATED,-115.5261383,32.73070908
91018027,2019,6/26/2019,9625,6/14/2019,605,17055,,5,1,9,1300,0,1,3,,1,11,SR-86 (N/B),LACK ROAD,0,,Y,A,-,Y,,,86,,,,,,,Y,3,0,1,2,A,-,9,21803,A,N,D,C,A,A,H,-,A,A,0,,,,,Y,,A,1,0,1,0,0,0,0,0,0,0,- ,- ,33.03741837,-115.6474228,IMPERIAL,UNINCORPORATED,-115.6474228,33.03739166
91021324,2019,7/1/2019,9620,6/23/2019,1310,20738,Quech,7,1,9,1300,0,3,5,,2,70,BASELINE RD,COCOPAH CANAL,68,S,N,A,-,N,,,,,,,,,,Y,4,0,1,2,A,-,5,21460,A,N,A,C,A,A,H,-,A,D,0,,,,,Y,,A,7,0,0,1,0,0,0,0,0,0,- ,- ,32.7425499,-114.5988083,IMPERIAL,UNINCORPORATED,-114.5988083,32.74237823
91023779,2019,7/3/2019,9625,6/26/2019,2112,19668,,3,2,9,1300,0,1,3,,2,43,STATE ROUTE 86 S/B,MCCABE ROAD,0,,Y,A,-,Y,,,86,,,,,,S,Y,3,0,2,2,A,-,12,21453,A,N,D,C,A,A,H,-,C,A,0,,,,,Y,,A,1,0,2,0,0,0,0,0,0,0,- ,- ,32.7523613,-115.5518188,IMPERIAL,UNINCORPORATED,-115.5518723,32.75235748
91027695,2019,7/9/2019,9625,6/28/2019,1938,18464,,5,2,9,1300,0,1,3,,1,11,SR-86 (N/B),KALIN ROAD,0,,Y,A,-,Y,,,86,,,,,,,Y,4,0,2,2,A,-,9,21803,A,N,D,C,A,A,H,-,A,A,0,,,,,Y,,A,1,0,0,2,0,0,0,0,0,0,- ,- ,32.98500061,-115.5780334,IMPERIAL,UNINCORPORATED,-115.57798,32.98504257
91029045,2019,7/11/2019,9625,7/1/2019,2035,18930,,1,2,9,1300,0,1,3,,2,53,"SR-111, S/B",MCCABE ROAD,1290,N,N,A,-,Y,,,111,,,,,,S,Y,2,0,3,3,A,-,3,22350,,N,C,C,A,A,H,-,B,D,0,,,,,Y,,A,1,1,0,2,0,0,0,0,0,0,- ,- ,32.75740051,-115.5009995,IMPERIAL,UNINCORPORATED,-115.500824,32.75740051
91030644,2019,7/15/2019,9625,7/6/2019,1540,19667,,6,2,9,1300,0,3,5,,2,40,BROCKMAN ROAD,LYONS ROAD,0,,Y,A,-,N,,,,,,,,,,Y,3,0,6,3,A,-,9,21802,A,N,D,C,A,A,H,-,A,A,0,,,,,Y,,A,1,0,1,5,0,0,0,0,0,0,- ,- ,32.71609879,-115.6380386,IMPERIAL,UNINCORPORATED,-115.6377792,32.71606827
91031063,2019,7/15/2019,9625,5/1/2019,2315,22010,,3,3,9,1300,0,1,3,,2,24,SR-78 W/B,BUTTERS ROAD,2112,E,N,A,-,Y,,,78,,,,,,W,Y,1,1,1,2,A,-,1,23152,G,N,A,C,A,A,H,-,D,D,0,,,,Y,Y,Y,D,22,0,0,1,0,0,0,0,0,0,- ,- ,32.97451019,-115.3645935,IMPERIAL,UNINCORPORATED,-115.3645935,32.97467041
91032961,2019,7/18/2019,9625,7/7/2019,1155,18773,,7,1,9,1300,0,1,3,,2,52,SR-98,SR-7,0,,Y,A,-,Y,,,98,,,,,,,Y,3,0,2,2,A,-,12,21453,A,N,D,C,A,A,H,-,A,A,0,,,,,Y,,J,48,0,1,1,0,0,0,0,0,0,- ,- ,32.69377136,-115.3791809,IMPERIAL,UNINCORPORATED,-115.3791809,32.69377518
91035620,2019,7/23/2019,9620,7/16/2019,2159,18468,,2,2,9,1300,0,1,1,,2,81,INTERSTATE 8 (W/B),BROCK REASEARCH CENTER ROAD,11088,E,N,A,-,Y,,,8,,,,,,,Y,4,0,2,2,A,-,3,22350,,N,C,C,A,A,H,-,D,D,0,,,,,Y,,A,1,0,0,2,0,0,0,0,0,0,- ,- ,32.7081604,-114.9989777,IMPERIAL,UNINCORPORATED,-114.9989777,32.70809174
91037090,2019,7/24/2019,9625,7/18/2019,10,20263,,4,3,9,1300,0,1,1,,2,2,I-8 W/B,SR-98,22176,W,N,A,-,Y,,,8,,,,,,W,Y,2,0,3,1,A,-,8,22107,,N,F,A,A,A,H,-,D,D,0,,,,,Y,,A,1,1,2,0,0,0,0,0,0,0,- ,- ,32.70674896,-116.0660324,IMPERIAL,UNINCORPORATED,-116.0658951,32.70665741
91039794,2019,7/26/2019,9625,7/21/2019,1846,19668,,7,2,9,1300,0,2,4,,2,46,DOGWOOD ROAD,WILLOUGHBY ROAD,1174,S,N,A,-,N,,,,,,,,,,Y,4,0,2,1,A,-,3,22350,,N,F,A,A,A,H,-,A,D,0,,,Y,,Y,,C,2,0,0,2,0,0,0,0,0,2,- ,- ,32.70518875,-115.5340271,IMPERIAL,UNINCORPORATED,-115.5340729,32.70524216
9104008,2020,10/21/2020,1304,5/5/2020,1755,320,EAST,2,5,4,1304,0,0,0,,0,EAST,4TH ST,DESERT GARDENS DR,0,,Y,A,-,Y,IMP,11,86,-,-,6.499,I,5,N,N,3,0,1,2,A,-,9,21802,A,N,D,G,A,A,H,-,A,A,0,,Y,,,Y,,A,1,0,1,0,0,0,0,1,0,0,- ,- ,,,IMPERIAL,EL CENTRO,-115.5524292,32.78094864
91040521,2019,7/29/2019,9625,7/23/2019,1636,18792,,2,2,9,1300,0,3,5,,2,40,WORTHINGTON ROAD,HALL ROAD,3907,W,N,A,-,N,,,,,,,,,,Y,4,0,1,2,A,-,3,22350,,N,C,C,A,A,H,-,A,D,0,,,,,Y,,A,8,0,0,1,0,0,0,0,0,0,- ,- ,32.84738159,-115.6850281,IMPERIAL,UNINCORPORATED,-115.6849442,32.84734726
91044347,2019,8/2/2019,9625,7/27/2019,835,18279,,6,1,9,1300,0,1,3,,1,44,"SR-86, S/B",AUSTIN RD,1584,N,N,A,-,Y,,,86,,,,,,S,Y,3,0,1,1,A,-,8,22107,,N,F,A,A,A,H,-,A,D,0,,,,,Y,,A,1,0,1,0,0,0,0,0,0,0,- ,- ,32.95220947,-115.5633621,IMPERIAL,UNINCORPORATED,-115.5632553,32.95195007
91045311,2019,8/5/2019,9625,7/30/2019,932,18464,,2,1,9,1300,0,1,3,,1,12,SR-86,NORM NIVER ROAD,66,N,N,A,-,Y,,,86,,,,,,,Y,4,0,1,1,C,-,18,,,N,E,I,A,A,H,-,A,D,0,,,,,Y,,-,- ,0,0,1,0,0,0,0,0,0,- ,- ,33.35757828,-116.0190506,IMPERIAL,UNINCORPORATED,-116.0189056,33.35762405
91046921,2019,8/7/2019,9625,7/28/2019,830,18773,,7,1,9,1300,0,2,4,,2,45,EVAN HEWES HIGHWAY,JOHNSON LANE,42,E,N,A,-,N,,,,,,,,,,Y,3,0,1,1,A,-,1,23152,A,N,E,I,A,A,H,-,A,D,0,,,,,Y,Y,A,1,0,1,0,0,0,0,0,0,0,- ,- ,32.79660034,-115.6119003,IMPERIAL,UNINCORPORATED,-115.6119308,32.7965889
91047826,2019,8/8/2019,9625,8/2/2019,2308,21107,,5,3,9,1300,0,3,5,,2,20,BUTTERS ROAD,JONES ROAD,30,N,N,A,-,N,,,,,,,,,,Y,3,0,1,1,A,-,8,22107,,N,E,I,A,A,H,-,D,D,0,,,,,Y,,D,22,0,1,0,0,0,0,0,0,0,- ,- ,33.01549911,-115.3716888,IMPERIAL,UNINCORPORATED,-115.3713531,33.01552963
91048818,2019,8/9/2019,9625,8/4/2019,1820,19225,,7,2,9,1300,0,1,1,,2,3,I-8 E/B,DUNAWAY ROAD,5280,E,N,A,-,Y,,,8,,,,,,E,Y,2,0,2,1,A,-,8,22107,,N,F,A,A,A,H,-,A,D,0,,,,,Y,,D,22,2,0,0,0,0,0,0,0,0,- ,- ,32.77180099,-115.7852478,IMPERIAL,UNINCORPORATED,-115.7852554,32.77184296
91049932,2019,8/12/2019,9625,8/5/2019,1115,17727,,1,1,9,1300,0,3,5,,2,10,KALIN ROAD,BOARTS ROAD,360,N,N,A,-,N,,,,,,,,,,Y,4,0,1,1,A,-,8,22107,,N,E,I,A,A,H,-,A,D,0,,,,,Y,,A,1,0,0,1,0,0,0,0,0,0,- ,- ,33.03820038,-115.5783997,IMPERIAL,UNINCORPORATED,-115.5785294,33.03825378
91050957,2019,8/13/2019,9625,8/4/2019,2356,19668,,7,3,9,1300,0,1,3,,1,44,STATE ROUTE 86 S/B,KEYSTONE ROAD,0,,Y,A,-,Y,,,86,,,,,,S,Y,4,0,2,2,A,-,1,23152,A,N,C,C,A,A,H,-,C,A,0,,,,,Y,Y,A,1,0,0,2,0,0,0,0,0,0,- ,- ,32.91260147,-115.570137,IMPERIAL,UNINCORPORATED,-115.5700607,32.91260529
91052956,2019,8/15/2019,9625,8/7/2019,1015,17727,,3,1,9,1300,0,1,3,,1,12,SR-86 (S/B),SOUTH MARINA DRIVE,0,,Y,A,-,Y,,,86,,,,,,,Y,4,0,2,2,A,-,12,21453,A,N,D,C,A,A,H,-,A,A,0,,,,,Y,,A,7,0,0,2,0,0,0,0,0,0,- ,- ,33.27909851,-115.9644012,IMPERIAL,UNINCORPORATED,-115.9643936,33.27910233
91053800,2019,8/16/2019,9625,8/14/2019,1611,20054,,3,2,9,1300,0,2,4,,2,45,EVAN HEWES HIGHWAY,BROWN ROAD,841,E,N,A,-,N,,,,,,,,,,Y,4,0,1,2,A,-,3,22350,,N,C,C,A,A,D,-,A,A,0,,,,,Y,,A,1,0,0,1,0,0,0,0,0,0,- ,- ,32.7910614,-115.7716293,IMPERIAL,UNINCORPORATED,-115.7717896,32.79108429
91053821,2019,8/16/2019,9625,8/7/2019,645,18773,,3,1,9,1300,0,3,5,,2,40,WAHL ROAD,CLARK ROAD,3168,W,N,A,-,N,,,,,,,,,,Y,3,0,1,1,A,-,8,22107,,N,E,I,A,A,H,-,A,D,0,,,,,Y,,A,1,0,1,0,0,0,0,0,0,0,- ,- ,32.72348022,-115.5710983,IMPERIAL,UNINCORPORATED,-115.5704956,32.72341156
91057666,2019,8/22/2019,9625,8/13/2019,1100,16248,,2,1,9,1300,0,1,3,,2,53,SR-111 N/B,MCCABE ROAD,359,S,N,A,-,Y,,,111,,,,,,N,Y,4,0,1,2,A,-,3,22350,,N,C,C,A,A,H,-,A,A,0,,,,,Y,,D,22,0,0,1,0,0,0,0,0,0,- ,- ,32.75146866,-115.5004196,IMPERIAL,UNINCORPORATED,-115.5007477,32.75146484
91059127,2019,8/26/2019,9625,8/20/2019,1305,17809,,2,1,9,1300,0,3,5,,2,10,BERING BOULEVARD,CHARON AVENUE,0,,Y,A,-,N,,,,,,,,,,Y,3,0,1,2,A,-,9,21800,A,N,D,C,A,A,H,-,A,D,0,,,,,Y,,A,1,0,1,0,0,0,0,0,0,0,- ,- ,33.33852005,-115.9682693,IMPERIAL,UNINCORPORATED,-115.9684982,33.3386116
91066004,2019,2/18/2020,9625,8/21/2019,1915,17432,,3,2,9,1300,0,3,5,,2,50,BARBARA WORTH ROAD,HEBER ROAD,0,,Y,A,-,N,,,,,,,,,,Y,4,0,3,2,A,-,9,21802,A,N,D,C,A,A,H,-,D,A,0,,,,Y,Y,,A,1,0,0,3,0,0,0,0,0,0,- ,- ,32.73006058,-115.430687,IMPERIAL,UNINCORPORATED,-115.4308777,32.73023987
91066047,2019,9/3/2019,9625,8/24/2019,1638,20054,,6,2,9,1300,0,3,5,,2,20,WILKINS ROAD,MAIN STREET,3168,N,N,A,-,N,,,,,,,,,,Y,3,0,1,1,A,-,8,22107,,N,E,I,A,A,H,-,A,D,0,,,,,Y,,D,22,0,1,0,0,0,0,0,0,0,- ,- ,33.24803925,-115.510498,IMPERIAL,UNINCORPORATED,-115.5103989,33.2480545
91067195,2019,9/4/2019,9625,8/26/2019,2251,19668,,1,3,9,1300,0,2,4,,2,46,DOGWOOD ROAD,FAWCETT ROAD,2469,S,N,A,-,N,,,,,,,,,,Y,3,0,1,1,A,-,8,22107,,N,F,A,A,A,H,-,D,D,0,,,,,Y,,A,1,0,1,0,0,0,0,0,0,0,- ,- ,32.71709824,-115.5341415,IMPERIAL,UNINCORPORATED,-115.5342255,32.71660233