CASE_ID,ACCIDENT_YEAR,PROC_DATE,JURIS,COLLISION_DATE,COLLISION_TIME,OFFICER_ID,REPORTING_DISTRICT,DAY_OF_WEEK,CHP_SHIFT,POPULATION,CNTY_CITY_LOC,SPECIAL_COND,BEAT_TYPE,CHP_BEAT_TYPE,CITY_DIVISION_LAPD,CHP_BEAT_CLASS,BEAT_NUMBER,PRIMARY_RD,SECONDARY_RD,DISTANCE,DIRECTION,INTERSECTION,WEATHER_1,WEATHER_2,STATE_HWY_IND,CALTRANS_COUNTY,CALTRANS_DISTRICT,STATE_ROUTE,ROUTE_SUFFIX,POSTMILE_PREFIX,POSTMILE,LOCATION_TYPE,RAMP_INTERSECTION,SIDE_OF_HWY,TOW_AWAY,COLLISION_SEVERITY,NUMBER_KILLED,NUMBER_INJURED,PARTY_COUNT,PRIMARY_COLL_FACTOR,PCF_CODE_OF_VIOL,PCF_VIOL_CATEGORY,PCF_VIOLATION,PCF_VIOL_SUBSECTION,HIT_AND_RUN,TYPE_OF_COLLISION,MVIW,PED_ACTION,ROAD_SURFACE,ROAD_COND_1,ROAD_COND_2,LIGHTING,CONTROL_DEVICE,CHP_ROAD_TYPE,PEDESTRIAN_ACCIDENT,BICYCLE_ACCIDENT,MOTORCYCLE_ACCIDENT,TRUCK_ACCIDENT,NOT_PRIVATE_PROPERTY,ALCOHOL_INVOLVED,STWD_VEHTYPE_AT_FAULT,CHP_VEHTYPE_AT_FAULT,COUNT_SEVERE_INJ,COUNT_VISIBLE_INJ,COUNT_COMPLAINT_PAIN,COUNT_PED_KILLED,COUNT_PED_INJURED,COUNT_BICYCLIST_KILLED,COUNT_BICYCLIST_INJURED,COUNT_MC_KILLED,COUNT_MC_INJURED,PRIMARY_RAMP,SECONDARY_RAMP,LATITUDE,LONGITUDE,COUNTY,CITY,POINT_X,POINT_Y
91071338,2019,9/10/2019,9625,8/30/2019,1645,19667,,5,2,9,1300,0,2,4,,2,46,DOGWOOD ROAD,FAWCETT ROAD,300,N,N,A,-,N,,,,,,,,,,Y,3,0,1,2,A,-,3,22350,,N,C,C,A,A,H,-,A,D,0,,,,,Y,,A,1,0,1,0,0,0,0,0,0,0,- ,- ,32.72380066,-115.5343933,IMPERIAL,UNINCORPORATED,-115.5343552,32.72417068
91074243,2019,9/13/2019,9625,9/6/2019,2100,19225,,5,2,9,1300,0,3,5,,2,50,BOYD ROAD,HIGHWAY 115,19536,E,N,A,-,Y,,,,,,,,,,Y,4,0,1,1,A,-,1,23152,A,N,E,I,A,A,H,-,D,D,0,,,,,Y,Y,D,22,0,0,1,0,0,0,0,0,0,- ,- ,32.90193939,-115.3996429,IMPERIAL,UNINCORPORATED,-115.3429489,32.90209961
91074537,2019,9/13/2019,9625,9/8/2019,732,18207,,7,1,9,1300,0,1,3,,1,11,SR-86 S/B,BANNISTER ROAD,0,,Y,A,-,Y,,,86,,,,,,S,Y,2,0,2,2,A,-,9,21803,A,N,D,C,A,A,H,-,A,A,0,,,,,Y,,A,7,1,0,1,0,0,0,0,0,0,- ,- ,33.05170059,-115.7217865,IMPERIAL,UNINCORPORATED,-115.7217712,33.05172348
91077097,2019,9/18/2019,9625,9/6/2019,1630,17809,,5,2,9,1300,0,1,3,,1,22,STATE ROUTE 111,AVENUE A,3168,S,N,A,-,Y,,,111,,,,,,,Y,3,0,1,1,A,-,8,22107,,N,E,I,A,A,H,-,A,D,0,,,,,Y,,A,1,0,1,0,0,0,0,0,0,0,- ,- ,33.36264038,-115.7255402,IMPERIAL,UNINCORPORATED,-115.7256165,33.36274719
91077340,2019,9/18/2019,9625,9/10/2019,1645,18279,,2,2,9,1300,0,3,5,,2,50,ATEN RD,COOLEY ROAD,185,W,N,A,-,N,,,,,,,,,,N,4,0,1,2,A,-,7,21658,A,N,B,C,A,A,H,-,A,D,0,,,,,Y,,A,1,0,0,1,0,0,0,0,0,0,- ,- ,32.8254509,-115.5184784,IMPERIAL,UNINCORPORATED,-115.5191422,32.82553864
91077365,2019,9/18/2019,9625,9/6/2019,745,17432,,5,1,9,1300,0,2,4,,2,45,EVAN HEWES HIGHWAY,WESTSIDE ROAD,0,,Y,A,-,N,,,,,,,,,,Y,3,0,1,2,A,-,5,21460,C,N,D,C,A,A,H,-,A,D,0,,,,,Y,,A,1,0,1,0,0,0,0,0,0,0,- ,- ,32.79106903,-115.7332382,IMPERIAL,UNINCORPORATED,-115.7333221,32.79106903
91078366,2019,9/19/2019,9625,9/12/2019,1715,17809,,4,2,9,1300,0,1,3,,2,24,STATE ROUTE 78,STATE ROUTE 115,0,,Y,A,-,Y,,,78,,,,,,,Y,3,0,2,2,A,-,9,21802,B,N,D,C,A,A,H,-,A,A,0,,,,,Y,,D,22,0,2,0,0,0,0,0,0,0,- ,- ,32.97420883,-115.4054108,IMPERIAL,UNINCORPORATED,-115.4054031,32.97457123
91083722,2019,9/26/2019,9620,9/23/2019,1835,17051,,1,2,9,1300,0,1,1,,2,81,I-8 E/B,GORDONS WELL RD O/C,3168,E,N,C,-,Y,,,8,,,,,,E,Y,4,0,1,1,A,-,3,22350,,N,F,A,A,B,H,-,D,D,0,,,,,Y,,A,8,0,0,1,0,0,0,0,0,0,- ,- ,32.70877075,-114.9428864,IMPERIAL,UNINCORPORATED,-114.9428787,32.70854568
91083914,2019,9/26/2019,9625,9/24/2019,1741,18773,,2,2,9,1300,0,1,3,,2,53,SR-111 SOUTHBOUND,HEBER ROAD,75,N,N,A,-,Y,,,111,,,,,,S,Y,4,0,1,2,A,-,3,22350,,N,C,C,A,A,H,-,A,A,0,,,,,Y,,A,1,0,0,1,0,0,0,0,0,0,- ,- ,32.73088837,-115.5005112,IMPERIAL,UNINCORPORATED,-115.500412,32.73089218
91086906,2019,9/30/2019,9625,9/6/2019,730,13627,,5,1,9,1300,0,1,3,,1,22,STATE ROUTE 111,AVENUE A,7920,N,N,B,-,Y,,,111,,,,,,,Y,2,0,1,1,A,-,3,22350,,N,F,A,A,D,F,-,A,D,0,,,,,Y,,A,7,1,0,0,0,0,0,0,0,0,- ,- ,33.36381912,-115.7637177,IMPERIAL,UNINCORPORATED,-115.7640762,33.36326981
91088164,2019,10/1/2019,9625,8/13/2019,1928,18792,,2,2,9,1300,0,3,5,,2,40,AUSTIN ROAD,KEYSTONE ROAD,3696,N,N,A,-,N,,,,,,,,,,Y,1,1,2,1,A,-,8,22107,,N,F,A,A,A,H,-,B,A,0,,,,,Y,,A,1,0,2,0,0,0,0,0,0,0,- ,- ,32.92694092,-115.5943985,IMPERIAL,UNINCORPORATED,-115.5949326,32.9226532
91091938,2019,10/7/2019,9625,5/27/2019,1935,18930,,1,2,9,1300,0,2,4,,2,46,DOGWOOD ROAD,HAWK STREET,0,,Y,A,-,N,,,,,,,,,,Y,1,1,1,4,A,-,12,22450,A,N,D,C,A,A,H,-,A,A,0,,,,,Y,,A,7,1,0,0,0,0,0,0,0,0,- ,- ,32.73479843,-115.5345993,IMPERIAL,UNINCORPORATED,-115.5345078,32.73482132
91092539,2019,10/8/2019,9620,10/1/2019,1530,17837,Quech,2,2,9,1300,0,2,4,,1,75,S-24 (PICACHO RD),INDIAN ROCK RD,30,S,N,A,-,N,,,,,,,,,,N,3,0,1,2,A,-,8,22107,,N,B,C,A,A,H,-,A,D,0,,,,,Y,,E,22,0,1,0,0,0,0,0,0,0,- ,- ,32.76004028,-114.616127,IMPERIAL,UNINCORPORATED,-114.6161346,32.75996399
91094129,2019,10/9/2019,9625,9/27/2019,855,17055,,5,1,9,1300,0,1,3,,1,12,SR-86 (N/B),AIR PARK DRIVE,2640,N,N,A,-,Y,,,86,,,,,,,Y,2,0,1,1,A,-,8,22107,,N,E,I,A,A,H,-,A,A,0,,,,,Y,,A,1,1,0,0,0,0,0,0,0,0,- ,- ,33.25802994,-115.9482727,IMPERIAL,UNINCORPORATED,-115.9483032,33.25800705
91098763,2019,10/16/2019,9625,6/10/2019,1210,16248,,1,1,9,1300,0,3,5,,2,50,NORRISH ROAD,HOLT ROAD,0,,Y,A,-,N,,,,,,,,,,Y,1,1,1,2,A,-,12,22450,A,N,D,C,A,A,H,-,A,A,0,,,,Y,Y,,G,27,1,0,0,0,0,0,0,0,0,- ,- ,32.83275986,-115.3803177,IMPERIAL,UNINCORPORATED,-115.3802795,32.83274841
91098765,2019,10/16/2019,9625,10/5/2019,2043,18464,,6,2,9,1300,0,1,3,,2,53,SR-111 (S/B),HEBER ROAD,400,N,N,A,-,Y,,,111,,,,,,,N,4,0,1,2,A,-,3,22350,,N,C,C,A,A,H,-,A,D,0,,,,,Y,,D,22,0,0,1,0,0,0,0,0,0,- ,- ,32.7314682,-115.5006027,IMPERIAL,UNINCORPORATED,-115.5004272,32.73147202
91098773,2019,10/16/2019,9625,10/6/2019,2250,19225,,7,3,9,1300,0,1,3,,1,11,STATE ROUTE 86 (SOUTHBOUND),LACK ROAD,100,N,N,A,-,Y,,,86,,,,,,,Y,3,0,1,2,A,-,3,22350,,N,C,C,A,A,H,-,D,D,0,,,,,Y,,A,1,0,1,0,0,0,0,0,0,0,- ,- ,33.03718185,-115.6477432,IMPERIAL,UNINCORPORATED,-115.6477432,33.03708267
91098804,2019,10/16/2019,9625,10/4/2019,300,16248,,5,3,9,1300,0,3,5,,2,50,BARBARA WORTH DRIVE,EVAN HEWES HIGHWAY,2587,S,N,A,-,N,,,,,,,,,,Y,3,0,1,1,A,-,8,22107,,N,E,I,A,A,H,-,A,D,0,,,,,Y,,A,1,0,1,0,0,0,0,0,0,0,- ,- ,32.79631042,-115.4307709,IMPERIAL,UNINCORPORATED,-115.4306183,32.79669189
91101287,2019,10/21/2019,9625,10/9/2019,605,17432,,3,1,9,1300,0,1,1,,2,1,I-8 W/B TO DREW RD S/B,DREW ROAD,0,,Y,A,-,Y,,,8,,,,R,,W,Y,4,0,2,2,A,-,12,22450,A,N,D,C,A,A,H,-,B,A,0,,,,,Y,,D,22,0,0,2,0,0,0,0,0,0,- ,- ,32.77457047,-115.6903305,IMPERIAL,UNINCORPORATED,-115.6903305,32.77457047
91102697,2019,10/23/2019,9625,10/18/2019,2052,18464,,5,2,9,1300,0,1,3,,2,52,SR-98,VENCILL ROAD,1267,W,N,A,-,Y,,,98,,,,,,,Y,2,0,3,2,A,-,1,23152,A,F,A,C,A,A,H,-,D,D,0,,,,,Y,Y,A,7,1,1,1,0,0,0,0,0,0,- ,- ,32.6938591,-115.3584518,IMPERIAL,UNINCORPORATED,-115.3584518,32.69381332
91103099,2019,10/22/2019,9625,10/10/2019,1723,18464,,4,2,9,1300,0,3,5,,2,50,BARBARA WORTH ROAD,MCCABE ROAD,0,,Y,A,-,N,,,,,,,,,,Y,4,0,2,2,A,-,9,21802,A,N,D,C,A,A,H,-,A,A,0,,,,,Y,,A,1,0,0,2,0,0,0,0,0,0,- ,- ,32.75194931,-115.4307404,IMPERIAL,UNINCORPORATED,-115.4307404,32.75194168
91106794,2019,10/25/2019,9625,10/3/2019,1621,18464,,4,2,9,1300,0,3,5,,2,50,OLD HIGHWAY 111,ATEN ROAD,0,,Y,A,-,N,,,,,,,,,,Y,4,0,1,2,A,-,9,21802,A,N,D,C,A,A,H,-,A,D,0,,,,,Y,,A,1,0,0,1,0,0,0,0,0,0,- ,- ,32.82577896,-115.5012894,IMPERIAL,UNINCORPORATED,-115.5013123,32.82577133
91106812,2019,10/25/2019,9625,10/17/2019,156,21107,,4,3,9,1300,0,1,3,,1,54,STATE ROUTE 111 NORTHBOUND,WORTHINGTON ROAD,0,,Y,A,-,Y,,,111,,,,,,N,Y,4,0,1,1,A,-,8,22107,,N,E,I,A,A,H,-,C,A,0,,,,,Y,,A,1,0,0,1,0,0,0,0,0,0,- ,- ,32.84767914,-115.5075378,IMPERIAL,UNINCORPORATED,-115.5077209,32.84761047
91106818,2019,10/25/2019,9625,10/17/2019,1455,18464,,4,2,9,1300,0,3,5,,2,50,PITZER ROAD,MCCABE ROAD,0,,Y,A,-,N,,,,,,,,,,Y,4,0,1,2,A,-,9,21801,A,N,A,C,A,A,H,-,A,A,0,,,,,Y,,A,1,0,0,1,0,0,0,0,0,0,- ,- ,32.75244904,-115.5175781,IMPERIAL,UNINCORPORATED,-115.5176315,32.75246048
91112690,2019,11/4/2019,9625,10/24/2019,1540,20054,,4,2,9,1300,0,2,4,,2,46,DOGWOOD ROAD,WILLOUGHBY ROAD,843,N,N,A,-,N,,,,,,,,,,Y,4,0,3,2,A,-,3,22350,,N,C,C,A,A,H,-,A,D,0,,,,,Y,,A,1,0,0,3,0,0,0,0,0,0,- ,- ,32.71121979,-115.5340729,IMPERIAL,UNINCORPORATED,-115.5341263,32.71075439
91113152,2019,11/4/2019,9625,10/27/2019,800,19668,,7,1,9,1300,0,1,3,,1,12,STATE ROUTE 86 SOUTHBOUND,NORM NIVER ROAD,0,,Y,A,-,Y,,,86,,,,,,S,Y,3,0,1,2,A,-,9,21802,A,N,D,C,A,A,H,-,A,A,0,,,,,Y,,E,22,0,1,0,0,0,0,0,0,0,- ,- ,33.35739899,-116.0183868,IMPERIAL,UNINCORPORATED,-116.0187988,33.3572731
91113325,2019,11/5/2019,9625,10/27/2019,715,13627,,7,1,9,1300,0,1,3,,1,42,STATE ROUTE 98,COYOTE 1,7920,E,N,B,-,Y,,,98,,,,,,,Y,4,0,1,1,A,-,8,22107,,N,F,A,A,A,H,-,B,D,0,,,,,Y,,A,7,0,0,1,0,0,0,0,0,0,- ,- ,32.67792892,-115.8962936,IMPERIAL,UNINCORPORATED,-115.8962936,32.67792511
91115395,2019,11/7/2019,9625,11/5/2019,335,20263,,2,3,9,1300,0,1,1,,2,1,I-8 E/B,MOUNTAIN SPRINGS ROAD,7180,W,N,A,-,Y,,,8,,,,,,E,Y,2,0,1,1,A,-,8,22107,,N,E,I,A,A,H,-,D,D,0,,,,Y,Y,,F,27,1,0,0,0,0,0,0,0,0,- ,- ,32.6639595,-116.1056671,IMPERIAL,UNINCORPORATED,-116.1055298,32.66402054
91119421,2019,11/13/2019,9620,11/10/2019,1322,18734,,7,1,9,1300,0,1,1,,2,82,I-8 W/B,WINTERHAVEN DR,14256,W,N,A,-,Y,,,8,,,,,,W,Y,2,0,6,2,A,-,7,21658,A,N,B,C,A,A,H,-,A,D,0,,,,,Y,,A,7,1,1,4,0,0,0,0,0,0,- ,- ,32.74116898,-114.681221,IMPERIAL,UNINCORPORATED,-114.6812286,32.74111557
91121010,2019,11/15/2019,9625,11/3/2019,905,17432,,7,1,9,1300,0,1,1,,2,1,INTERSTATE 8 (E/B),MOUNTAIN SPRINGS ROAD,1780,E,N,A,-,Y,,,8,,,,,,,Y,3,0,1,1,A,-,8,22107,,N,E,I,A,A,H,-,A,D,0,,,,,Y,,A,7,0,1,0,0,0,0,0,0,0,- ,- ,32.67285156,-116.0942383,IMPERIAL,UNINCORPORATED,-116.0942078,32.67293167
91124251,2019,11/20/2019,9620,11/14/2019,1500,18290,,4,2,9,1300,0,1,3,,1,63,SR-78,MIDWAY WELL RD,1584,E,N,A,-,Y,,,78,,,,,,,Y,3,0,3,1,A,-,6,21751,,N,E,I,A,A,H,-,A,D,0,,,,,Y,,A,1,0,3,0,0,0,0,0,0,0,- ,- ,33.22349167,-114.8506393,IMPERIAL,UNINCORPORATED,-114.8506851,33.22352219
91133491,2019,12/2/2019,9625,11/21/2019,1340,16248,,4,1,9,1300,0,2,4,,2,46,DOGWOOD ROAD,KEYSTONE ROAD,1584,S,N,A,-,N,,,,,,,,,,Y,4,0,1,3,A,-,3,22350,,N,C,C,A,A,G,-,A,D,0,,,,,Y,,A,1,0,0,1,0,0,0,0,0,0,- ,- ,32.9085083,-115.5355682,IMPERIAL,UNINCORPORATED,-115.5355301,32.90839005
91135380,2019,12/4/2019,9625,11/28/2019,1455,19225,,4,2,9,1300,0,1,3,,1,12,SR-86 S/B,AIR PARK DRIVE,18480,S,N,C,-,Y,,,86,,,,,,S,Y,3,0,2,3,A,-,3,22350,,N,C,C,A,D,G,-,A,D,0,,,,,Y,,A,7,0,2,0,0,0,0,0,0,0,- ,- ,33.18515015,-115.902153,IMPERIAL,UNINCORPORATED,-115.9016953,33.18587875
91135580,2019,12/4/2019,9625,11/28/2019,1440,20054,,4,2,9,1300,0,1,1,,2,2,I-8 W/B,MOUNTAIN SPRINGS ROAD,5438,E,N,C,-,Y,,,8,,,,,,W,Y,3,0,2,1,A,-,3,22350,,N,E,J,A,B,H,-,A,D,0,,,,,Y,,A,1,0,1,1,0,0,0,0,0,0,- ,- ,32.68943024,-116.0912399,IMPERIAL,UNINCORPORATED,-116.091217,32.68941116
91136269,2019,12/5/2019,9625,11/22/2019,1940,18930,,5,2,9,1300,0,1,3,,2,52,SR-98,BONESTEELE ROAD,1056,W,N,A,-,Y,,,98,,,,,,,Y,3,0,1,1,A,-,8,22107,,N,F,I,A,A,H,-,D,D,0,,,,,Y,,A,7,0,1,0,0,0,0,0,0,0,- ,- ,32.69430161,-115.3182983,IMPERIAL,UNINCORPORATED,-115.318306,32.69438553
91136841,2019,12/5/2019,9625,11/29/2019,1815,19035,,5,2,9,1300,0,1,3,,2,53,STATE ROUTE 111 SOUTHBOUND,HEBER ROAD,250,N,N,A,-,Y,,,111,,,,,,S,Y,4,0,1,2,A,-,3,22350,,N,C,C,A,A,H,-,D,A,0,,,,,Y,,A,1,0,0,1,0,0,0,0,0,0,- ,- ,32.73130035,-115.5005035,IMPERIAL,UNINCORPORATED,-115.5004196,32.73130035
91141309,2019,12/11/2019,9625,12/2/2019,1900,22010,,1,2,9,1300,0,1,3,,2,52,SR-98 W/B,INTERSTATE 8,2240,W,N,A,-,Y,,,98,,,,,,W,Y,4,0,1,2,A,-,1,23152,A,N,B,C,A,A,H,-,D,D,0,,,,,Y,Y,A,7,0,0,1,0,0,0,0,0,0,- ,- ,32.7089386,-115.0968704,IMPERIAL,UNINCORPORATED,-115.0968704,32.7089386
91141374,2019,12/11/2019,9625,12/1/2019,1225,17055,,7,1,9,1300,0,1,3,,1,12,SR-86 (S/B),NORM NIVER ROAD,0,,Y,A,-,Y,,,86,,,,,,,Y,3,0,1,2,A,-,9,21802,A,N,D,C,A,A,H,-,A,A,0,,,,,Y,,A,1,0,1,0,0,0,0,0,0,0,- ,- ,33.35739136,-116.0187912,IMPERIAL,UNINCORPORATED,-116.0188293,33.3573761
91143303,2019,12/13/2019,9625,12/4/2019,1410,19886,,3,2,9,1300,0,3,5,,2,10,ARGUS AVE,BLACK SEA AVE,0,,Y,B,C,N,,,,,,,,,,Y,3,0,1,2,A,-,3,22352,A,N,D,C,A,B,H,-,A,D,0,,,,,Y,,A,1,0,1,0,0,0,0,0,0,0,- ,- ,33.33586121,-115.9741287,IMPERIAL,UNINCORPORATED,-115.9740906,33.33583069
91146146,2019,12/18/2019,9625,12/8/2019,1703,19035,,7,2,9,1300,0,3,5,,2,20,BEAL ROAD,CUFF ROAD,350,E,N,A,-,N,,,,,,,,,,N,4,0,2,2,A,-,8,22107,,N,A,C,A,A,H,-,C,D,0,,,,,Y,,A,7,0,0,2,0,0,0,0,0,0,- ,- ,33.2417984,-115.4932022,IMPERIAL,UNINCORPORATED,-115.4934006,33.2417984
91149978,2019,12/23/2019,9625,12/12/2019,1745,19035,,4,2,9,1300,0,3,5,,2,50,KLOKE ROAD,MADDOX ROAD,96,N,N,A,-,N,,,,,,,,,,Y,4,0,1,2,A,-,3,22350,,N,C,C,A,A,H,-,C,D,0,,,,,Y,,D,22,0,0,1,0,0,0,0,0,0,- ,- ,32.69039917,-115.5166016,IMPERIAL,UNINCORPORATED,-115.5165863,32.69061279
91152857,2019,12/26/2019,9620,12/21/2019,950,18028,,6,1,9,1300,0,1,3,,1,63,SR-78 (BEN HULSE HIGHWAY),MITCHELLS CAMP RD,517,W,N,A,-,Y,,,78,,,,,,,Y,3,0,2,2,A,-,5,21460,A,N,A,C,A,A,H,-,A,D,0,,,,,Y,,A,1,0,2,0,0,0,0,0,0,0,- ,- ,33.30826187,-114.7404327,IMPERIAL,UNINCORPORATED,-114.7404327,33.30826187
91154071,2019,12/27/2019,9625,12/18/2019,756,18464,,3,1,9,1300,0,1,3,,2,43,SR-86,DOGWOOD ROAD,10,W,N,A,-,Y,,,86,,,,,,,N,4,0,1,2,A,-,21,22106,,N,C,C,A,A,H,-,A,D,0,,,,,Y,,A,1,0,0,1,0,0,0,0,0,0,- ,- ,32.73062897,-115.5345917,IMPERIAL,UNINCORPORATED,-115.5345917,32.73065567
91154333,2019,12/27/2019,9625,12/21/2019,42,21107,,6,3,9,1300,0,1,3,,2,53,STATE ROUTE 111 NORTHBOUND,INTERSTATE 8 E/B O/C,15,S,N,A,-,Y,,,111,,,,,,N,Y,4,0,1,1,A,-,8,22107,,N,E,I,A,A,H,-,C,D,0,,,,,Y,,A,1,0,0,1,0,0,0,0,0,0,- ,- ,32.77347946,-115.5011673,IMPERIAL,UNINCORPORATED,-115.5011978,32.77347946
91157492,2019,1/2/2020,9625,12/26/2019,950,18279,,4,1,9,1300,0,3,5,,2,10,BRANDT ROAD,STATE ROUTE 86,600,S,N,B,C,N,,,,,,,,,,Y,4,0,1,1,A,-,8,22107,,N,E,I,A,B,H,-,A,D,0,,,,,Y,,A,1,0,0,1,0,0,0,0,0,0,- ,- ,32.97660065,-115.5614014,IMPERIAL,UNINCORPORATED,-115.5614548,32.9774704
91160480,2019,1/7/2020,9625,12/25/2019,1427,18930,,3,2,9,1300,0,2,4,,2,46,DOGWOOD ROAD,FAWCETT ROAD,1500,S,N,A,-,N,,,,,,,,,,Y,4,0,1,1,A,-,8,22107,,N,E,I,A,A,H,-,A,D,0,,,,,Y,,A,1,0,0,1,0,0,0,0,0,0,- ,- ,32.71760178,-115.5341034,IMPERIAL,UNINCORPORATED,-115.5342712,32.71924973
91162770,2019,1/10/2020,9625,12/31/2019,1612,19035,,2,2,9,1300,0,3,5,,2,40,LA BRUCHERIE ROAD,WAHL ROAD,0,,Y,A,-,N,,,,,,,,,,Y,4,0,3,2,A,-,9,21802,A,N,D,C,A,A,H,-,A,A,0,,,,,Y,,A,1,0,0,3,0,0,0,0,0,0,- ,- ,32.72359848,-115.5774994,IMPERIAL,UNINCORPORATED,-115.5786896,32.82030869
91164167,2020,1/13/2020,9625,1/2/2020,805,16248,,4,1,9,1300,0,2,4,,2,57,EVAN HEWES HIGHWAY W/B,SR-115,100,W,N,A,-,N,,,,,,,,,,Y,3,0,1,2,A,-,7,21658,A,N,B,C,A,A,H,-,A,D,0,,,,,Y,,A,1,0,1,0,0,0,0,0,0,0,- ,- ,32.80585861,-115.4064636,IMPERIAL,UNINCORPORATED,-115.4064026,32.80576324
91164233,2020,1/13/2020,9625,1/4/2020,2230,19668,,6,3,9,1300,0,1,3,,2,53,SR-111 S/B,MCCABE ROAD,367,S,N,A,-,Y,,,111,,,,,,S,N,4,0,2,2,A,-,3,22350,,N,C,C,A,B,H,-,C,D,0,,,,,Y,,A,1,0,0,2,0,0,0,0,0,0,- ,- ,32.75127029,-115.5009308,IMPERIAL,UNINCORPORATED,-115.5007477,32.75127029
91164265,2020,1/13/2020,9625,1/4/2020,1723,20516,,6,2,9,1300,0,3,5,,2,40,CLARK ROAD,ATEN ROAD,268,S,N,A,-,N,,,,,,,,,,N,4,0,2,2,A,-,3,22350,,N,C,C,A,A,H,-,C,A,0,,,,,Y,,A,1,0,0,2,0,0,0,0,0,0,- ,- ,32.82458115,-115.5615692,IMPERIAL,UNINCORPORATED,-115.5615463,32.8246994
91168199,2020,1/20/2020,9625,1/7/2020,1319,17055,,2,1,9,1300,0,3,5,,2,10,WAKER ROAD,GENTRY ROAD,0,,Y,A,-,N,,,,,,,,,,Y,3,0,1,2,A,-,3,22350,,N,B,C,A,A,H,-,A,A,0,,,,Y,Y,,A,1,0,1,0,0,0,0,0,0,0,- ,- ,33.07513046,-115.6146469,IMPERIAL,UNINCORPORATED,-115.6144485,33.07555008
91173375,2020,1/24/2020,9625,1/21/2020,1618,20263,,2,2,9,1300,0,1,1,,2,2,I-8 W/B,MOUNTAIN SPRINGS ROAD,10560,E,N,A,G,Y,,,8,,,,,,W,Y,2,0,1,1,A,-,8,22107,,N,F,A,A,A,H,-,A,D,0,,,,,Y,,D,22,1,0,0,0,0,0,0,0,0,- ,- ,32.70959091,-116.06604,IMPERIAL,UNINCORPORATED,-116.0656052,32.70976639
91174202,2020,1/27/2020,9625,1/17/2020,2042,18773,,5,2,9,1300,0,1,3,,2,52,SR-98,BONESTEELE ROAD,2640,E,N,A,-,Y,,,98,,,,,,,Y,2,0,4,2,A,-,6,21751,,N,B,C,A,A,H,-,D,D,0,,,,,Y,,A,1,1,0,3,0,0,0,0,0,0,- ,- ,32.6943512,-115.3184891,IMPERIAL,UNINCORPORATED,-115.3184891,32.6943779
91174633,2019,1/29/2020,9625,9/29/2019,730,16248,,7,1,9,1300,0,1,3,,2,53,SR-111 N/B,I-8,1130,S,N,A,-,Y,,,111,,,,,,N,Y,1,1,2,4,A,-,8,22107,,F,C,G,A,A,H,-,A,D,0,,Y,,,Y,Y,A,1,2,0,0,0,0,1,2,0,0,- ,- ,32.77050018,-115.5009384,IMPERIAL,UNINCORPORATED,-115.5010986,32.77049255
91175887,2019,1/29/2020,9625,12/1/2019,1838,19225,,7,2,9,1300,0,1,1,,2,5,I-8 E/B,MILLER ROAD,3000,W,N,A,-,Y,,,8,,,,,,E,Y,1,1,5,3,A,-,8,22107,,N,C,E,E,A,H,-,D,D,0,Y,,,,Y,,A,1,0,3,2,0,1,0,0,0,0,- ,- ,32.7731514,-115.3127136,IMPERIAL,UNINCORPORATED,-115.3127136,32.77318954
91179983,2020,2/4/2020,9625,1/23/2020,1019,17432,,4,1,9,1300,0,2,4,,2,46,DOGWOOD ROAD,KEYSTONE ROAD,4752,S,N,A,-,N,,,,,,,,,,Y,4,0,1,1,A,-,3,22350,,N,E,I,A,A,H,-,A,D,0,,,,,Y,,A,8,0,0,1,0,0,0,0,0,0,- ,- ,32.89955902,-115.5356827,IMPERIAL,UNINCORPORATED,-115.5355377,32.8997345
9118043,2020,9/15/2020,1304,6/10/2020,810,359,,3,5,4,1304,0,0,0,,0,,MAIN ST,12TH ST,0,,Y,A,-,N,,,,,,,,,,Y,4,0,1,2,A,-,1,23152,A,N,D,C,A,A,H,-,A,A,0,,,,,Y,Y,A,1,0,0,1,0,0,0,0,0,0,- ,- ,,,IMPERIAL,EL CENTRO,-115.5655365,32.79283142
91180706,2020,2/5/2020,9625,2/1/2020,1655,19225,,6,2,9,1300,0,1,1,,2,5,I-8 EB FROM SR-111 SB,INTERSTATE 8 EB,280,S,N,A,-,Y,,,8,,,,R,,E,Y,4,0,1,1,A,-,8,22107,,N,F,A,A,A,H,-,A,D,0,,,Y,,Y,,C,2,0,0,1,0,0,0,0,0,1,- ,- ,32.77270889,-115.5018082,IMPERIAL,UNINCORPORATED,-115.5018082,32.77270889
91180770,2020,2/5/2020,9625,2/3/2020,1408,18279,,1,2,9,1300,0,3,5,,2,50,BOWKER ROAD,JASPER ROAD,0,,Y,B,-,N,,,,,,,,,,Y,2,0,2,2,A,-,12,22450,A,N,D,C,A,A,H,-,A,A,0,,,,,Y,,A,1,1,1,0,0,0,0,0,0,0,- ,- ,32.70853043,-115.4650803,IMPERIAL,UNINCORPORATED,-115.4651031,32.70856094