CASE_ID,ACCIDENT_YEAR,PROC_DATE,JURIS,COLLISION_DATE,COLLISION_TIME,OFFICER_ID,REPORTING_DISTRICT,DAY_OF_WEEK,CHP_SHIFT,POPULATION,CNTY_CITY_LOC,SPECIAL_COND,BEAT_TYPE,CHP_BEAT_TYPE,CITY_DIVISION_LAPD,CHP_BEAT_CLASS,BEAT_NUMBER,PRIMARY_RD,SECONDARY_RD,DISTANCE,DIRECTION,INTERSECTION,WEATHER_1,WEATHER_2,STATE_HWY_IND,CALTRANS_COUNTY,CALTRANS_DISTRICT,STATE_ROUTE,ROUTE_SUFFIX,POSTMILE_PREFIX,POSTMILE,LOCATION_TYPE,RAMP_INTERSECTION,SIDE_OF_HWY,TOW_AWAY,COLLISION_SEVERITY,NUMBER_KILLED,NUMBER_INJURED,PARTY_COUNT,PRIMARY_COLL_FACTOR,PCF_CODE_OF_VIOL,PCF_VIOL_CATEGORY,PCF_VIOLATION,PCF_VIOL_SUBSECTION,HIT_AND_RUN,TYPE_OF_COLLISION,MVIW,PED_ACTION,ROAD_SURFACE,ROAD_COND_1,ROAD_COND_2,LIGHTING,CONTROL_DEVICE,CHP_ROAD_TYPE,PEDESTRIAN_ACCIDENT,BICYCLE_ACCIDENT,MOTORCYCLE_ACCIDENT,TRUCK_ACCIDENT,NOT_PRIVATE_PROPERTY,ALCOHOL_INVOLVED,STWD_VEHTYPE_AT_FAULT,CHP_VEHTYPE_AT_FAULT,COUNT_SEVERE_INJ,COUNT_VISIBLE_INJ,COUNT_COMPLAINT_PAIN,COUNT_PED_KILLED,COUNT_PED_INJURED,COUNT_BICYCLIST_KILLED,COUNT_BICYCLIST_INJURED,COUNT_MC_KILLED,COUNT_MC_INJURED,PRIMARY_RAMP,SECONDARY_RAMP,LATITUDE,LONGITUDE,COUNTY,CITY,POINT_X,POINT_Y
91183280,2020,2/10/2020,9625,1/29/2020,1615,17809,,3,2,9,1300,0,2,4,,2,47,FORRESTER ROAD,ANDRE ROAD,15,S,N,A,-,N,,,,,,,,,,Y,2,0,1,2,A,-,5,21752,D,N,D,C,A,A,H,-,A,A,0,,,,Y,Y,,A,1,1,0,0,0,0,0,0,0,0,- ,- ,33.01517105,-115.6215897,IMPERIAL,UNINCORPORATED,-115.6215363,33.01554871
91184037,2020,2/10/2020,9625,2/2/2020,1040,19035,,7,1,9,1300,0,3,5,,2,10,WALKER ROAD,GENTRY ROAD,85,W,N,A,-,N,,,,,,,,,,Y,3,0,4,2,A,-,3,22350,,N,D,C,A,A,H,-,A,D,0,,,,,Y,,A,1,0,1,3,0,0,0,0,0,0,- ,- ,33.07490158,-115.6146011,IMPERIAL,UNINCORPORATED,-115.6145096,33.0753212
91184065,2020,2/10/2020,9625,1/23/2020,947,17727,,4,1,9,1300,0,3,5,,2,20,GENTRY ROAD,VAIL ROAD,1756,S,N,A,-,N,,,,,,,,,,Y,2,0,2,2,A,-,3,22350,,N,C,C,A,A,H,-,A,D,0,,,,,Y,,D,22,1,1,0,0,0,0,0,0,0,- ,- ,33.09949875,-115.6140976,IMPERIAL,UNINCORPORATED,-115.6143112,33.09944153
91185032,2020,2/12/2020,9620,2/9/2020,1532,19291,,7,2,9,1300,0,1,3,,1,62,SR-186,I-8,1056,S,N,A,-,N,,,186,,,,,,,Y,4,0,1,3,A,-,3,22350,,N,C,C,A,A,H,-,A,D,0,,,,,Y,,D,22,0,0,1,0,0,0,0,0,0,- ,- ,32.74055862,-114.7200089,IMPERIAL,UNINCORPORATED,-114.7200317,32.74055099
91193139,2020,2/25/2020,9625,2/16/2020,1120,17727,,7,1,9,1300,0,1,3,,1,22,SR-111,HOT MINERAL SPA ROAD,5650,S,N,A,-,N,,,,,,,,,,Y,3,0,1,1,A,-,8,22107,,N,F,A,A,A,H,-,A,D,0,,,,,Y,,A,1,0,1,0,0,0,0,0,0,0,- ,- ,33.37120056,-115.6800995,IMPERIAL,UNINCORPORATED,-115.676796,33.37120438
91193453,2020,2/25/2020,9625,2/23/2020,841,18207,,7,1,9,1300,0,3,5,,2,40,IMLER ROAD,FORRESTER ROAD,11088,W,N,A,-,N,,,,,,,,,,Y,4,0,1,1,A,-,8,22107,,N,E,I,A,A,H,-,A,D,0,,,,,Y,,A,1,0,0,1,0,0,0,0,0,0,- ,- ,32.92646027,-115.659523,IMPERIAL,UNINCORPORATED,-115.6575394,32.92650223
91194303,2019,2/26/2020,9625,11/5/2019,1015,13627,,2,1,9,1300,0,3,5,,2,50,KAVANAUGH ROAD,HIGHLINE ROAD,118,E,N,A,-,N,,,,,,,,,,Y,1,1,0,1,A,-,8,22107,,N,E,I,A,A,H,-,A,D,0,,,,,Y,,D,22,0,0,0,0,0,0,0,0,0,- ,- ,32.81100082,-115.3108826,IMPERIAL,UNINCORPORATED,-115.3104172,32.81108475
91199408,2020,3/2/2020,9625,2/19/2020,515,19668,,3,3,9,1300,0,3,5,,2,50,ZENOS ROAD,SR-115,3552,W,N,A,-,N,,,,,,,,,,N,3,0,1,3,A,-,3,22350,,N,D,C,A,A,H,-,D,D,0,,,,Y,Y,,A,1,0,1,0,0,0,0,0,0,0,- ,- ,32.81110001,-115.4176636,IMPERIAL,UNINCORPORATED,-115.4175949,32.81107712
91201034,2020,3/3/2020,9620,2/25/2020,2000,20738,,2,2,9,1300,0,2,4,,1,75,PICACHO ROAD (S24),HAUGHTELIN RD,528,S,N,A,G,N,,,,,,,,,,N,4,0,1,1,A,-,8,22107,,N,E,I,A,A,H,-,D,D,0,,,,,Y,,A,1,0,0,1,0,0,0,0,0,0,- ,- ,32.76546097,-114.6161118,IMPERIAL,UNINCORPORATED,-114.6162033,32.76580811
91201066,2020,3/3/2020,9625,3/1/2020,2150,21107,,7,2,9,1300,0,1,3,,2,53,STATE ROUTE 111,HEBER ROAD,0,,Y,A,G,Y,,,111,,,,,,,N,3,0,1,2,A,-,9,21801,A,N,D,C,A,A,H,-,C,A,0,,,,,Y,,A,1,0,1,0,0,0,0,0,0,0,- ,- ,32.73065186,-115.4998703,IMPERIAL,UNINCORPORATED,-115.5004044,32.73064041
91201625,2020,3/4/2020,9625,2/23/2020,730,17727,,7,1,9,1300,0,3,5,,2,10,BRANDT ROAD,ANDRE ROAD,0,,Y,A,-,N,,,,,,,,,,Y,4,0,1,2,A,-,9,21802,A,N,D,C,A,A,H,-,A,A,0,,,,,Y,,A,7,0,0,1,0,0,0,0,0,0,- ,- ,33.01544189,-115.5614624,IMPERIAL,UNINCORPORATED,-115.5614166,33.01548004
91201731,2020,3/4/2020,9625,3/3/2020,458,20054,,2,3,9,1300,0,3,5,,2,40,KEYSTONE ROAD,AUSTIN ROAD,3485,E,N,A,-,N,,,,,,,,,,Y,2,0,2,3,A,-,6,21751,,N,A,C,A,A,H,-,D,D,0,,,,,Y,Y,D,22,2,0,0,0,0,0,0,0,0,- ,- ,32.91255188,-115.5834732,IMPERIAL,UNINCORPORATED,-115.5836182,32.91254807
91207279,2020,3/12/2020,9620,3/1/2020,1255,18734,,7,1,9,1300,0,1,3,,1,63,SR-78 (BEN HULSE HIGHWAY),BLACK MOUNTAIN RD,6336,E,N,A,-,Y,,,78,,,,,,,N,2,0,1,2,A,-,6,21760,B,F,B,G,A,A,H,-,A,D,0,,Y,,,Y,,M,47,1,0,0,0,0,0,1,0,0,- ,- ,33.13698959,-114.8778076,IMPERIAL,UNINCORPORATED,-114.8778229,33.13700104
91208315,2020,3/16/2020,9625,3/4/2020,1240,17432,,3,1,9,1300,0,1,1,,2,2,INTERSTATE 8 (W/B),STATE ROUTE 98,4752,W,N,A,-,Y,,,8,,,,,,,Y,4,0,1,2,A,-,3,22350,,N,C,C,A,A,H,-,A,D,0,,,,Y,Y,,G,25,0,0,1,0,0,0,0,0,0,- ,- ,32.7252388,-116.0366211,IMPERIAL,UNINCORPORATED,-116.0366211,32.72523499
91210027,2020,3/17/2020,9625,2/17/2020,500,19667,,1,3,9,1300,0,1,3,,2,24,SR-78,GREEN ROAD,12091,E,N,A,-,Y,,,78,,,,,,,Y,2,0,2,2,A,-,8,22107,,N,A,C,A,A,H,-,D,D,0,,,,,Y,,D,22,2,0,0,0,0,0,0,0,0,- ,- ,32.97071075,-115.283577,IMPERIAL,UNINCORPORATED,-115.2835846,32.97064972
91212239,2020,3/19/2020,9620,3/14/2020,1425,20738,Quech,6,2,9,1300,0,2,4,,1,72,WINTERHAVEN DRIVE,S24 (PICACHO ROAD),4,E,N,B,-,N,,,,,,,,,,N,3,0,1,2,A,-,3,22350,,N,C,C,A,A,H,-,A,A,0,,,,,Y,,A,1,0,1,0,0,0,0,0,0,0,- ,- ,32.73616028,-114.6268616,IMPERIAL,UNINCORPORATED,,
91212375,2020,3/19/2020,9625,3/15/2020,1810,19668,,7,2,9,1300,0,1,1,,2,1,I-8 E/B,IN KO PAH PARK ROAD,4118,E,N,A,-,Y,,,8,,,,,,E,N,2,0,2,1,A,-,3,22350,,N,F,A,A,A,H,-,A,D,0,,,Y,,Y,,C,2,1,1,0,0,0,0,0,0,2,- ,- ,32.65248871,-116.0998077,IMPERIAL,UNINCORPORATED,-116.0998611,32.6525383
91213991,2020,3/23/2020,9620,3/17/2020,1050,16222,,2,1,9,1300,0,1,1,,2,82,INTERSTATE 8 (W/B),SR -186,1150,W,N,A,-,Y,,,8,,,,,,,Y,3,0,3,3,A,-,3,22350,,N,C,C,A,A,H,-,D,D,0,,,,Y,Y,,G,25,0,1,2,0,0,0,0,0,0,- ,- ,32.74409866,-114.7235031,IMPERIAL,UNINCORPORATED,-114.7235107,32.74401474
91214512,2020,3/24/2020,9625,3/18/2020,1525,19668,,3,2,9,1300,0,3,5,,2,50,BONDS CORNER ROAD,THIRD STREET,3168,S,N,B,-,N,,,,,,,,,,Y,4,0,1,2,A,-,6,21750,,M,C,C,A,A,H,-,A,D,0,,,,,Y,,A,1,0,0,1,0,0,0,0,0,0,- ,- ,32.80076981,-115.3681564,IMPERIAL,UNINCORPORATED,,
9121550,2020,9/3/2020,1304,6/22/2020,1451,E0145,ELCE,1,5,4,1304,0,0,0,,0,WEST,IMPERIAL AV,BRADSHAW,0,,Y,A,-,N,,,,,,,,,,Y,3,0,3,2,A,-,12,21453,A,N,D,C,A,A,H,-,A,A,0,,,,,Y,,-,,0,3,0,0,0,0,0,0,0,- ,- ,32.81111908,-115.5697708,IMPERIAL,EL CENTRO,,
91217619,2020,3/27/2020,9620,3/18/2020,1330,16222,,3,1,9,1300,0,1,1,,2,81,INTERSTATE 8 W/B,OGILBY RD,60,W,N,B,C,Y,,,8,,,,,,W,Y,3,0,1,1,B,-,22,,,N,F,A,A,B,H,-,A,D,0,,,,,Y,,-,98,0,1,0,0,0,0,0,0,0,- ,- ,32.76060104,-114.8377991,IMPERIAL,UNINCORPORATED,-114.8377914,32.76073837
91218396,2020,3/30/2020,9625,3/19/2020,1401,18792,,4,2,9,1300,0,3,5,,2,40,IMPERIAL HIGHWAY,IMPERIAL PLACE,30,S,N,A,-,N,,,,,,,,,,Y,3,0,1,1,A,-,3,22350,,N,F,A,A,A,H,-,A,D,0,,,,Y,Y,,G,25,0,1,0,0,0,0,0,0,0,- ,- ,32.74705887,-115.9945297,IMPERIAL,UNINCORPORATED,-115.9949265,32.74713135
91218628,2020,3/30/2020,9625,3/27/2020,115,21107,,5,3,9,1300,0,3,5,,2,40,WHEELER ROAD,HUFF ROAD,14784,W,N,A,-,N,,,,,,,,,,Y,2,0,3,1,A,-,8,22107,,N,F,A,A,A,H,-,D,D,0,,,,,Y,Y,A,7,3,0,0,0,0,0,0,0,0,- ,- ,32.88605118,-115.7613983,IMPERIAL,UNINCORPORATED,-115.7516022,32.86330032
91220824,2020,4/6/2020,9625,3/30/2020,1350,18464,,1,1,9,1300,0,1,1,,2,6,I-8 W/B,SR-98,21120,W,N,A,-,Y,,,8,,,,,,W,Y,3,0,1,2,A,-,3,22350,,N,C,C,A,A,H,-,A,D,0,,,,,Y,,A,1,0,1,0,0,0,0,0,0,0,- ,- ,32.73120117,-115.1539688,IMPERIAL,UNINCORPORATED,-115.1539536,32.73125458
91224188,2020,4/10/2020,9625,4/3/2020,1535,18464,,5,2,9,1300,0,3,5,,2,50,HEBER ROAD,CLAVERIE ROAD,1229,W,N,A,-,N,,,,,,,,,,Y,2,0,2,2,A,-,8,22107,,N,A,C,A,A,H,-,A,D,0,,,,,Y,,A,1,1,0,1,0,0,0,0,0,0,- ,- ,32.73049927,-115.4047012,IMPERIAL,UNINCORPORATED,,
91226275,2020,4/16/2020,9625,4/13/2020,445,19668,,1,3,9,1300,0,1,3,,2,52,SR-98,BONESTEELE ROAD,3379,W,N,A,-,N,,,,,,,,,,Y,3,0,1,1,A,-,8,22107,,N,F,A,A,A,H,-,D,D,0,,,,,Y,,A,1,0,1,0,0,0,0,0,0,0,- ,- ,32.77215958,-115.3087616,IMPERIAL,UNINCORPORATED,-115.3206329,32.69410706
91226577,2020,4/16/2020,9625,4/10/2020,937,18930,,5,1,9,1300,0,1,1,,2,4,INTERSTATE 8 W/B,WESTSIDE ROAD,3168,W,N,A,-,Y,,,8,,,,,,W,Y,2,0,1,1,A,-,8,22107,,N,F,A,A,A,H,-,A,D,0,,,,,Y,,A,1,1,0,0,0,0,0,0,0,0,- ,- ,32.77370071,-115.7435989,IMPERIAL,UNINCORPORATED,-115.7436447,32.77390289
91226848,2020,4/17/2020,9625,4/10/2020,835,16248,,5,1,9,1300,0,1,3,,2,53,SR-111 S/B TO I-8 E/B,I-8,293,S,N,B,C,Y,,,111,,,,R,,S,Y,4,0,1,1,A,-,3,22350,,N,F,A,A,B,H,-,A,D,0,,,,,Y,,A,1,0,0,1,0,0,0,0,0,0,- ,- ,32.77275848,-115.50177,IMPERIAL,UNINCORPORATED,-115.50177,32.77275848
91227740,2020,4/20/2020,9625,4/17/2020,2230,20054,,5,3,9,1300,0,1,3,,2,52,SR-98,I-8,8448,W,N,A,-,Y,,,98,,,,,,,Y,3,0,1,1,A,-,3,22350,,N,E,J,A,A,G,H,D,D,0,,,,,Y,,A,7,0,1,0,0,0,0,0,0,0,- ,- ,32.70938873,-115.116188,IMPERIAL,UNINCORPORATED,-115.116188,32.70946503
91233587,2020,5/4/2020,9625,4/24/2020,1800,19225,,5,2,9,1300,0,3,5,,2,50,HEBER AVENUE,E. 6TH STREET,332,N,N,A,-,N,,,,,,,,,,Y,4,0,1,2,A,-,1,23152,G,N,B,E,A,A,H,-,A,D,0,,,,,Y,,A,1,0,0,1,0,0,0,0,0,0,- ,- ,32.73337173,-115.5299988,IMPERIAL,UNINCORPORATED,-115.4935074,32.67178726
91234151,2020,5/5/2020,9625,4/30/2020,1530,18279,,4,2,9,1300,0,3,5,,2,20,HIGHLINE CANAL ROAD,BEAL ROAD,2640,N,N,A,-,N,,,,,,,,,,N,2,0,1,1,A,-,1,23152,A,N,H,A,A,A,H,-,A,D,0,,,,,Y,Y,M,47,1,0,0,0,0,0,0,0,0,- ,- ,33.24850082,-115.4871979,IMPERIAL,UNINCORPORATED,-115.4866104,33.24804688
91235989,2020,5/11/2020,9625,5/3/2020,1938,18279,,7,2,9,1300,0,1,3,,2,53,SR-111 S/B,SR-86,0,,Y,A,-,Y,,,111,,,,,,S,Y,3,0,2,2,A,-,9,21453,C,N,D,C,A,A,H,-,C,A,0,,,,,Y,,J,48,0,1,1,0,0,0,0,0,0,- ,- ,32.73070145,-115.5005035,IMPERIAL,UNINCORPORATED,-115.5004044,32.73070145
91238945,2020,5/18/2020,9625,5/9/2020,2240,22010,,6,3,9,1300,0,1,3,,1,11,N MARINA DRIVE,ARROW COURT,528,W,N,A,-,N,,,,,,,,,,Y,3,0,1,2,A,-,8,22107,,N,B,E,A,A,H,-,C,D,0,,,,,Y,,D,22,0,1,0,0,0,0,0,0,0,- ,- ,33.31628036,-115.9650574,IMPERIAL,UNINCORPORATED,-115.9651718,33.31615448
91239279,2020,5/18/2020,9625,5/11/2020,620,16248,,1,1,9,1300,0,1,1,,2,6,W/B I-8 TO NB SR-111,I-8 W/B,734,N,N,A,-,Y,,,8,,,,R,,,Y,4,0,1,1,A,-,8,22107,,N,F,A,A,A,H,-,A,D,0,,,,,Y,,A,1,0,0,1,0,0,0,0,0,0,- ,- ,32.77600861,-115.5009232,IMPERIAL,UNINCORPORATED,-115.5009232,32.77600861
91243071,2020,5/27/2020,9625,5/19/2020,2121,18792,,2,2,9,1300,0,1,3,,1,21,SR-111,RUTHERFORD ROAD,518,N,N,A,-,Y,,,111,,,,,,,N,2,0,1,2,A,-,11,21956,,N,G,B,E,A,H,-,D,D,0,Y,,,,Y,,N,60,1,0,0,0,1,0,0,0,0,- ,- ,33.0460701,-115.5271683,IMPERIAL,UNINCORPORATED,-115.5271378,33.04606628
91243349,2020,5/27/2020,9625,5/21/2020,1705,20263,,4,2,4,1304,0,1,1,,2,4,I-8 W/B,8TH STREET,1080,W,N,A,-,Y,,,8,,,,,,W,Y,4,0,1,1,A,-,1,23152,A,N,F,A,A,A,H,-,A,D,0,,,,,Y,Y,A,1,0,0,1,0,0,0,0,0,0,- ,- ,32.7739296,-115.5649414,IMPERIAL,EL CENTRO,-115.5649414,32.77405167
91243567,2020,5/28/2020,9625,5/19/2020,2243,20516,,2,3,9,1300,0,3,5,,2,50,BOWKER ROAD,MCCABE ROAD,0,,Y,A,-,N,,,,,,,,,,Y,4,0,2,2,A,-,12,22450,A,N,D,C,A,A,H,-,D,A,0,,,,,Y,,D,22,0,0,2,0,0,0,0,0,0,- ,- ,32.75202942,-115.4649963,IMPERIAL,UNINCORPORATED,-115.4650192,32.75210953
91243608,2020,5/28/2020,9625,5/23/2020,1700,18792,,6,2,9,1300,0,3,5,,2,20,BRANDT ROAD,WALKER ROAD,3168,N,N,A,-,N,,,,,,,,,,Y,3,0,1,1,A,-,1,23152,A,N,F,A,A,A,H,-,A,A,0,,,,,Y,Y,D,22,0,1,0,0,0,0,0,0,0,- ,- ,33.08256149,-115.5611801,IMPERIAL,UNINCORPORATED,-115.5612793,33.08173752
91246707,2020,6/3/2020,9625,5/24/2020,2040,20263,,7,2,9,1300,0,1,1,,2,6,I-8 W/B,IMP MPM 60,100,W,N,A,-,Y,,,8,,,,,,W,Y,4,0,1,2,A,-,3,22350,,N,C,C,A,A,H,-,D,D,0,,,,,Y,Y,A,1,0,0,1,0,0,0,0,0,0,- ,- ,32.73968124,-115.1810226,IMPERIAL,UNINCORPORATED,-115.1810226,32.7396698
91246708,2020,6/3/2020,9625,5/23/2020,1732,20263,,6,2,9,1300,0,1,3,,2,52,SR-98,DOGWOOD ROAD,1340,E,N,A,-,Y,,,98,,,,,,,Y,3,0,2,2,A,-,1,23152,F,N,C,C,A,A,H,-,A,D,0,,,,,Y,,A,7,0,2,0,0,0,0,0,0,0,- ,- ,32.67918015,-115.5284729,IMPERIAL,UNINCORPORATED,-115.5284729,32.679245
91249019,2020,6/8/2020,9625,6/1/2020,1800,19035,,1,2,9,1300,0,1,3,,2,52,SR-98,MOUNT SIGNAL ROAD,28512,W,N,A,-,Y,,,98,,,,,,,Y,3,0,1,1,A,-,8,22107,,N,F,A,A,A,H,-,A,D,0,,,,,Y,,A,1,0,1,0,0,0,0,0,0,0,- ,- ,32.67509842,-115.7843018,IMPERIAL,UNINCORPORATED,-115.7843475,32.67596817
91253697,2020,6/18/2020,9625,6/12/2020,500,20054,,5,3,9,1300,0,3,5,,2,10,AUSTIN ROAD,WEAVER ROAD,2270,N,N,A,-,N,,,,,,,,,,Y,3,0,1,1,A,-,8,22107,,M,E,I,A,A,H,-,D,D,0,,,,,Y,,D,22,0,1,0,0,0,0,0,0,0,- ,- ,32.93959045,-115.5809631,IMPERIAL,UNINCORPORATED,-115.5816193,32.93894196
9125706,2020,9/12/2020,1304,6/20/2020,107,E0187,EWEST,6,5,4,1304,0,0,0,,0,WEST,ADAMS,8TH,60,W,N,A,-,N,,,,,,,,,,N,3,0,1,2,A,-,9,21803,A,N,G,B,D,A,H,-,C,D,0,Y,,,,Y,,N,60,0,1,0,0,1,0,0,0,0,- ,- ,,,IMPERIAL,EL CENTRO,-115.561676,32.79655075
91259351,2019,6/26/2020,9625,10/2/2019,1230,18279,,3,1,9,1300,0,3,5,,2,20,ENGLISH ROAD,SCHRIMPF ROAD,0,,Y,A,-,N,,,,,,,,,,Y,1,2,3,2,A,-,9,21800,A,N,D,C,A,A,H,-,A,D,0,,,,,Y,,A,8,1,1,1,0,0,0,0,0,0,- ,- ,33.19831848,-115.5449677,IMPERIAL,UNINCORPORATED,-115.5449905,33.19832993
91260602,2020,6/30/2020,9620,6/27/2020,1610,18734,,6,2,9,1300,0,1,1,,2,81,I-8 W/B,SR-98,850,E,N,A,-,Y,,,8,,,,,,W,Y,4,0,1,1,A,-,8,22107,,N,E,I,A,A,H,-,A,D,0,,,,,Y,,A,1,0,0,1,0,0,0,0,0,0,- ,- ,32.70994186,-115.0861511,IMPERIAL,UNINCORPORATED,-115.0861969,32.70978546
91274746,2020,7/27/2020,9625,7/21/2020,1820,19667,,2,2,9,1300,0,2,4,,2,45,EVAN HEWES HIGHWAY,HIGGINS LANE,22,E,N,A,-,N,,,,,,,,,,Y,4,0,2,2,A,-,5,21752,D,N,C,C,A,A,H,-,A,A,0,,,,,Y,,A,1,0,0,2,0,0,0,0,0,0,- ,- ,32.79666901,-115.6018906,IMPERIAL,UNINCORPORATED,-115.6020584,32.79658127
91275924,2020,7/28/2020,9625,7/25/2020,10,20738,,6,3,9,1300,0,1,3,,1,11,SR-86 SOUTHBOUND,BUCK ROAD,2482,S,N,A,-,Y,,,86,,,,,,S,Y,2,0,2,1,A,-,1,23152,A,N,F,A,A,A,H,-,D,D,0,,,,,Y,Y,D,22,2,0,0,0,0,0,0,0,0,- ,- ,33.03752136,-115.6845398,IMPERIAL,UNINCORPORATED,-115.6845398,33.03741455
91281319,2020,8/5/2020,9625,7/27/2020,730,17727,,1,1,9,1300,0,3,5,,2,20,ALBRIGHT ROAD,KERSHAW ROAD,6864,E,N,A,-,N,,,,,,,,,,Y,2,0,1,1,A,-,8,22107,,N,F,A,A,A,H,-,A,D,0,,,,Y,Y,,G,27,1,0,0,0,0,0,0,0,0,- ,- ,33.10395813,-115.407402,IMPERIAL,UNINCORPORATED,-115.4863205,33.10385895
91281715,2020,8/6/2020,9625,7/29/2020,2202,21107,,3,3,9,1300,0,3,5,,2,50,HAVEN ROAD,ORCHARD ROAD,25,E,N,A,-,N,,,,,,,,,,Y,3,0,1,1,A,-,1,23152,F,N,E,I,A,A,H,-,C,D,0,,,,,Y,,A,1,0,1,0,0,0,0,0,0,0,- ,- ,32.79597855,-115.3836517,IMPERIAL,UNINCORPORATED,-115.3836365,32.7960701
91285936,2020,8/13/2020,9625,8/6/2020,2350,22010,,4,3,9,1300,0,1,1,,2,5,I-8 E/B,SR-111,6494,W,N,A,-,Y,,,8,,,,,,E,Y,4,0,1,2,A,-,3,22350,,N,C,C,A,A,H,-,C,D,0,,,,Y,Y,Y,G,25,0,0,1,0,0,0,0,0,0,- ,- ,32.77391815,-115.5232773,IMPERIAL,UNINCORPORATED,-115.5232773,32.77372742
91286454,2020,9/2/2020,9625,8/10/2020,2235,20111,,1,3,9,1300,0,3,5,,2,40,ATEN ROAD,SILSBEE ROAD,1562,E,N,A,-,N,,,,,,,,,,Y,3,0,1,1,A,-,8,22107,,N,E,I,A,A,H,-,D,D,0,,,,,Y,,A,1,0,1,0,0,0,0,0,0,0,- ,- ,32.82546997,-115.6413422,IMPERIAL,UNINCORPORATED,-115.6413727,32.82553101
91287043,2020,8/17/2020,9625,8/9/2020,1425,20263,,7,2,9,1300,0,1,3,,1,42,SR-98,ROCKWOOD ROAD,0,,Y,A,-,Y,,,98,,,,,,,Y,3,0,1,2,A,-,5,21752,D,N,B,C,A,A,H,-,A,A,0,,,,,Y,,A,7,0,1,0,0,0,0,0,0,0,- ,- ,32.67924118,-115.6209106,IMPERIAL,UNINCORPORATED,-115.6209106,32.67922974
91287242,2020,8/17/2020,9625,8/17/2020,303,20738,,1,3,9,1300,0,1,1,,2,1,I-8 E/B,MOUNTAIN SPRINGS ROAD,6917,E,N,A,-,Y,,,8,,,,,,E,Y,2,0,1,1,A,-,8,22107,,N,E,I,A,A,H,-,D,D,0,,,Y,,Y,,C,2,1,0,0,0,0,0,0,0,1,- ,- ,32.67324066,-116.0777893,IMPERIAL,UNINCORPORATED,-116.0777969,32.67349625
91288168,2020,8/18/2020,9620,8/11/2020,1847,19291,,2,2,9,1300,0,1,1,,2,82,I-8 W/B,SIDEWINDER RD,4224,E,N,A,-,Y,,,8,,,,,,W,Y,3,0,2,2,A,-,1,23152,A,N,C,C,A,A,H,-,B,A,0,,,,,Y,Y,A,1,0,1,1,0,0,0,0,0,0,- ,- ,32.74721146,-114.7412415,IMPERIAL,UNINCORPORATED,-114.7412415,32.74707031
91292383,2020,8/25/2020,9625,8/23/2020,2017,19668,,7,2,9,1300,0,3,5,,2,50,PITZER ROAD,CORRELL ROAD,264,N,N,A,-,N,,,,,,,,,,N,4,0,1,2,A,-,5,21650,,F,G,B,E,A,H,-,D,D,0,Y,,,,Y,,A,1,0,0,1,0,1,0,0,0,0,- ,- ,32.74042892,-115.5173798,IMPERIAL,UNINCORPORATED,-115.5174179,32.73859024
91296490,2020,8/31/2020,9620,8/30/2020,1330,20054,Quech,7,1,9,1300,0,2,4,,1,72,WINTERHAVEN DR,I-8 E/B,425,S,N,A,-,N,,,,,,,,,,Y,4,0,1,1,C,-,18,,,N,E,I,A,A,H,-,D,D,0,,,,,Y,,-,- ,0,0,1,0,0,0,0,0,0,- ,- ,32.73048019,-114.6246414,IMPERIAL,UNINCORPORATED,,
91299548,2020,9/4/2020,9625,8/31/2020,1518,20263,,1,2,9,1300,0,1,1,,2,4,I-8 W/B,DUNAWAY ROAD,27826,W,N,A,-,Y,,,8,,,,,,W,Y,3,0,2,2,A,-,7,21658,A,N,C,C,A,A,H,-,A,D,0,,,,Y,Y,,E,22,0,2,0,0,0,0,0,0,0,- ,- ,32.74974823,-115.9143829,IMPERIAL,UNINCORPORATED,-115.9143829,32.74975204
91301830,2020,9/9/2020,9625,8/31/2020,735,18930,,1,1,9,1300,0,3,5,,2,40,AUSTIN ROAD,ROSS ROAD,174,N,N,A,-,N,,,,,,,,,,Y,4,0,1,1,A,-,3,22350,,N,F,A,A,A,H,-,A,D,0,,,,,Y,,A,7,0,0,1,0,0,0,0,0,0,- ,- ,32.78150177,-115.5950012,IMPERIAL,UNINCORPORATED,-115.5950089,32.78197479
91307482,2020,9/18/2020,9625,9/14/2020,1610,19668,,1,2,9,1300,0,1,3,,2,24,SR-78,MCCONNELL ROAD,395,E,N,A,-,Y,,,78,,,,,,,Y,4,0,1,2,A,-,5,21650,,N,B,C,A,A,H,-,A,D,0,,,,Y,Y,,A,1,0,0,1,0,0,0,0,0,0,- ,- ,32.97861862,-115.4807205,IMPERIAL,UNINCORPORATED,-115.4807205,32.97865295