CASE_ID,ACCIDENT_YEAR,PROC_DATE,JURIS,COLLISION_DATE,COLLISION_TIME,OFFICER_ID,REPORTING_DISTRICT,DAY_OF_WEEK,CHP_SHIFT,POPULATION,CNTY_CITY_LOC,SPECIAL_COND,BEAT_TYPE,CHP_BEAT_TYPE,CITY_DIVISION_LAPD,CHP_BEAT_CLASS,BEAT_NUMBER,PRIMARY_RD,SECONDARY_RD,DISTANCE,DIRECTION,INTERSECTION,WEATHER_1,WEATHER_2,STATE_HWY_IND,CALTRANS_COUNTY,CALTRANS_DISTRICT,STATE_ROUTE,ROUTE_SUFFIX,POSTMILE_PREFIX,POSTMILE,LOCATION_TYPE,RAMP_INTERSECTION,SIDE_OF_HWY,TOW_AWAY,COLLISION_SEVERITY,NUMBER_KILLED,NUMBER_INJURED,PARTY_COUNT,PRIMARY_COLL_FACTOR,PCF_CODE_OF_VIOL,PCF_VIOL_CATEGORY,PCF_VIOLATION,PCF_VIOL_SUBSECTION,HIT_AND_RUN,TYPE_OF_COLLISION,MVIW,PED_ACTION,ROAD_SURFACE,ROAD_COND_1,ROAD_COND_2,LIGHTING,CONTROL_DEVICE,CHP_ROAD_TYPE,PEDESTRIAN_ACCIDENT,BICYCLE_ACCIDENT,MOTORCYCLE_ACCIDENT,TRUCK_ACCIDENT,NOT_PRIVATE_PROPERTY,ALCOHOL_INVOLVED,STWD_VEHTYPE_AT_FAULT,CHP_VEHTYPE_AT_FAULT,COUNT_SEVERE_INJ,COUNT_VISIBLE_INJ,COUNT_COMPLAINT_PAIN,COUNT_PED_KILLED,COUNT_PED_INJURED,COUNT_BICYCLIST_KILLED,COUNT_BICYCLIST_INJURED,COUNT_MC_KILLED,COUNT_MC_INJURED,PRIMARY_RAMP,SECONDARY_RAMP,LATITUDE,LONGITUDE,COUNTY,CITY,POINT_X,POINT_Y
91308572,2020,9/21/2020,9625,9/15/2020,1440,18792,,2,2,9,1300,0,1,3,,1,11,SR-86 N/B,SR-78,251,S,N,A,-,Y,,,86,,,,,,N,N,4,0,1,2,A,-,3,22350,,N,C,C,A,A,H,-,A,A,0,,,,,Y,,E,22,0,0,1,0,0,0,0,0,0,- ,- ,33.12506866,-115.85466,IMPERIAL,UNINCORPORATED,-115.8547974,33.12499619
91313579,2020,9/28/2020,9625,9/18/2020,1730,18792,,5,2,9,1300,0,1,3,,2,14,SR-78 W/B (BRAWLEY BYPASS),HOVLEY ROAD,96,E,N,A,-,Y,,,78,,,,,,W,Y,3,0,2,2,A,-,3,22350,,N,C,C,A,A,H,-,A,A,0,,,,Y,Y,,G,25,0,2,0,0,0,0,0,0,0,- ,- ,33.00220108,-115.543663,IMPERIAL,UNINCORPORATED,-115.5436478,33.00214386
9131373,2020,9/14/2020,1301,6/29/2020,1211,908,BRAWL,1,5,3,1301,0,0,0,,0,0B1,MAIN,8TH,0,,Y,A,-,N,,,,,,,,,,Y,4,0,1,2,A,-,12,21453,,N,D,C,A,A,H,-,A,A,0,,,,,Y,,A,1,0,0,1,0,0,0,0,0,0,- ,- ,,,IMPERIAL,BRAWLEY,-115.5304565,32.97863007
91318720,2020,10/6/2020,9625,9/5/2020,700,18368,,6,1,9,1300,0,1,1,,2,2,I-8 W/B,MOUNTAIN SPRINGS ROAD,180,W,N,A,-,Y,,,8,,,,,,W,Y,1,1,0,1,A,-,8,22107,,N,E,I,A,A,H,-,A,D,0,,,Y,,Y,,C,2,0,0,0,0,0,0,0,1,0,- ,- ,32.67842865,-116.1001663,IMPERIAL,UNINCORPORATED,-116.100174,32.67850876
91319548,2020,10/7/2020,9625,9/25/2020,855,17727,,5,1,9,1300,0,1,1,,2,1,SR-78,SR-86,114,E,N,A,-,Y,,,78,,,,,,,Y,3,0,1,1,A,-,8,22107,,N,E,I,A,A,H,-,A,D,0,,,,,Y,,A,1,0,1,0,0,0,0,0,0,0,- ,- ,32.9992981,-115.5883026,IMPERIAL,UNINCORPORATED,-115.5883179,32.9993515
91319936,2020,10/8/2020,9620,9/29/2020,140,19953,Quech,2,3,9,1300,0,2,4,,1,75,S24 (PICACHO ROAD),QUECHAN DR,100,N,N,A,-,N,,,,,,,,,,Y,4,0,1,1,A,-,8,22107,,M,E,I,A,A,H,-,C,D,0,,,,,Y,,A,1,0,0,1,0,0,0,0,0,0,- ,- ,32.73905182,-114.6159286,IMPERIAL,UNINCORPORATED,,
91326742,2020,10/20/2020,9625,10/12/2020,1745,18930,,1,2,9,1300,0,2,4,,2,46,DOGWOOD ROAD,WORTHINGTON ROAD,12,N,N,A,-,N,,,,,,,,,,N,4,0,1,2,A,-,3,22350,,N,C,C,A,A,H,-,A,A,0,,,,,Y,,A,1,0,0,1,0,0,0,0,0,0,- ,- ,32.84749985,-115.5356979,IMPERIAL,UNINCORPORATED,-115.5356827,32.84740067
91327463,2020,10/20/2020,9625,10/8/2020,924,16248,,4,1,9,1300,0,3,5,,2,50,PITZER ROAD,CHICK ROAD,25,N,N,A,-,N,,,,,,,,,,Y,4,0,1,1,A,-,3,22350,,N,E,I,A,A,H,-,A,A,0,,,,,Y,,A,1,0,0,1,0,0,0,0,0,0,- ,- ,32.76694107,-115.5177002,IMPERIAL,UNINCORPORATED,-115.5180206,32.76698685
91328807,2020,10/21/2020,9625,10/13/2020,1145,17809,,2,1,9,1300,0,3,5,,2,10,PRIVATE PROPERTY (SALTON SEA AREA),S-22,223,S,N,A,-,N,,,,,,,,,,Y,4,0,1,1,B,-,22,,,N,F,A,A,A,G,-,A,D,0,,,,,Y,,A,7,0,0,1,0,0,0,0,0,0,- ,- ,33.27674103,-115.9672928,IMPERIAL,UNINCORPORATED,,
91330537,2020,10/23/2020,9625,10/15/2020,1402,19582,,4,2,9,1300,0,3,5,,2,40,EVAN HEWES HIGHWAY,AUSTIN ROAD,0,,Y,A,-,N,,,,,,,,,,Y,4,0,1,2,A,-,9,21802,B,N,D,C,A,A,H,-,A,A,0,,,,,Y,,A,1,0,0,1,0,0,0,0,0,0,- ,- ,32.79653168,-115.5949783,IMPERIAL,UNINCORPORATED,-115.5949707,32.79656982
91331304,2020,10/26/2020,9625,10/15/2020,610,17727,,4,1,9,1300,0,1,1,,2,1,NILE DRIVE,PAMPAS AVE,0,,Y,A,-,N,,,,,,,,,,N,4,0,2,2,A,-,3,22350,,N,C,C,A,A,H,-,C,D,0,,,,,Y,,A,7,0,0,2,0,0,0,0,0,0,- ,- ,33.3321991,-115.9661026,IMPERIAL,UNINCORPORATED,-115.9660492,33.33216095
91331578,2020,10/26/2020,9625,10/16/2020,2321,20738,,5,3,9,1300,0,1,1,,2,6,I-8 WESTBOUND,DOGWOOD ROAD,4330,E,N,A,-,Y,,,8,,,,,,W,Y,4,0,3,2,A,-,3,22350,,N,C,C,A,A,H,-,D,D,0,,,,,Y,,A,1,0,0,3,0,0,0,0,0,0,- ,- ,32.77399826,-115.5212784,IMPERIAL,UNINCORPORATED,-115.5212784,32.77399063
91333123,2020,10/28/2020,9625,10/16/2020,1345,16248,,5,1,9,1300,0,1,3,,2,53,SR-111 S/B TO I-8 E/B,I-8 E/B,269,S,N,A,-,Y,,,111,,,,R,,S,Y,4,0,1,1,A,-,3,22350,,N,E,I,A,A,H,-,A,D,0,,,,,Y,,A,7,0,0,1,0,0,0,0,0,0,- ,- ,32.77285004,-115.5015717,IMPERIAL,UNINCORPORATED,-115.5015717,32.77285004
91336904,2020,11/2/2020,9625,10/25/2020,2312,20738,,7,3,9,1300,0,3,5,,2,40,CLARK ROAD,WILLOUGHBY ROAD,528,S,N,G,-,N,,,,,,,,,,Y,4,0,1,1,A,-,8,22107,,N,F,A,A,A,H,-,D,D,0,,,Y,,Y,,C,2,0,0,1,0,0,0,0,0,1,- ,- ,32.7070694,-115.5598068,IMPERIAL,UNINCORPORATED,-115.5598526,32.7070694
91337211,2020,11/2/2020,9625,10/29/2020,620,17809,,4,1,9,1300,0,3,5,,2,40,WAHL ROAD,LA BRUCHERIE ROAD,223,E,N,A,-,N,,,,,,,,,,Y,2,0,1,2,A,-,9,21801,A,N,A,C,A,A,H,-,D,D,0,,,Y,,Y,,A,1,1,0,0,0,0,0,0,0,1,- ,- ,32.72338867,-115.5768433,IMPERIAL,UNINCORPORATED,-115.5779648,32.82033157
91339320,2020,11/4/2020,9625,11/2/2020,2230,19668,,1,3,9,1300,0,2,4,,2,46,DOGWOOD ROAD,HARRIS ROAD,1191,N,N,A,-,N,,,,,,,,,,Y,4,0,1,1,A,-,8,22107,,N,F,A,A,A,H,-,D,D,0,,,,,Y,,A,7,0,0,1,0,0,0,0,0,0,- ,- ,32.88718033,-115.5355682,IMPERIAL,UNINCORPORATED,-115.5354996,32.88690567
91339348,2020,11/4/2020,9620,10/30/2020,1840,17837,,5,2,9,1300,0,1,3,,1,63,SR-78,STALLARD RD,26,W,N,A,-,Y,,,78,,,,,,,Y,2,0,1,1,A,-,8,22107,,N,E,I,A,A,H,-,D,D,0,,,,,Y,,D,22,1,0,0,0,0,0,0,0,0,- ,- ,33.3578186,-114.7246475,IMPERIAL,UNINCORPORATED,-114.7247467,33.35781097
91343090,2020,11/10/2020,9625,11/4/2020,1440,16248,,3,2,9,1300,0,1,3,,2,52,SR-98,HOLDRIDGE ROAD,3511,E,N,A,-,Y,,,98,,,,,,,Y,4,0,1,1,A,-,8,22107,,N,E,I,A,A,H,-,A,D,0,,,,,Y,,A,7,0,0,1,0,0,0,0,0,0,- ,- ,32.70537949,-115.2650299,IMPERIAL,UNINCORPORATED,-115.2650299,32.70537186
91343853,2020,11/12/2020,9625,11/3/2020,2327,21107,,2,3,9,1300,0,1,1,,2,1,INTERSTATE 8 E/B,IN-KO-PAH PARK ROAD,9715,E,N,A,-,Y,,,8,,,,,,E,Y,3,0,3,1,A,-,8,22107,,N,F,A,A,A,H,-,D,D,0,,,,,Y,,A,1,0,3,0,0,0,0,0,0,0,- ,- ,32.663311,-116.1051636,IMPERIAL,UNINCORPORATED,-116.1051102,32.66334152
91344435,2020,11/12/2020,9625,11/5/2020,1105,16248,,4,1,9,1300,0,2,4,,2,46,DOGWOOD ROAD,VILLA ROAD,205,N,N,A,-,N,,,,,,,,,,Y,4,0,1,1,A,-,3,22350,,N,F,I,A,A,H,-,A,D,0,,,,,Y,,E,22,0,0,1,0,0,0,0,0,0,- ,- ,32.80445099,-115.5356522,IMPERIAL,UNINCORPORATED,,
91345021,2020,11/13/2020,9625,11/7/2020,2121,18468,,6,2,9,1300,0,3,5,,2,40,CLARK ROAD,MCCABE ROAD,0,,Y,A,-,N,,,,,,,,,,Y,3,0,3,2,A,-,12,22450,A,N,D,C,A,A,H,-,C,A,0,,,,,Y,,A,1,0,3,0,0,0,0,0,0,0,- ,- ,32.75244141,-115.5605392,IMPERIAL,UNINCORPORATED,-115.5604935,32.75244141
91345985,2020,11/16/2020,9625,11/11/2020,2000,18368,,3,2,9,1300,0,1,3,,1,44,SR-86 N/B,AUSTIN ROAD,897,S,N,A,-,Y,,,86,,,,,,N,Y,2,0,1,1,A,-,1,23152,A,N,E,I,A,A,H,-,D,D,0,,,Y,,Y,Y,C,2,1,0,0,0,0,0,0,0,1,- ,- ,32.94837189,-115.5699615,IMPERIAL,UNINCORPORATED,-115.5698318,32.94831085
91348446,2020,11/19/2020,9625,11/16/2020,248,18978,,1,3,9,1300,0,1,3,,1,12,SR-86 N/B,CAMPBELL WASH,631,S,N,A,-,Y,,,86,,,,,,N,Y,2,0,1,1,A,-,8,22107,,N,E,I,A,A,H,-,D,D,0,,,,,Y,,A,1,1,0,0,0,0,0,0,0,0,- ,- ,33.22653961,-115.922287,IMPERIAL,UNINCORPORATED,-115.9222946,33.22653961
91354078,2020,11/25/2020,9625,11/14/2020,1000,17727,,6,1,9,1300,0,1,3,,1,11,SR-86 (S/B),FREDRICKS ROAD,210,N,N,A,-,Y,,,86,,,,,,,N,4,0,2,2,A,-,3,22350,,M,C,C,A,A,H,-,A,A,0,,,,,Y,,E,22,0,0,2,0,0,0,0,0,0,- ,- ,32.99990082,-115.5895004,IMPERIAL,UNINCORPORATED,-115.5893631,33.00000763
91358566,2020,12/3/2020,9625,11/24/2020,1306,16248,,2,1,9,1300,0,1,3,,2,53,SR-111 S/B,HEBER ROAD,350,N,N,A,-,Y,,,111,,,,,,S,Y,4,0,1,3,A,-,3,22350,,N,C,C,A,A,H,-,A,A,0,,,,,Y,,A,8,0,0,1,0,0,0,0,0,0,- ,- ,32.73168182,-115.5005493,IMPERIAL,UNINCORPORATED,-115.5004272,32.73168182
91361980,2020,12/9/2020,9625,11/29/2020,50,19667,,7,3,9,1300,0,3,5,,2,50,HAWK STREET,HEBER AVENUE,16,W,N,A,-,N,,,,,,,,,,Y,3,0,4,3,A,-,8,22107,,F,E,I,A,A,H,-,C,D,0,,,,,Y,,A,1,0,3,1,0,0,0,0,0,0,- ,- ,32.73493958,-115.5302277,IMPERIAL,UNINCORPORATED,-115.5301437,32.73485184
91362080,2020,12/9/2020,9625,11/29/2020,2230,18978,,7,3,9,1300,0,1,1,,2,1,INTERSTATE 8 E/B,INKOPAH ROAD PARK ROAD,4370,E,N,A,-,Y,,,8,,,,,,E,Y,4,0,1,1,A,-,8,22107,,N,E,I,A,A,H,-,D,D,0,,,,,Y,,A,1,0,0,1,0,0,0,0,0,0,- ,- ,32.65341949,-116.0991592,IMPERIAL,UNINCORPORATED,-116.0991211,32.65338898
91363166,2020,12/10/2020,9625,12/2/2020,410,20738,,3,3,9,1300,0,2,4,,2,46,DOGWOOD ROAD,WEST MCCABE ROAD,1267,S,N,A,-,N,,,,,,,,,,Y,3,0,1,1,A,-,8,22107,,N,F,A,A,A,H,-,D,D,0,,,Y,,Y,,C,2,0,1,0,0,0,0,0,0,1,- ,- ,32.74877167,-115.5347672,IMPERIAL,UNINCORPORATED,-115.5347519,32.74891281
91366262,2020,12/14/2020,9625,12/4/2020,1745,18930,,5,2,9,1300,0,1,3,,2,53,SR-111 S/B,MCCABE ROAD,850,N,N,A,-,Y,,,111,,,,,,S,Y,4,0,1,2,A,-,3,22350,,N,C,C,A,A,H,-,D,A,0,,,,,Y,,A,8,0,0,1,0,0,0,0,0,0,- ,- ,32.75360107,-115.5008011,IMPERIAL,UNINCORPORATED,-115.5007782,32.75360107
91368737,2020,12/16/2020,9625,10/19/2020,2318,19667,,1,3,9,1300,0,2,4,,2,46,DOGWOOD ROAD,COLE ROAD,0,,Y,A,-,N,,,,,,,,,,Y,1,1,1,2,A,-,12,22450,A,N,D,C,A,A,H,-,D,A,0,,,,,Y,,A,1,0,1,0,0,0,0,0,0,0,- ,- ,32.69377136,-115.533989,IMPERIAL,UNINCORPORATED,-115.5339813,32.69400024
91368835,2020,12/16/2020,9625,11/8/2020,1712,18468,,7,2,9,1300,0,1,1,,2,1,INTERSTATE 8 (E/B),OLD HIGHWAY 80,6052,E,N,B,C,Y,,,8,,,,,,,Y,1,2,4,1,A,-,3,22350,,N,E,I,A,B,H,-,B,D,0,,,,,Y,,A,7,2,2,0,0,0,0,0,0,0,- ,- ,32.65697861,-116.0969162,IMPERIAL,UNINCORPORATED,-116.0970001,32.6570015
91369297,2020,1/29/2021,9625,11/6/2020,2045,18930,,5,2,9,1300,0,3,5,,2,50,ANZA ROAD,BOWKER ROAD,4224,E,N,B,-,N,,,,,,,,,,Y,1,1,1,3,A,-,11,21954,A,N,G,B,D,A,H,-,C,D,0,Y,,,,Y,,N,60,0,1,0,1,0,0,0,0,0,- ,- ,32.66839981,-115.4516983,IMPERIAL,UNINCORPORATED,-115.4517975,32.66843033
91373429,2020,12/22/2020,9625,12/16/2020,1530,19582,,3,2,9,1300,0,2,4,,2,46,DOGWOOD ROAD,COLE ROAD,0,,Y,A,-,N,,,,,,,,,,Y,2,0,4,2,A,-,9,21801,A,N,A,C,A,A,H,-,A,A,0,,,,,Y,,A,7,3,0,1,0,0,0,0,0,0,- ,- ,32.69393158,-115.5337067,IMPERIAL,UNINCORPORATED,-115.5339813,32.69400024
9137364,2020,9/24/2020,1304,7/22/2020,1750,357,E1,3,5,4,1304,0,0,0,,0,WEST,ROSS,WATERMAN,80,W,N,A,-,N,,,,,,,,,,Y,3,0,2,2,A,-,8,22107,,N,D,C,A,A,H,-,A,A,0,,,,,Y,,-,,0,2,0,0,0,0,0,0,0,- ,- ,,,IMPERIAL,EL CENTRO,-115.5741882,32.78145981
91373999,2020,12/23/2020,9625,12/17/2020,2030,19667,,4,2,9,1300,0,3,5,,2,40,CLARK ROAD,HEBER ROAD,0,,Y,A,-,N,,,,,,,,,,Y,3,0,4,2,A,-,12,22450,A,N,D,C,A,A,H,-,D,A,0,,,,,Y,,A,1,0,2,2,0,0,0,0,0,0,- ,- ,32.73062897,-115.560318,IMPERIAL,UNINCORPORATED,-115.560318,32.73064041
91374231,2020,12/23/2020,9625,12/17/2020,2040,18792,,4,2,9,1300,0,3,5,,2,10,S-22 E/B,TAFT AVE,196,W,N,A,-,N,,,,,,,,,,Y,2,0,1,1,A,-,8,22107,,N,F,A,A,A,H,-,A,D,0,,,Y,,Y,,C,2,1,0,0,0,0,0,0,0,1,- ,- ,33.27745056,-115.9673309,IMPERIAL,UNINCORPORATED,,
91376345,2020,12/28/2020,9625,12/19/2020,1523,19582,,6,2,9,1300,0,1,1,,2,3,I-8 E/B,JEFFERY ROAD,1584,W,N,A,-,Y,,,8,,,,,,E,Y,3,0,1,2,A,-,8,22107,,N,B,C,A,A,H,-,A,D,0,,,Y,,Y,,C,2,0,1,0,0,0,0,0,0,1,- ,- ,32.77296066,-115.76548,IMPERIAL,UNINCORPORATED,-115.76548,32.77305222
91381329,2021,1/5/2021,9625,1/1/2021,45,20738,,5,3,9,1300,0,3,5,,2,40,MCCABE ROAD,FORRESTER ROAD,1056,E,N,A,-,N,,,,,,,,,,Y,4,0,1,2,A,-,8,22107,,F,D,C,A,A,H,-,D,D,0,,,,,Y,,D,22,0,0,1,0,0,0,0,0,0,- ,- ,32.75246811,-115.6170807,IMPERIAL,UNINCORPORATED,-115.6172562,32.75248718
91386357,2021,1/12/2021,9620,1/11/2021,1202,18247,,1,1,9,1300,0,1,3,,1,63,SR-78,MARLOWE RD.,6864,E,N,A,-,Y,,,78,,,,,,,N,4,0,1,2,A,-,6,21750,,N,B,C,A,A,H,-,A,D,0,,,,Y,Y,,A,1,0,0,1,0,0,0,0,0,0,- ,- ,33.38203812,-114.721817,IMPERIAL,UNINCORPORATED,-114.7218857,33.38204193
91386576,2021,1/13/2021,9625,1/3/2021,1408,20263,,7,2,9,1300,0,1,3,,1,12,SR-86 S/B,SUNRISE DRIVE,0,,Y,A,-,Y,,,86,,,,,,S,Y,2,0,4,2,A,-,9,21803,A,N,D,C,A,A,H,-,A,A,0,,,,,Y,,A,8,2,2,0,0,0,0,0,0,0,- ,- ,33.2893219,-115.9719315,IMPERIAL,UNINCORPORATED,-115.9719849,33.28927612
91386773,2021,1/13/2021,9625,1/7/2021,620,16248,,4,1,9,1300,0,3,5,,2,50,ORCHARD ROAD,EDWARDS ROAD,25,N,N,A,-,N,,,,,,,,,,N,2,0,1,2,A,-,9,21801,A,F,A,C,A,A,H,-,B,D,0,,,Y,,Y,,-,99,1,0,0,0,0,0,0,0,1,- ,- ,32.78874969,-115.3836823,IMPERIAL,UNINCORPORATED,-115.3837433,32.78879929
91387049,2021,1/13/2021,9625,1/11/2021,1140,16248,,1,1,9,1300,0,1,3,,1,51,SR-7 EXPRESSWAY NORTH,MENVIELLE ROAD,35,E,N,A,-,Y,,,7,,,,,,,Y,4,0,1,1,A,-,3,22350,,N,F,A,A,A,H,-,A,D,0,,,,Y,Y,,G,26,0,0,1,0,0,0,0,0,0,- ,- ,32.68281174,-115.3889618,IMPERIAL,UNINCORPORATED,-115.3889618,32.68281174
91388963,2021,1/18/2021,9625,1/14/2021,1541,19582,,4,2,9,1300,0,2,4,,2,46,DOGWOOD ROAD,WILLOUGHBY ROAD,0,,Y,A,-,N,,,,,,,,,,Y,4,0,1,2,A,-,9,21802,A,N,D,C,A,A,H,-,A,A,0,,,,,Y,,A,7,0,0,1,0,0,0,0,0,0,- ,- ,32.70830154,-115.5340576,IMPERIAL,UNINCORPORATED,-115.5340805,32.70845032
91391472,2020,4/25/2022,9625,11/21/2020,1241,16248,,6,1,9,1300,0,2,4,,2,57,EVAN HEWES HIGHWAY E/B,METS ROAD,1056,E,N,A,-,Y,,,,,,,,,,Y,1,1,0,1,A,-,8,22107,,N,E,I,A,A,H,-,A,D,0,,,,,Y,,D,22,0,0,0,0,0,0,0,0,0,- ,- ,32.80638123,-115.3939896,IMPERIAL,UNINCORPORATED,,
91393876,2021,1/25/2021,9625,1/21/2021,1820,19225,,4,2,9,1300,0,1,1,,2,1,INTERSTATE 8 E/B,MOUNTAIN SPRINGS ROAD,175,W,N,A,-,Y,,,8,,,,,,E,Y,3,0,1,1,A,-,8,22107,,N,E,I,A,A,H,-,D,D,0,,,Y,,Y,,C,2,0,1,0,0,0,0,0,0,1,- ,- ,32.67649078,-116.0997925,IMPERIAL,UNINCORPORATED,-116.0998077,32.67646408
91395286,2021,1/27/2021,9625,1/25/2021,1435,18468,,1,2,9,1300,0,3,5,,2,10,WALKER ROAD,GENTRY ROAD,65,W,N,B,C,N,,,,,,,,,,Y,4,0,1,1,A,-,3,22350,,N,E,I,A,B,H,-,A,A,0,,,,,Y,,A,1,0,0,1,0,0,0,0,0,0,- ,- ,33.07490921,-115.614769,IMPERIAL,UNINCORPORATED,-115.6144943,33.0753746
91395657,2021,2/24/2021,9625,1/22/2021,645,19225,,5,1,9,1300,0,1,3,,1,51,SR-7 N/B,INTERSTATE 8,425,N,N,E,-,Y,,,7,,,,,,N,Y,2,0,1,2,A,-,3,22350,,N,C,C,A,B,H,-,A,D,0,,,Y,,Y,,C,2,1,0,0,0,0,0,0,0,1,- ,- ,32.77468109,-115.3836975,IMPERIAL,UNINCORPORATED,-115.3837509,32.77468109
91400090,2021,2/1/2021,9625,1/27/2021,1215,17727,,3,1,9,1300,0,1,1,,2,2,I-8 W/B,IMPERIAL HIGHWAY,1950,W,N,A,-,Y,,,8,,,,,,W,N,3,0,1,1,A,-,8,22107,,N,F,A,A,A,H,-,A,D,0,,,,,Y,,A,1,0,1,0,0,0,0,0,0,0,- ,- ,32.73310089,-116.0003967,IMPERIAL,UNINCORPORATED,-116.0004044,32.73312759
91402546,2021,2/4/2021,9625,1/29/2021,1532,19582,,5,2,9,1300,0,2,4,,2,47,FORRESTER ROAD,CADY ROAD,0,,Y,A,-,N,,,,,,,,,,Y,3,0,3,2,A,-,12,22450,A,N,D,C,A,A,H,-,A,A,0,,,,,Y,,D,22,0,2,1,0,0,0,0,0,0,- ,- ,32.97735977,-115.6240463,IMPERIAL,UNINCORPORATED,-115.6240997,32.97739029
91408000,2021,2/15/2021,9625,2/4/2021,1625,22010,,4,2,9,1300,0,1,1,,2,1,I-8 E/B,IN KO PAH,3854,E,N,A,G,Y,,,8,,,,,,E,Y,4,0,1,1,A,-,3,22350,,N,F,A,A,A,H,-,A,D,0,,,,,Y,,A,7,0,0,1,0,0,0,0,0,0,- ,- ,32.67512894,-116.1068573,IMPERIAL,UNINCORPORATED,-116.1068344,32.67512131
91410128,2021,2/17/2021,9625,2/10/2021,1421,19582,,3,2,9,1300,0,3,5,,2,40,MCCABE ROAD,AUSTIN ROAD,0,,Y,A,-,N,,,,,,,,,,Y,3,0,2,2,A,-,12,22450,A,N,D,C,A,A,H,-,A,A,0,,,,,Y,,D,22,0,2,0,0,0,0,0,0,0,- ,- ,32.75251007,-115.5950928,IMPERIAL,UNINCORPORATED,-115.5949478,32.75247192
91412969,2021,3/4/2021,9620,2/15/2021,1725,17837,Quech,1,2,9,1300,0,2,4,,1,75,S-24 (PICACHO ROAD),JACKSON ROAD,0,,Y,B,-,N,,,,,,,,,,Y,2,0,4,1,A,-,8,22107,,N,E,I,A,A,H,-,D,D,0,,,,,Y,,A,7,3,1,0,0,0,0,0,0,0,- ,- ,32.77470016,-114.6162872,IMPERIAL,UNINCORPORATED,,
91415192,2021,2/25/2021,9625,2/15/2021,1025,17727,,1,1,9,1300,0,1,3,,1,12,SR-86 S/B,SUNRISE DRIVE,0,,Y,A,-,Y,,,86,,,,,,S,Y,3,0,3,2,A,-,9,21802,A,N,D,C,A,A,H,-,A,D,0,,,,,Y,,D,22,0,2,1,0,0,0,0,0,0,- ,- ,33.28919983,-115.9719009,IMPERIAL,UNINCORPORATED,-115.9719162,33.28918839
91419671,2021,3/3/2021,9625,2/22/2021,1020,18933,,1,1,9,1300,0,3,5,,2,10,EDDINS ROAD,BRANDT ROAD,1673,W,N,A,-,N,,,,,,,,,,Y,2,0,1,1,A,-,8,22107,,N,E,I,A,A,H,-,A,D,0,,,,,Y,,A,1,1,0,0,0,0,0,0,0,0,- ,- ,33.12572861,-115.569519,IMPERIAL,UNINCORPORATED,-115.5680237,33.12575912
91419742,2021,3/3/2021,9625,1/21/2021,628,18933,,4,1,9,1300,0,2,4,,2,46,DOGWOOD ROAD,CRUICKSHANK ROAD,1030,S,N,A,-,N,,,,,,,,,,Y,1,1,1,2,A,-,6,21751,,N,A,C,A,B,H,-,B,D,0,,,,,Y,,A,1,0,1,0,0,0,0,0,0,0,- ,- ,32.80815887,-115.5357437,IMPERIAL,UNINCORPORATED,-115.5356903,32.80828476
91424945,2021,3/11/2021,9620,3/9/2021,1005,18028,,2,1,9,1300,0,1,1,,2,82,INTERSTATE 8 E/B,OGILBY RD.,11616,E,N,A,-,Y,,,8,,,,,,E,Y,4,0,2,2,A,-,3,22350,,N,C,C,A,A,H,-,A,D,0,,,,Y,Y,,A,8,0,0,2,0,0,0,0,0,0,- ,- ,32.75434875,-114.8004379,IMPERIAL,UNINCORPORATED,-114.8004456,32.7543335
91427595,2021,3/15/2021,9625,3/8/2021,515,20111,,1,3,9,1300,0,3,5,,2,20,BRANDT ROAD,EDDINS ROAD,0,,Y,A,-,N,,,,,,,,,,Y,3,0,2,2,A,-,12,22450,A,N,D,C,A,A,H,-,D,A,0,,,,,Y,,D,22,0,1,1,0,0,0,0,0,0,- ,- ,33.12578964,-115.5624313,IMPERIAL,UNINCORPORATED,-115.5625916,33.1257515
91429432,2021,3/17/2021,9625,3/5/2021,602,18930,,5,1,9,1300,0,1,1,,2,6,INTERSTATE 8 W/B,SR-111,4088,W,N,A,-,Y,,,8,,,,,,W,Y,2,0,1,2,A,-,7,21658,A,N,C,C,A,A,H,-,A,D,0,,,Y,,Y,,A,7,1,0,0,0,0,0,0,0,1,- ,- ,32.77399826,-115.5246964,IMPERIAL,UNINCORPORATED,-115.5246964,32.77399445
91429573,2021,3/17/2021,9620,3/12/2021,1331,20054,Quech,5,1,9,1300,0,1,1,,2,82,E/B I-8,WINTERHAVEN DR,3696,W,N,A,-,Y,,,8,,,,,,,Y,3,0,1,2,A,-,8,22107,,N,C,C,A,A,H,-,A,D,0,,,,Y,Y,,D,22,0,1,0,0,0,0,0,0,0,- ,- ,32.73762131,-114.6637573,IMPERIAL,UNINCORPORATED,-114.6637421,32.73770523
91433511,2021,3/23/2021,9625,3/11/2021,1244,18368,,4,1,9,1300,0,1,1,,2,2,I-8 W/B,IN KO PAH PARK ROAD,1584,E,N,B,-,Y,,,8,,,,,,W,Y,3,0,1,1,A,-,8,22107,,N,E,I,A,B,H,-,A,D,0,,,,,Y,,A,1,0,1,0,0,0,0,0,0,0,- ,- ,32.66315079,-116.1060791,IMPERIAL,UNINCORPORATED,-116.106041,32.66317749