CASE_ID,ACCIDENT_YEAR,PROC_DATE,JURIS,COLLISION_DATE,COLLISION_TIME,OFFICER_ID,REPORTING_DISTRICT,DAY_OF_WEEK,CHP_SHIFT,POPULATION,CNTY_CITY_LOC,SPECIAL_COND,BEAT_TYPE,CHP_BEAT_TYPE,CITY_DIVISION_LAPD,CHP_BEAT_CLASS,BEAT_NUMBER,PRIMARY_RD,SECONDARY_RD,DISTANCE,DIRECTION,INTERSECTION,WEATHER_1,WEATHER_2,STATE_HWY_IND,CALTRANS_COUNTY,CALTRANS_DISTRICT,STATE_ROUTE,ROUTE_SUFFIX,POSTMILE_PREFIX,POSTMILE,LOCATION_TYPE,RAMP_INTERSECTION,SIDE_OF_HWY,TOW_AWAY,COLLISION_SEVERITY,NUMBER_KILLED,NUMBER_INJURED,PARTY_COUNT,PRIMARY_COLL_FACTOR,PCF_CODE_OF_VIOL,PCF_VIOL_CATEGORY,PCF_VIOLATION,PCF_VIOL_SUBSECTION,HIT_AND_RUN,TYPE_OF_COLLISION,MVIW,PED_ACTION,ROAD_SURFACE,ROAD_COND_1,ROAD_COND_2,LIGHTING,CONTROL_DEVICE,CHP_ROAD_TYPE,PEDESTRIAN_ACCIDENT,BICYCLE_ACCIDENT,MOTORCYCLE_ACCIDENT,TRUCK_ACCIDENT,NOT_PRIVATE_PROPERTY,ALCOHOL_INVOLVED,STWD_VEHTYPE_AT_FAULT,CHP_VEHTYPE_AT_FAULT,COUNT_SEVERE_INJ,COUNT_VISIBLE_INJ,COUNT_COMPLAINT_PAIN,COUNT_PED_KILLED,COUNT_PED_INJURED,COUNT_BICYCLIST_KILLED,COUNT_BICYCLIST_INJURED,COUNT_MC_KILLED,COUNT_MC_INJURED,PRIMARY_RAMP,SECONDARY_RAMP,LATITUDE,LONGITUDE,COUNTY,CITY,POINT_X,POINT_Y
91434424,2021,3/24/2021,9625,3/17/2021,1535,19668,,3,2,9,1300,0,1,3,,2,52,SR-98,BONESTEELE ROAD,394,W,N,A,-,Y,,,98,,,,,,,Y,4,0,2,2,A,-,8,22107,,N,B,C,A,A,H,-,A,D,0,,,,Y,Y,,A,1,0,0,2,0,0,0,0,0,0,- ,- ,32.69433975,-115.3119507,IMPERIAL,UNINCORPORATED,-115.3119507,32.69440842
91435497,2021,3/25/2021,9625,3/17/2021,1735,19668,,3,2,9,1300,0,3,5,,2,50,COUNTRY CLUB DRIVE,MURRAY DRIVE,792,S,N,A,-,N,,,,,,,,,,Y,3,0,1,1,A,-,3,22350,,N,E,I,A,A,H,-,A,D,0,,,Y,,Y,,C,2,0,1,0,0,0,0,0,0,1,- ,- ,32.80036163,-115.4219208,IMPERIAL,UNINCORPORATED,-115.4219437,32.80059814
91438512,2021,3/29/2021,9625,3/20/2021,1052,18368,,6,1,9,1300,0,1,3,,2,43,SR-86,CORFMAN ROAD,500,E,N,A,-,Y,,,86,,,,,,,Y,4,0,2,2,A,-,8,22107,,N,B,C,A,A,H,-,A,D,0,,,,,Y,,D,22,0,0,2,0,0,0,0,0,0,- ,- ,32.73070145,-115.5499878,IMPERIAL,UNINCORPORATED,-115.5499878,32.73065186
91439441,2021,3/30/2021,9625,3/24/2021,1745,19668,,3,2,9,1300,0,1,1,,2,5,I-8 E/B,MILLER ROAD,2250,W,N,A,-,Y,,,8,,,,,,E,Y,4,0,1,2,A,-,3,22350,,N,C,C,A,A,H,-,A,D,0,,,,,Y,,A,8,0,0,1,0,0,0,0,0,0,- ,- ,32.77325821,-115.3100967,IMPERIAL,UNINCORPORATED,-115.3100967,32.77318192
91441686,2021,4/2/2021,9625,3/27/2021,1604,18933,,6,2,9,1300,0,1,3,,1,11,SR-86,SR-78,0,,Y,A,-,Y,,,86,,,,,,,Y,3,0,3,2,A,-,9,21802,A,N,D,C,A,A,H,-,A,D,0,,,,,Y,,A,1,0,2,1,0,0,0,0,0,0,- ,- ,33.12578964,-115.8554688,IMPERIAL,UNINCORPORATED,-115.8554382,33.12580109
91441784,2021,4/2/2021,9625,2/12/2021,1445,18978,,5,2,9,1300,0,1,1,,2,2,INTERSTATE 8 W/B,IN KO PAH PARK ROAD,6874,E,N,A,-,Y,,,8,,,,,,W,Y,1,1,0,1,A,-,8,22107,,N,E,I,A,A,H,-,A,D,0,,,,,Y,,D,22,0,0,0,0,0,0,0,0,0,- ,- ,32.66094971,-116.1010971,IMPERIAL,UNINCORPORATED,-116.1012192,32.66074753
91449040,2021,4/13/2021,9620,4/8/2021,1111,19291,,4,1,9,1300,0,1,3,,1,62,SR-186,ALL AMERICAN CANAL,2112,S,N,A,-,N,,,186,,,,,,,Y,3,0,2,2,C,-,18,,,N,E,J,A,A,H,-,A,D,0,,,,,Y,,-,- ,0,2,0,0,0,0,0,0,0,- ,- ,32.73159027,-114.71698,IMPERIAL,UNINCORPORATED,-114.7169495,32.73157501
91451399,2021,4/15/2021,9625,4/5/2021,1131,18933,,1,1,9,1300,0,3,5,,2,40,ROSS ROAD,DREW ROAD,0,,Y,A,-,N,,,,,,,,,,N,3,0,1,2,A,-,11,21950,B,N,G,B,E,A,H,-,A,A,0,Y,,,,Y,,N,60,0,1,0,0,1,0,0,0,0,- ,- ,32.78578186,-115.6903915,IMPERIAL,UNINCORPORATED,-115.6904907,32.78578186
91452409,2021,4/16/2021,9625,4/10/2021,2110,19225,,6,2,9,1300,0,3,5,,2,50,KLOKE ROAD,WARE ROAD,2533,E,N,A,-,N,,,,,,,,,,Y,4,0,1,1,A,-,8,22107,,N,E,I,A,A,H,-,D,D,0,,,Y,,Y,,C,2,0,0,1,0,0,0,0,0,1,- ,- ,32.7084198,-115.5172806,IMPERIAL,UNINCORPORATED,,
91452458,2021,4/16/2021,9625,4/11/2021,950,18468,,7,1,9,1300,0,3,5,,2,50,OLD HIGHWAY 111,ROBINSON ROAD,99,S,N,A,-,Y,,,,,,,,,,Y,3,0,1,1,A,-,8,22107,,N,F,A,A,A,H,-,A,D,0,,,,,Y,,A,1,0,1,0,0,0,0,0,0,0,- ,- ,32.85427094,-115.5099869,IMPERIAL,UNINCORPORATED,-115.5099258,32.85435867
91454968,2021,4/21/2021,9625,4/9/2021,1828,18978,,5,2,9,1300,0,1,3,,2,25,STATE ROUTE 78 (BEN HULSE HIGHWAY),BULL ROAD,1889,E,N,A,-,Y,,,78,,,,,,,Y,3,0,1,1,C,-,18,,,N,H,A,A,A,H,-,B,D,0,,,,,Y,,-,- ,0,1,0,0,0,0,0,0,0,- ,- ,33.01361084,-115.0453033,IMPERIAL,UNINCORPORATED,-115.0452881,33.01358414
9145503,2020,3/23/2021,1304,12/2/2020,1309,E0194,ELCE,3,5,4,1304,0,0,0,,0,WEST,IMPERIAL,EUCLID,0,,Y,A,-,N,,,86,,,,,,,N,4,0,2,2,A,-,3,22350,,N,C,C,A,A,H,-,A,A,0,,,,,Y,,D,22,0,0,2,0,0,0,0,0,0,- ,- ,32.79833984,-115.5700607,IMPERIAL,EL CENTRO,-115.5699692,32.79833984
91455541,2021,4/21/2021,9625,4/15/2021,1825,19225,,4,2,9,1300,0,1,3,,2,53,SR-111 N/B TO I-8 W/B,INTERSTATE 8,168,N,N,A,-,Y,,,111,,,,R,,N,Y,2,0,1,1,A,-,3,22350,,N,F,A,A,A,H,-,A,D,0,,,Y,,Y,,C,2,1,0,0,0,0,0,0,0,1,- ,- ,32.77449036,-115.5009003,IMPERIAL,UNINCORPORATED,-115.5009003,32.77449036
91459489,2021,4/27/2021,9625,4/18/2021,1710,18792,,7,2,9,1300,0,1,3,,1,12,SR-86 N/B,TREADWELL BLVD,0,,Y,A,-,Y,,,86,,,,,,N,Y,3,0,4,2,A,-,1,23152,F,N,D,C,A,A,H,-,A,A,0,,,,,Y,,A,1,0,2,2,0,0,0,0,0,0,- ,- ,33.32741928,-115.9999466,IMPERIAL,UNINCORPORATED,-115.9999313,33.32743454
91465212,2021,5/4/2021,9625,4/25/2021,600,18368,,7,1,9,1300,0,1,1,,2,1,I-8 E/B,IN-KO-PAH PARK ROAD,6059,E,N,A,-,Y,,,8,,,,,,E,Y,4,0,1,1,A,-,8,22107,,N,E,I,A,A,H,-,B,D,0,,,,,Y,,A,1,0,0,1,0,0,0,0,0,0,- ,- ,32.65697861,-116.0969162,IMPERIAL,UNINCORPORATED,-116.0970001,32.6570015
91465677,2021,5/4/2021,9625,4/28/2021,50,19668,,3,3,9,1300,0,1,1,,2,5,I-8 E/B,SR-98,300,W,N,A,-,Y,,,8,,,,,,E,Y,3,0,1,1,A,-,8,22107,,N,E,I,A,A,H,-,C,D,0,,,,,Y,,D,22,0,1,0,0,0,0,0,0,0,- ,- ,32.7106514,-115.0894775,IMPERIAL,UNINCORPORATED,-115.0895157,32.71052551
91471007,2021,5/12/2021,9625,5/2/2021,1500,18978,,7,2,9,1300,0,1,3,,1,21,STATE ROUTE 111,GROSHEN ROAD,2323,N,N,A,-,Y,,,,,,,,,,Y,4,0,1,1,A,-,8,22107,,N,E,I,A,A,H,-,A,D,0,,,,,Y,,A,7,0,0,1,0,0,0,0,0,0,- ,- ,33.0356102,-115.3132629,IMPERIAL,UNINCORPORATED,-115.5263367,33.06541824
91471091,2021,5/12/2021,9625,5/3/2021,204,20111,,1,3,9,1300,0,1,1,,2,1,I-8 E/B,SR-98,3333,W,N,A,-,Y,,,8,,,,,,E,Y,4,0,1,1,A,-,3,22350,,N,F,A,A,A,H,-,D,A,0,,,Y,,Y,,C,2,0,0,1,0,0,0,0,0,1,- ,- ,32.72597122,-116.0295334,IMPERIAL,UNINCORPORATED,-116.029541,32.72602081
91471730,2021,5/12/2021,9625,5/4/2021,2035,19668,,2,2,9,1300,0,3,5,,2,40,CROSS ROAD,VILLA ROAD,1584,N,N,A,-,N,,,,,,,,,,Y,4,0,1,2,A,-,8,22107,,N,B,C,A,A,H,-,D,D,0,,,,,Y,,A,7,0,0,1,0,0,0,0,0,0,- ,- ,32.80831146,-115.5529633,IMPERIAL,UNINCORPORATED,-115.5527725,32.80814743
91471932,2021,5/12/2021,9625,5/5/2021,1645,19225,,3,2,9,1300,0,2,4,,2,57,EVAN HEWES HIGHWAY E/B,ANDERHOLT ROAD,0,,Y,A,-,N,,,,,,,,,,Y,4,0,1,2,A,-,9,21804,A,N,D,C,A,A,H,-,A,D,0,,,,,Y,,D,22,0,0,1,0,0,0,0,0,0,- ,- ,32.80490875,-115.4132919,IMPERIAL,UNINCORPORATED,-115.4133987,32.80495071
91472344,2021,5/13/2021,9620,5/8/2021,1615,18464,,6,2,9,1300,0,2,4,,1,61,OGILBY ROAD,WALKER WAY,22704,N,N,A,-,N,,,,,,,,,,Y,2,0,1,1,A,-,8,22107,,N,F,A,A,A,H,-,A,D,0,,,,,Y,,A,7,1,0,0,0,0,0,0,0,0,- ,- ,33.00653839,-114.9009476,IMPERIAL,UNINCORPORATED,-114.9009552,33.00625229
91472899,2021,5/13/2021,9625,5/7/2021,1615,19668,,5,2,9,1300,0,2,4,,2,45,EVAN HEWES HIGHWAY,LOTUS ROAD,927,W,N,A,-,N,,,,,,,,,,Y,4,0,1,2,A,-,3,22350,,N,C,C,A,A,H,-,A,D,0,,,,,Y,,A,7,0,0,1,0,0,0,0,0,0,- ,- ,32.79661942,-115.5877686,IMPERIAL,UNINCORPORATED,,
91473127,2021,5/13/2021,9625,5/4/2021,855,17727,,2,1,9,1300,0,3,5,,2,20,WILKINSON ROAD,KAISER ROAD,1135,E,N,A,-,N,,,,,,,,,,N,3,0,1,1,A,-,8,22107,,N,F,A,A,A,H,-,A,D,0,,,,,Y,,A,7,0,1,0,0,0,0,0,0,0,- ,- ,33.14020157,-115.3891983,IMPERIAL,UNINCORPORATED,-115.3856354,33.14004898
91476007,2021,5/18/2021,9625,5/9/2021,1432,18978,,7,2,9,1300,0,1,3,,1,12,STATE ROUTE 86 S/B,NORM NIVER ROAD,1607,N,N,A,-,Y,,,,,,,,,,N,3,0,1,2,C,-,18,,,N,H,A,A,A,G,-,A,D,0,,,,,Y,,-,- ,0,1,0,0,0,0,0,0,0,- ,- ,33.21424103,-116.0112762,IMPERIAL,UNINCORPORATED,,
91480520,2021,5/24/2021,9625,5/18/2021,550,17727,,2,3,9,1300,0,2,4,,2,47,FORRESTER ROAD,JOHNSON ROAD,1857,S,N,A,-,N,,,,,,,,,,Y,2,0,1,1,A,-,8,22107,,N,E,I,A,A,H,-,B,D,0,,,,,Y,,D,22,1,0,0,0,0,0,0,0,0,- ,- ,32.95769882,-115.6240005,IMPERIAL,UNINCORPORATED,-115.6241684,32.95782471
91481303,2021,5/27/2021,9625,5/21/2021,2349,21107,,5,3,9,1300,0,1,1,,2,3,INTERSTATE 8 EASTBOUND,DUNAWAY ROAD,18850,W,N,A,-,Y,,,8,,,,,,E,Y,3,0,3,2,A,-,3,22350,,F,C,C,A,A,H,-,D,D,0,,,,,Y,Y,D,22,0,2,1,0,0,0,0,0,0,- ,- ,32.75741959,-115.860527,IMPERIAL,UNINCORPORATED,-115.8605347,32.75746918
91485057,2021,5/28/2021,9625,5/18/2021,521,20738,,2,3,9,1300,0,1,1,,2,3,I-8 EASTBOUND,WESTSIDE ROAD,1470,E,N,A,-,Y,,,8,,,,,,E,Y,2,0,3,1,A,-,1,23152,F,N,F,A,A,A,H,-,B,D,0,,,,,Y,,A,1,3,0,0,0,0,0,0,0,0,- ,- ,32.77389145,-115.7283783,IMPERIAL,UNINCORPORATED,-115.7283783,32.77389145
91486519,2021,6/1/2021,9625,5/20/2021,40,22010,,4,3,9,1300,0,1,3,,1,44,SR-86 N/B,KEYSTONE ROAD,12672,N,N,A,-,Y,,,86,,,,,,N,Y,4,0,1,1,A,-,1,23152,F,N,E,I,A,A,H,-,D,D,0,,,,,Y,,A,1,0,0,1,0,0,0,0,0,0,- ,- ,32.94831848,-115.5696487,IMPERIAL,UNINCORPORATED,-115.5697937,32.94839096
91486654,2021,6/1/2021,9620,5/28/2021,730,18734,,5,1,9,1300,0,1,1,,2,81,I-8 EB,OGILBY ROAD,8448,W,N,A,-,Y,,,8,,,,,,E,Y,4,0,1,1,A,-,8,22107,,N,E,I,A,A,H,-,A,D,0,,,,,Y,,A,8,0,0,1,0,0,0,0,0,0,- ,- ,32.75178146,-114.865303,IMPERIAL,UNINCORPORATED,-114.8653259,32.75183868
91486950,2021,6/1/2021,9625,5/21/2021,1519,18933,,5,2,9,1300,0,1,1,,2,3,I-8 E/B,IMPERIAL HIGHWAY,3432,E,N,A,-,Y,,,8,,,,,,E,Y,3,0,1,1,A,-,8,22107,,N,F,A,A,A,H,-,A,D,0,,,,,Y,,D,22,0,1,0,0,0,0,0,0,0,- ,- ,32.73649979,-115.9833832,IMPERIAL,UNINCORPORATED,-115.9833908,32.73655319
91491114,2021,6/7/2021,9625,5/21/2021,1952,18933,,5,2,9,1300,0,1,1,,2,3,E/B I-8,DUNAWAY ROAD,18650,W,N,A,-,Y,,,8,,,,,,,Y,3,0,1,1,A,-,1,23152,G,N,F,A,A,A,H,-,D,D,0,,,,,Y,Y,A,1,0,1,0,0,0,0,0,0,0,- ,- ,32.75778961,-115.8596725,IMPERIAL,UNINCORPORATED,-115.8596954,32.75795746
91491810,2021,6/8/2021,9625,5/28/2021,350,20738,,5,3,9,1300,0,1,1,,2,2,I-8 WESTBOUND,WEST SR-98,9398,W,N,A,G,Y,,,8,,,,,,W,N,3,0,2,1,A,-,8,22107,,N,F,A,A,A,H,-,D,D,0,,,,,Y,,A,7,0,1,1,0,0,0,0,0,0,- ,- ,32.72721863,-116.0507431,IMPERIAL,UNINCORPORATED,-116.0507278,32.72727585
91492341,2021,6/8/2021,9620,4/23/2021,815,18028,,5,1,9,1300,0,1,1,,2,81,INTERSTATE 8 E/B,GORDONS WELL RD. O/C,8131,W,N,A,-,Y,,,8,,,,,,E,Y,1,1,3,2,A,-,8,22107,,N,F,A,A,A,H,-,A,D,0,,,,,Y,,E,22,1,2,0,0,0,0,0,0,0,- ,- ,32.70793915,-114.9835205,IMPERIAL,UNINCORPORATED,-114.9835205,32.7079277
91492418,2021,6/8/2021,9625,5/31/2021,1052,18468,,1,1,9,1300,0,3,5,,2,40,LA BRUCHERIE ROAD,WAHL ROAD,32,N,N,A,-,N,,,,,,,,,,Y,4,0,1,1,A,-,3,22350,,N,F,A,A,A,H,-,A,D,0,,,,Y,Y,,F,27,0,0,1,0,0,0,0,0,0,- ,- ,32.72354889,-115.5775299,IMPERIAL,UNINCORPORATED,-115.5786896,32.82039642
91492434,2021,6/8/2021,9625,6/2/2021,1330,19225,,3,1,9,1300,0,3,5,,2,50,BONDS CORNER ROAD,HUNT ROAD,300,S,N,A,-,N,,,,,,,,,,Y,4,0,1,1,A,-,8,22107,,N,F,A,A,A,H,-,A,D,0,,,,,Y,,D,22,0,0,1,0,0,0,0,0,0,- ,- ,32.76345062,-115.3371964,IMPERIAL,UNINCORPORATED,-115.3371582,32.76549149
9149336,2020,11/16/2020,1304,9/8/2020,949,344,ELCE,2,5,4,1304,0,0,0,,0,WEST,ROSS,COTTONWOOD,0,,Y,B,-,N,,,,,,,,,,Y,4,0,1,2,A,-,3,22350,,N,C,C,A,A,H,-,A,D,0,,,,,Y,,-,,0,0,1,0,0,0,0,0,0,- ,- ,32.78147125,-115.570961,IMPERIAL,EL CENTRO,-115.5719604,32.78145981
91493913,2021,7/1/2022,9625,5/30/2021,2355,20111,,7,3,9,1300,0,3,5,,2,40,WEIMAN ROAD,CADY ROAD,20,S,N,A,-,N,,,,,,,,,,Y,3,0,1,1,A,-,8,22107,,N,E,I,A,A,H,-,C,A,0,,,,,Y,,A,7,0,1,0,0,0,0,0,0,0,- ,- ,32.97724915,-115.6586533,IMPERIAL,UNINCORPORATED,-115.6586533,32.97735596
91499833,2021,6/17/2021,9625,6/8/2021,2140,18933,,2,2,9,1300,0,1,3,,1,11,SR-86 S/B,KALIN ROAD,0,,Y,A,-,Y,,,86,,,,,,S,Y,3,0,4,2,A,-,9,21802,A,N,A,C,A,A,H,-,D,A,0,,,,,Y,,A,1,0,4,0,0,0,0,0,0,0,- ,- ,32.98471832,-115.57827,IMPERIAL,UNINCORPORATED,-115.5782394,32.98474884
91500739,2021,6/18/2021,9625,6/4/2021,2342,21107,,5,3,9,1300,0,1,3,,1,22,DAVIS ROAD,STATE ROUTE 111,3,W,N,A,-,N,,,,,,,,,,Y,3,0,3,1,A,-,8,22107,,N,F,A,A,A,H,-,C,D,0,,,,,Y,,A,7,0,2,1,0,0,0,0,0,0,- ,- ,33.28445053,-115.5794373,IMPERIAL,UNINCORPORATED,-115.5789413,33.28524399
91500753,2021,6/18/2021,9625,6/3/2021,2330,22010,,4,3,9,1300,0,1,1,,2,2,I-8 E/B,IN KO PAH PARK ROAD,2640,E,N,G,-,Y,,,8,,,,,,E,Y,3,0,1,1,A,-,8,22107,,N,F,A,A,A,H,-,D,D,0,,,,,Y,,A,1,0,1,0,0,0,0,0,0,0,- ,- ,32.64905167,-116.1027527,IMPERIAL,UNINCORPORATED,-116.1027985,32.64908981
91501439,2021,6/21/2021,9625,5/31/2021,2137,18978,,1,2,9,1300,0,2,4,,2,46,DOGWOOD ROAD,CAREY ROAD,947,N,N,A,-,N,,,,,,,,,,Y,3,0,1,1,A,-,8,22107,,N,E,I,A,A,H,-,D,D,0,,,,,Y,Y,A,1,0,1,0,0,0,0,0,0,0,- ,- ,32.55273819,-115.5355301,IMPERIAL,UNINCORPORATED,-115.5355377,32.92985916
91501808,2021,6/21/2021,9625,6/14/2021,1828,18792,,1,2,9,1300,0,3,5,,2,10,KALIN ROAD,WALKER ROAD,320,S,N,A,-,N,,,,,,,,,,Y,2,0,1,1,A,-,1,23152,A,N,F,A,A,A,H,-,A,D,0,,,,,Y,Y,D,22,1,0,0,0,0,0,0,0,0,- ,- ,33.07266998,-115.5785065,IMPERIAL,UNINCORPORATED,-115.5788345,33.07424927
91503871,2021,6/23/2021,9625,6/16/2021,1650,18933,,3,2,9,1300,0,3,5,,2,10,DIAMOND AVENUE,DIAMOND PLACE,133,E,N,A,-,N,,,,,,,,,,N,3,0,1,1,A,-,21,22106,,N,H,A,A,A,H,-,A,D,0,,,,,Y,,A,1,0,1,0,0,0,0,0,0,0,- ,- ,33.28953934,-115.3532181,IMPERIAL,UNINCORPORATED,-115.966629,33.28954315
91504538,2021,6/23/2021,9625,6/9/2021,1030,18930,,3,1,9,1300,0,1,3,,1,51,SR-7,MAGGIO ROAD,35,S,N,A,-,Y,,,7,,,,,,,N,3,0,1,2,A,-,3,22350,,N,C,C,A,A,H,-,A,A,0,,,,Y,Y,,F,25,0,1,0,0,0,0,0,0,0,- ,- ,32.68621063,-115.3804092,IMPERIAL,UNINCORPORATED,-115.3804016,32.686203
91512394,2021,7/2/2021,9625,6/25/2021,1410,18978,,5,2,9,1300,0,1,1,,2,3,INTERSTATE 8 (EASTBOUND),DREW ROAD,580,E,N,A,-,Y,,,8,,,,,,,Y,4,0,1,1,A,-,8,22107,,N,F,I,A,A,H,-,A,D,0,,,,,Y,,A,1,0,0,1,0,0,0,0,0,0,- ,- ,32.77381134,-115.6886673,IMPERIAL,UNINCORPORATED,-115.6886673,32.77384949
91513807,2021,7/6/2021,9620,5/16/2021,2025,18535,,7,2,9,1300,0,1,1,,2,82,INTERSTATE 8 EASTBOUND,OGILBY ROAD,6442,E,N,A,-,Y,,,8,,,,,,E,Y,1,1,1,3,A,-,11,21954,A,N,G,B,D,A,H,-,D,D,0,Y,,,,Y,,N,60,1,0,0,1,1,0,0,0,0,- ,- ,32.75682831,-114.8161926,IMPERIAL,UNINCORPORATED,-114.8161697,32.7569313
91516137,2021,7/8/2021,9625,6/28/2021,1412,18933,,1,2,9,1300,0,3,5,,2,40,CLARK ROAD,HEBER ROAD,0,,Y,A,-,N,,,,,,,,,,Y,3,0,2,2,A,-,9,21802,A,N,D,C,A,A,H,-,A,A,0,,,,,Y,,D,22,0,2,0,0,0,0,0,0,0,- ,- ,32.73062897,-115.5603027,IMPERIAL,UNINCORPORATED,-115.560318,32.73064041
91516183,2021,7/8/2021,9625,6/27/2021,210,20263,,7,3,9,1300,0,3,5,,2,50,BOWKER ROAD,HEBER ROAD,500,N,N,A,-,N,,,,,,,,,,Y,3,0,1,1,A,-,1,23152,G,N,E,I,A,A,H,-,D,D,0,,,,,Y,,A,1,0,1,0,0,0,0,0,0,0,- ,- ,32.73215866,-115.4652176,IMPERIAL,UNINCORPORATED,-115.4650497,32.73171616
91516198,2021,7/8/2021,9625,6/29/2021,25,20111,,2,3,9,1300,0,3,5,,2,40,SHARTZ RD,DOGWOOD ROAD,90,W,N,A,-,N,,,,,,,,,,Y,3,0,1,1,A,-,1,23152,A,N,E,I,A,A,H,-,D,A,0,,,,,Y,Y,A,1,0,1,0,0,0,0,0,0,0,- ,- ,32.94174957,-115.5361328,IMPERIAL,UNINCORPORATED,-115.5358353,32.94178391
91518854,2021,7/13/2021,9625,5/29/2021,1431,18933,,6,2,9,1300,0,1,1,,2,1,I-8 E/B,MOUNTAIN SPRINGS ROAD,1180,W,N,A,-,Y,,,8,,,,,,E,Y,1,1,0,1,A,-,3,22350,,N,E,I,A,A,H,-,A,D,0,,,Y,,Y,,C,2,0,0,0,0,0,0,0,1,0,- ,- ,32.67778015,-116.1030273,IMPERIAL,UNINCORPORATED,-116.1030273,32.67774582
91519305,2021,7/13/2021,9625,7/2/2021,1935,19225,,5,2,9,1300,0,2,4,,2,46,DOGWOOD ROAD,MCCABE ROAD,1200,N,N,A,-,N,,,,,,,,,,Y,3,0,1,2,A,-,1,23152,F,N,C,C,A,A,H,-,D,D,0,,,,,Y,,A,1,0,1,0,0,0,0,0,0,0,- ,- ,32.75654984,-115.5347977,IMPERIAL,UNINCORPORATED,-115.5348129,32.75564194
91519316,2021,7/13/2021,9625,7/2/2021,2050,18792,,5,2,9,1300,0,3,5,,2,10,FORRESTER ROAD,BANNISTER ROAD,6230,N,N,A,-,N,,,,,,,,,,Y,3,0,2,1,A,-,3,22350,,N,E,A,A,A,H,-,D,D,0,,,Y,,Y,,C,2,0,2,0,0,0,0,0,0,2,- ,- ,33.06901932,-115.6216431,IMPERIAL,UNINCORPORATED,-115.6216202,33.06892776
91520364,2021,7/14/2021,9625,7/2/2021,705,17727,,5,1,9,1300,0,1,3,,1,42,SR-98,MOLITAR ROAD,1950,E,N,A,-,N,,,98,,,,,,,N,4,0,1,1,A,-,8,22107,,N,D,I,A,A,H,-,A,D,0,,,,,Y,,A,1,0,0,1,0,0,0,0,0,0,- ,- ,32.71979904,-115.9559021,IMPERIAL,UNINCORPORATED,-115.9558945,32.71982574
91520999,2021,7/15/2021,9625,7/6/2021,747,18468,,2,1,9,1300,0,2,4,,2,46,DOGWOOD ROAD,WILLOUGHBY ROAD,0,,Y,A,-,N,,,,,,,,,,N,4,0,2,2,A,-,9,21802,A,N,D,C,A,A,H,-,A,A,0,,,,,Y,,D,22,0,0,2,0,0,0,0,0,0,- ,- ,32.70840836,-115.5339584,IMPERIAL,UNINCORPORATED,-115.5340805,32.70845032
91521433,2021,7/15/2021,9625,7/9/2021,907,18468,,5,1,9,1300,0,1,3,,1,42,STATE ROUTE 98,DOGWOOD ROAD,1531,W,N,A,-,Y,,,98,,,,,,,Y,4,0,1,2,A,-,9,21801,A,N,D,C,A,A,H,-,A,D,0,,,,,Y,,D,22,0,0,1,0,0,0,0,0,0,- ,- ,32.67924881,-115.5335083,IMPERIAL,UNINCORPORATED,-115.5335083,32.67924118
91524887,2021,7/20/2021,9625,7/10/2021,1504,18792,,6,2,9,1300,0,1,3,,1,12,SR-86,SOUTH MARINA DRIVE,0,,Y,A,-,Y,,,86,,,,,,,Y,4,0,2,2,A,-,9,21453,C,F,D,C,A,A,H,-,A,A,0,,,,,Y,,A,7,0,0,2,0,0,0,0,0,0,- ,- ,33.27907944,-115.9644089,IMPERIAL,UNINCORPORATED,-115.9643936,33.2790947
91528852,2021,7/26/2021,9625,7/14/2021,930,17727,,3,1,9,1300,0,1,3,,2,24,SR-78,WHITLOCK ROAD,105,E,N,A,-,Y,,,78,,,,,,,Y,3,0,1,1,A,-,1,23152,A,N,F,A,A,A,H,-,A,D,0,,,,,Y,Y,A,1,0,1,0,0,0,0,0,0,0,- ,- ,32.97449875,-115.2944031,IMPERIAL,UNINCORPORATED,-115.2943878,32.9745369
91532140,2021,7/29/2021,9625,7/19/2021,619,18368,,1,1,9,1300,0,1,1,,2,3,I-8 E/B,IMPERIAL HIGHWAY,4366,W,N,A,-,Y,,,8,,,,,,E,Y,3,0,1,1,A,-,8,22107,,N,F,I,A,A,H,-,A,D,0,,,,,Y,,A,1,0,1,0,0,0,0,0,0,0,- ,- ,32.73131943,-116.00811,IMPERIAL,UNINCORPORATED,-116.0081177,32.73136902
91535158,2021,8/2/2021,9625,7/21/2021,1301,18933,,3,1,9,1300,0,2,4,,2,47,WORTHINGTON ROAD,FORRESTER ROAD,0,,Y,A,-,N,,,,,,,,,,Y,3,0,2,2,A,-,9,21802,A,N,D,C,A,A,H,-,A,A,0,,,,,Y,,D,22,0,2,0,0,0,0,0,0,0,- ,- ,32.84740829,-115.6207428,IMPERIAL,UNINCORPORATED,-115.6207581,32.84738922