CASE_ID,ACCIDENT_YEAR,PROC_DATE,JURIS,COLLISION_DATE,COLLISION_TIME,OFFICER_ID,REPORTING_DISTRICT,DAY_OF_WEEK,CHP_SHIFT,POPULATION,CNTY_CITY_LOC,SPECIAL_COND,BEAT_TYPE,CHP_BEAT_TYPE,CITY_DIVISION_LAPD,CHP_BEAT_CLASS,BEAT_NUMBER,PRIMARY_RD,SECONDARY_RD,DISTANCE,DIRECTION,INTERSECTION,WEATHER_1,WEATHER_2,STATE_HWY_IND,CALTRANS_COUNTY,CALTRANS_DISTRICT,STATE_ROUTE,ROUTE_SUFFIX,POSTMILE_PREFIX,POSTMILE,LOCATION_TYPE,RAMP_INTERSECTION,SIDE_OF_HWY,TOW_AWAY,COLLISION_SEVERITY,NUMBER_KILLED,NUMBER_INJURED,PARTY_COUNT,PRIMARY_COLL_FACTOR,PCF_CODE_OF_VIOL,PCF_VIOL_CATEGORY,PCF_VIOLATION,PCF_VIOL_SUBSECTION,HIT_AND_RUN,TYPE_OF_COLLISION,MVIW,PED_ACTION,ROAD_SURFACE,ROAD_COND_1,ROAD_COND_2,LIGHTING,CONTROL_DEVICE,CHP_ROAD_TYPE,PEDESTRIAN_ACCIDENT,BICYCLE_ACCIDENT,MOTORCYCLE_ACCIDENT,TRUCK_ACCIDENT,NOT_PRIVATE_PROPERTY,ALCOHOL_INVOLVED,STWD_VEHTYPE_AT_FAULT,CHP_VEHTYPE_AT_FAULT,COUNT_SEVERE_INJ,COUNT_VISIBLE_INJ,COUNT_COMPLAINT_PAIN,COUNT_PED_KILLED,COUNT_PED_INJURED,COUNT_BICYCLIST_KILLED,COUNT_BICYCLIST_INJURED,COUNT_MC_KILLED,COUNT_MC_INJURED,PRIMARY_RAMP,SECONDARY_RAMP,LATITUDE,LONGITUDE,COUNTY,CITY,POINT_X,POINT_Y
91535186,2021,8/2/2021,9625,7/22/2021,933,18468,,4,1,9,1300,0,1,1,,2,3,INTERSTATE 8 (E/B),WESTSIDE ROAD,1534,W,N,A,-,Y,,,8,,,,,,,Y,3,0,1,2,A,-,3,22350,,N,C,C,A,A,H,-,A,D,0,,,,Y,Y,,A,7,0,1,0,0,0,0,0,0,0,- ,- ,32.77389908,-115.7382813,IMPERIAL,UNINCORPORATED,-115.7382813,32.77391434
91536108,2021,8/3/2021,9625,7/25/2021,916,18933,,7,1,9,1300,0,1,3,,1,22,SR-111,HOT MINERAL SPA ROAD,5070,S,N,B,-,Y,,,111,,,,,,,Y,3,0,1,1,A,-,8,22107,,N,F,I,A,A,H,-,A,D,0,,,,,Y,,A,1,0,1,0,0,0,0,0,0,0,- ,- ,33.37147903,-115.6774673,IMPERIAL,UNINCORPORATED,-115.6774902,33.37143326
91536865,2021,8/4/2021,9625,7/24/2021,555,19582,,6,3,9,1300,0,3,5,,2,10,FREDRICKS ROAD,ELDER ROAD,0,,Y,A,-,N,,,,,,,,,,Y,2,0,1,1,A,-,1,23152,A,N,E,I,A,A,H,-,A,A,0,,,,,Y,Y,A,1,1,0,0,0,0,0,0,0,0,- ,- ,32.99898148,-115.5890732,IMPERIAL,UNINCORPORATED,-115.5897064,32.99895096
91536866,2021,8/4/2021,9625,7/25/2021,230,20111,,7,3,9,1300,0,3,5,,2,50,BARBRA WORTH ROAD,EVAN HEWES HWY,2112,S,N,A,-,N,,,,,,,,,,Y,3,0,1,1,A,-,8,22107,,N,E,I,A,A,H,-,D,D,0,,,,,Y,Y,A,1,0,1,0,0,0,0,0,0,0,- ,- ,32.79824066,-115.4305115,IMPERIAL,UNINCORPORATED,-115.4304733,32.79798126
91536892,2021,8/4/2021,9625,7/31/2021,1405,19225,,6,2,9,1300,0,1,1,,2,5,E/B I-8 TO S/B SR-111,INTERSTATE 8,900,S,N,A,-,Y,,,,,,,,,,N,4,0,1,1,A,-,8,22107,,N,E,I,A,A,H,-,A,D,0,,,,,Y,,A,1,0,0,1,0,0,0,0,0,0,- ,- ,,,IMPERIAL,UNINCORPORATED,,
91538154,2021,8/5/2021,9625,7/31/2021,525,18368,,6,3,9,1300,0,3,5,,2,10,BEST ROAD,WARD ROAD,1988,N,N,A,-,N,,,,,,,,,,Y,4,0,1,2,A,-,3,22350,,N,C,D,A,A,H,-,A,D,0,,,,,Y,,A,1,0,0,1,0,0,0,0,0,0,- ,- ,33.02098083,-115.5091782,IMPERIAL,UNINCORPORATED,-115.5092239,33.02103043
91538576,2021,8/6/2021,9625,7/25/2021,1406,18978,,7,2,9,1300,0,1,3,,1,12,STATE ROUTE 86 N/B,TREADWELL BLVD,0,,Y,A,-,Y,,,86,,,,,,N,Y,3,0,2,3,A,-,9,21804,A,N,D,C,A,A,H,-,A,A,0,,,,,Y,,A,1,0,1,1,0,0,0,0,0,0,- ,- ,33.32849884,-116.0006714,IMPERIAL,UNINCORPORATED,-116.0007095,33.32847214
91538758,2021,8/6/2021,9625,7/27/2021,533,20263,,2,3,9,1300,0,1,3,,2,53,SR-111 S/B,SR-86,0,,Y,A,-,Y,,,111,,,,,,S,Y,2,0,2,2,A,-,12,21453,A,N,D,C,A,A,H,-,B,A,0,,,,,Y,,A,7,1,0,1,0,0,0,0,0,0,- ,- ,32.73065948,-115.5005035,IMPERIAL,UNINCORPORATED,-115.5004044,32.7306633
91541471,2021,8/10/2021,9620,7/12/2021,2038,19291,,1,2,9,1300,0,1,1,,2,81,I-8 W/B,GORDONS WELL RD,7920,W,N,A,-,Y,,,8,,,,,,W,N,1,1,0,2,A,-,11,21954,A,N,G,B,D,A,H,-,D,D,0,Y,,,,Y,,N,60,0,0,0,1,0,0,0,0,0,- ,- ,32.71049118,-114.9318314,IMPERIAL,UNINCORPORATED,-114.9318237,32.71047211
91542841,2021,8/11/2021,9625,8/3/2021,1400,21107,,2,2,9,1300,0,1,3,,1,44,STATE ROUTE 86 S/B,AUSTIN ROAD,3300,N,N,A,-,Y,,,86,,,,,,S,Y,2,0,3,2,A,-,3,22350,,N,C,C,A,A,H,-,A,D,0,,,,,Y,,D,22,1,1,1,0,0,0,0,0,0,- ,- ,32.95452881,-115.5571671,IMPERIAL,UNINCORPORATED,-115.5571442,32.95446777
91543721,2021,8/12/2021,9625,8/3/2021,635,17727,,2,1,9,1300,0,1,3,,1,12,SR-86 (N/B),TREADWELL BLVD,78,N,N,A,-,Y,,,86,,,,,,,Y,3,0,1,1,A,-,8,22107,,N,E,I,A,A,H,-,B,D,0,,,,,Y,,A,7,0,1,0,0,0,0,0,0,0,- ,- ,33.32769012,-116.0000763,IMPERIAL,UNINCORPORATED,-116.0001068,33.32767105
91543842,2021,8/12/2021,9625,8/2/2021,1610,19668,,1,2,9,1300,0,1,3,,2,53,SR-111 N/B,HEBER ROAD,2152,S,N,A,-,Y,,,,,,,,,,Y,3,0,2,4,A,-,8,22107,,N,B,C,A,A,H,-,A,D,0,,,,,Y,,A,1,0,1,1,0,0,0,0,0,0,- ,- ,,,IMPERIAL,UNINCORPORATED,-115.5001984,32.72478867
91549033,2021,8/19/2021,9625,8/8/2021,40,22010,,7,3,9,1300,0,1,3,,1,44,SR-86 N/B,HARRIS ROAD,54,S,N,A,-,Y,,,86,,,,,,N,Y,3,0,1,1,A,-,8,22107,,N,E,I,A,A,H,-,D,D,0,,,,,Y,,A,1,0,1,0,0,0,0,0,0,0,- ,- ,32.88380051,-115.5700836,IMPERIAL,UNINCORPORATED,-115.5702286,32.88380051
91549176,2021,8/19/2021,9625,8/13/2021,1710,19667,,5,2,9,1300,0,3,5,,2,40,ROSS ROAD,FORRESTER ROAD,1731,E,N,A,-,N,,,,,,,,,,N,3,0,2,1,A,-,8,22107,,N,E,I,A,A,H,-,A,D,0,,,,,Y,,A,7,0,1,1,0,0,0,0,0,0,- ,- ,32.78155136,-115.614563,IMPERIAL,UNINCORPORATED,-115.615036,32.78142548
91554188,2021,8/25/2021,9625,6/22/2021,145,20263,,2,3,9,1300,0,1,3,,1,21,SR-111,BAUGHMAN ROAD,210,N,N,A,-,Y,,,111,,,,,,,N,1,1,0,2,A,-,0,21971,,F,G,B,E,A,H,-,D,D,0,Y,,,,Y,,N,60,0,0,0,1,0,0,0,0,0,- ,- ,33.03123093,-115.5267181,IMPERIAL,UNINCORPORATED,-115.5268784,33.03123093
91555374,2021,8/26/2021,9625,8/25/2021,710,18368,,3,1,9,1300,0,2,4,,2,47,FORRESTER ROAD,HACKLEMAN ROAD,106,N,N,A,-,Y,,,,,,,,,,Y,3,0,1,1,A,-,8,22107,,N,E,I,A,A,H,-,A,D,0,,,,,Y,,A,1,0,1,0,0,0,0,0,0,0,- ,- ,32.81177139,-115.6204529,IMPERIAL,UNINCORPORATED,-115.6206589,32.81138992
91557211,2021,8/27/2021,9625,7/14/2021,1430,18792,,3,2,9,1300,0,2,4,,2,47,FORRESTER ROAD,CADY ROAD,2534,N,N,A,-,N,,,,,,,,,,Y,1,1,2,1,A,-,1,23152,A,N,F,A,A,A,H,-,A,D,0,,,,,Y,Y,D,22,2,0,0,0,0,0,0,0,0,- ,- ,32.98432922,-115.6240387,IMPERIAL,UNINCORPORATED,-115.6240768,32.98431778
91558243,2021,8/30/2021,9625,8/22/2021,1910,19667,,7,2,9,1300,0,1,3,,1,54,KEYSTONE ROAD,SR-111,0,,Y,A,-,Y,,,,,,,,,,N,2,0,5,2,A,-,12,21453,A,N,D,C,A,A,H,-,B,A,0,,,,,Y,,A,1,4,1,0,0,0,0,0,0,0,- ,- ,32.9139595,-115.5092773,IMPERIAL,UNINCORPORATED,-115.5077972,32.91267014
91558299,2021,8/30/2021,9625,8/27/2021,950,18368,,5,1,9,1300,0,2,4,,2,57,EVAN HEWES HIGHWAY,METS RD,0,,Y,A,-,N,,,,,,,,,,Y,4,0,1,2,A,-,9,21801,A,N,D,C,A,A,H,-,A,D,0,,,,,Y,,A,1,0,0,1,0,0,0,0,0,0,- ,- ,32.80635071,-115.3974304,IMPERIAL,UNINCORPORATED,,
91561275,2021,9/7/2021,9625,8/31/2021,1612,21107,,2,2,9,1300,0,2,4,,2,46,DOGWOOD ROAD,WILLOUGHBY ROAD,0,,Y,B,-,N,,,,,,,,,,Y,4,0,2,2,A,-,9,21802,A,N,D,C,A,A,H,-,A,A,0,,,,,Y,,A,1,0,0,2,0,0,0,0,0,0,- ,- ,32.70845032,-115.5340881,IMPERIAL,UNINCORPORATED,-115.5340805,32.70845032
91561668,2021,9/2/2021,9625,8/29/2021,1753,18792,,7,2,9,1300,0,1,3,,1,11,SR-86 S/B,KALIN RD,0,,Y,A,-,Y,,,86,,,,,,S,Y,3,0,3,2,A,-,9,21802,A,N,D,C,A,A,H,-,A,A,0,,,,,Y,,A,1,0,3,0,0,0,0,0,0,0,- ,- ,32.98469162,-115.5782318,IMPERIAL,UNINCORPORATED,-115.5782089,32.98471069
91565506,2021,9/8/2021,9625,9/4/2021,210,21107,,6,3,9,1300,0,3,5,,2,40,SILSBEE ROAD,ATEN ROAD,41,S,N,A,-,N,,,,,,,,,,Y,3,0,2,1,A,-,8,22107,,N,E,I,A,A,H,-,D,D,0,,,,,Y,,A,7,0,2,0,0,0,0,0,0,0,- ,- ,32.82543182,-115.6464386,IMPERIAL,UNINCORPORATED,-115.646431,32.82541656
91565516,2021,9/8/2021,9625,9/7/2021,1515,18468,,2,2,9,1300,0,3,5,,2,10,INDIAN OCEAN AVENUE,STARDUST AVENUE,24,E,N,A,-,N,,,,,,,,,,N,2,0,1,1,A,-,8,22107,,N,E,I,A,A,H,-,A,D,0,,,Y,,Y,,C,6,1,0,0,0,0,0,0,0,1,- ,- ,33.33668137,-115.9715729,IMPERIAL,UNINCORPORATED,-115.9717331,33.336689
9156565,2020,11/18/2020,1301,9/17/2020,1128,MORENO,,4,5,3,1301,0,0,0,,0,1,PATER ST,FLAMMANG AV,0,,Y,A,-,N,,,,,,,,,,Y,4,0,1,2,A,-,12,22450,,N,D,C,A,A,H,-,A,A,0,,,,,Y,,-,,0,0,1,0,0,0,0,0,0,- ,- ,,,IMPERIAL,BRAWLEY,-115.5393906,32.98794937
91565657,2021,9/8/2021,9625,8/3/2021,1535,19667,,2,2,9,1300,0,2,4,,2,46,WILLOUGHBY ROAD,DOGWOOD ROAD,0,,Y,A,-,N,,,,,,,,,,Y,1,1,1,2,A,-,9,21802,A,N,D,C,A,A,H,-,A,A,0,,,,,Y,,A,7,0,1,0,0,0,0,0,0,0,- ,- ,32.70848083,-115.5338898,IMPERIAL,UNINCORPORATED,-115.5340805,32.70845032
91566568,2021,9/17/2021,9625,8/30/2021,251,18978,,1,3,9,1300,0,1,1,,2,6,INTERSTATE 8 W/B,DOGWOOD ROAD,4860,E,N,A,-,Y,,,8,,,,,,W,Y,2,0,1,2,A,-,1,23152,A,N,C,C,A,A,H,-,C,D,0,,,,,Y,Y,A,1,1,0,0,0,0,0,0,0,0,- ,- ,32.77370834,-115.5189209,IMPERIAL,UNINCORPORATED,-115.5189209,32.77399063
91569879,2021,9/14/2021,9625,9/3/2021,1317,18978,,5,1,9,1300,0,2,4,,2,46,DOGWOOD ROAD,COLE ROAD,0,,Y,A,-,N,,,,,,,,,,N,3,0,1,2,A,-,9,21801,A,N,D,C,A,A,H,-,A,D,0,,,,,Y,,A,1,0,1,0,0,0,0,0,0,0,- ,- ,32.69398117,-115.5339737,IMPERIAL,UNINCORPORATED,-115.5339813,32.69400024
91570239,2021,9/14/2021,9625,9/1/2021,1000,16248,,3,1,9,1300,0,1,1,,2,1,I-8 E/B,MOUNTAIN SPRINGS ROAD,307,W,N,A,-,Y,,,8,,,,,,E,N,3,0,2,2,A,-,3,22350,,N,C,C,A,A,H,-,A,D,0,,,,Y,Y,,A,1,0,1,1,0,0,0,0,0,0,- ,- ,32.67647934,-116.0998535,IMPERIAL,UNINCORPORATED,-116.0998459,32.67649078
91571951,2021,9/16/2021,9625,9/7/2021,420,18930,,2,3,9,1300,0,3,5,,2,50,COLE ROAD,PRUETT ROAD,241,W,N,A,-,N,,,,,,,,,,Y,2,0,1,1,A,-,8,22107,,N,E,I,A,A,H,-,C,D,0,,,Y,,Y,,C,2,1,0,0,0,0,0,0,0,1,- ,- ,32.69401169,-115.5142365,IMPERIAL,UNINCORPORATED,-115.5121384,32.69396973
91572515,2021,9/16/2021,9625,9/4/2021,1640,22010,,6,2,9,1300,0,3,5,,2,50,YOURMAN ROAD,HEBER ROAD,0,,Y,A,-,N,,,,,,,,,,Y,4,0,2,2,A,-,12,22450,A,N,D,C,A,A,H,-,A,A,0,,,,,Y,,A,7,0,0,2,0,0,0,0,0,0,- ,- ,32.73075104,-115.4985733,IMPERIAL,UNINCORPORATED,-115.4983368,32.73067856
91573112,2021,9/17/2021,9625,9/7/2021,711,18368,,2,1,2,1306,1,2,4,,2,47,FORRESTER ROAD,ATEN ROAD,0,,Y,A,-,N,,,,,,,,,,Y,3,0,2,3,A,-,12,22450,A,N,D,C,A,A,H,-,A,A,0,,,,,Y,,A,1,0,1,1,0,0,0,0,0,0,- ,- ,32.82555008,-115.6207428,IMPERIAL,IMPERIAL,-115.6206818,32.81821823
91573505,2021,9/17/2021,9625,9/12/2021,1658,22010,,7,2,9,1300,0,1,1,,2,6,I-8 W/B,SR-111,317,W,N,A,-,Y,,,8,,,,,,W,Y,3,0,1,1,C,-,18,,,N,E,I,A,A,H,-,A,D,0,,,,,Y,,-,- ,0,1,0,0,0,0,0,0,0,- ,- ,32.67597961,-116.1065979,IMPERIAL,UNINCORPORATED,-116.1068954,32.67614365
91580328,2021,9/27/2021,9625,9/19/2021,1905,19225,,7,2,9,1300,0,1,3,,2,53,SR-111 S/B,JASPER ROAD,1841,N,N,A,-,Y,,,111,,,,,,S,N,4,0,2,3,A,-,8,22107,,N,G,B,E,A,H,-,D,D,0,Y,,,,Y,,A,1,0,0,2,0,2,0,0,0,0,- ,- ,32.71384811,-115.4996185,IMPERIAL,UNINCORPORATED,-115.4994659,32.71385193
91589852,2021,10/6/2021,9620,9/30/2021,10,20054,,4,3,9,1300,0,1,1,,2,81,W/B I-8,SAND HILLS REST AREA,2006,W,N,A,-,Y,,,8,,,,,,,Y,3,0,1,1,C,-,18,,,N,H,A,A,A,H,-,D,D,0,,,,,Y,Y,-,- ,0,1,0,0,0,0,0,0,0,- ,- ,32.73439026,-114.8974686,IMPERIAL,UNINCORPORATED,-114.8974915,32.73443985
91593945,2021,10/12/2021,9620,10/4/2021,1115,18247,Quech,1,1,9,1300,0,2,4,,1,75,QUECHAN DRIVE,AGNES ROAD,0,,Y,A,-,N,,,,,,,,,,Y,4,0,1,2,A,-,9,21804,A,N,D,C,A,A,H,-,A,A,0,,,,,Y,,A,1,0,0,1,0,0,0,0,0,0,- ,- ,32.73527908,-114.6154404,IMPERIAL,UNINCORPORATED,-114.6155014,32.7353096
91594163,2021,10/12/2021,9625,8/30/2021,1500,19668,,1,2,9,1300,0,1,1,,2,1,I-8 E/B,IN KO PAH PARK ROAD,4732,E,N,A,-,Y,,,8,,,,,,E,Y,1,1,0,1,A,-,8,22107,,N,E,I,A,A,H,-,A,D,0,,,,,Y,,A,7,0,0,0,0,0,0,0,0,0,- ,- ,32.65391159,-116.0987701,IMPERIAL,UNINCORPORATED,-116.0987244,32.65387344
91596279,2021,10/14/2021,9625,10/12/2021,1510,19667,,2,2,9,1300,0,1,1,,2,4,I-8 W/B TO 4TH STREET,4TH STREET,390,E,N,A,-,Y,,,,,,,,,,Y,4,0,1,2,A,-,3,22350,,N,C,C,A,A,H,-,A,D,0,,,,,Y,,A,1,0,0,1,0,0,0,0,0,0,- ,- ,32.77416992,-115.5507813,IMPERIAL,UNINCORPORATED,-115.5521393,32.77389145
91601319,2021,10/27/2021,9625,10/17/2021,1940,19667,,7,2,9,1300,0,1,3,,2,43,SR-86,DOGWOOD ROAD,0,,Y,A,-,Y,,,86,,,,,,,N,4,0,1,2,A,-,9,21802,A,N,D,C,A,D,H,-,C,A,0,,,,,Y,,A,1,0,0,1,0,0,0,0,0,0,- ,- ,32.73046875,-115.5343475,IMPERIAL,UNINCORPORATED,-115.5343475,32.73065567
91604106,2021,10/22/2021,9620,9/29/2021,500,14306,,3,3,9,1300,0,1,1,,2,81,I-8 E/B,BROCK RESEARCH CENTER RD.,10032,E,N,B,-,Y,,,8,,,,,,E,N,1,1,0,2,A,-,11,21954,A,N,G,B,D,A,H,-,D,D,0,Y,,,,Y,,N,60,0,0,0,1,0,0,0,0,0,- ,- ,32.70782089,-115.0019684,IMPERIAL,UNINCORPORATED,-115.0019684,32.7077713
91605803,2021,10/25/2021,9620,10/21/2021,1634,18464,,4,2,9,1300,0,1,1,,2,81,INTERSTATE 8 (E/B),GORDONS WELL ROAD,12144,E,N,A,-,Y,,,8,,,,,,,Y,4,0,1,2,A,-,8,22107,,N,D,C,A,A,H,-,A,D,0,,,,Y,Y,,A,1,0,0,1,0,0,0,0,0,0,- ,- ,32.71685028,-114.9187393,IMPERIAL,UNINCORPORATED,-114.9187393,32.71685028
91608047,2021,10/27/2021,9625,10/21/2021,1905,20263,,4,2,9,1300,0,1,3,,2,52,SR-98,I-8,29146,W,N,A,-,N,,,98,,,,,,,Y,2,0,9,2,A,-,8,22107,,N,D,C,A,A,H,-,D,D,0,,,,,Y,,D,22,7,2,0,0,0,0,0,0,0,- ,- ,32.71139145,-115.1831665,IMPERIAL,UNINCORPORATED,-115.1831741,32.71124649
91628219,2021,11/18/2021,9625,11/11/2021,2305,20996,,4,3,9,1300,0,1,3,,1,54,SR-111 N/B,HARRIS ROAD,2112,S,N,A,-,Y,,,111,,,,,,N,Y,3,0,1,1,A,-,8,22107,,N,E,I,A,A,H,-,D,D,0,,,,,Y,,A,1,0,1,0,0,0,0,0,0,0,- ,- ,32.87746048,-115.5089264,IMPERIAL,UNINCORPORATED,-115.50914,32.87746048
91628330,2021,11/18/2021,9625,11/13/2021,2045,19668,,6,2,9,1300,0,3,5,,2,40,IMLER ROAD,WHEELER ROAD,12144,E,N,A,-,N,,,,,,,,,,Y,4,0,2,1,A,-,8,22107,,N,E,J,A,A,H,-,D,D,0,,,,,Y,,A,1,0,0,2,0,0,0,0,0,0,- ,- ,32.9138298,-115.7105713,IMPERIAL,UNINCORPORATED,,
91632547,2021,11/22/2021,9625,11/10/2021,2250,21232,,3,3,9,1300,0,1,3,,2,25,SR-78,BUTTERS ROAD,0,,Y,A,-,Y,,,78,,,,,,,Y,3,0,1,2,A,-,12,22450,A,N,D,C,A,A,H,-,D,A,0,,,,Y,Y,,G,25,0,1,0,0,0,0,0,0,0,- ,- ,32.97463989,-115.3717804,IMPERIAL,UNINCORPORATED,-115.3717804,32.97466278
91633104,2021,11/23/2021,9625,11/11/2021,2500,21232,,4,4,9,1300,0,3,5,,2,10,SR-78,ELDER ROAD,0,,Y,A,-,Y,,,,,,,,,,Y,3,0,1,1,A,-,3,22350,,F,E,8,A,A,H,-,C,A,0,,,,,Y,,A,1,0,1,0,0,0,0,0,0,0,- ,- ,32.99919128,-115.58992,IMPERIAL,UNINCORPORATED,,
91633131,2021,11/23/2021,9625,11/12/2021,540,21232,,5,3,9,1300,0,1,3,,1,21,SR-111,RUEGGER ROAD,18,N,N,A,-,Y,,,111,,,,,,,Y,3,0,3,2,A,-,3,22350,,N,C,C,A,A,H,-,A,D,0,,,,,Y,,A,1,0,3,0,0,0,0,0,0,0,- ,- ,33.10401154,-115.5148773,IMPERIAL,UNINCORPORATED,-115.5147858,33.10401154
91638680,2021,11/30/2021,9620,11/20/2021,905,18734,,6,1,9,1300,0,3,5,,2,70,FLOOD ROAD,ROSS RD,0,,Y,A,-,N,,,,,,,,,,Y,3,0,4,2,A,-,9,21802,A,N,C,C,A,A,H,-,A,D,0,,,,,Y,,A,1,0,4,0,0,0,0,0,0,0,- ,- ,32.78171158,-114.5738602,IMPERIAL,UNINCORPORATED,-114.5739212,32.78174973
9164084,2020,12/2/2020,1304,8/31/2020,1026,E0194,ELCE,1,5,4,1304,0,0,0,,0,EAST,4TH ST,HAMILTON,0,,N,A,-,Y,IMP,11,86,-,-,6.82,H,-,N,Y,3,0,1,2,A,-,7,21658,A,N,B,C,A,A,H,-,A,D,0,,,,,Y,,A,1,0,1,0,0,0,0,0,0,0,- ,- ,,,IMPERIAL,EL CENTRO,-115.5525131,32.78569412
91641095,2021,12/2/2021,9620,11/24/2021,1336,19291,,3,1,9,1300,0,1,3,,1,63,SR-78,THREE SLASHES RD,50,E,N,A,-,Y,,,78,,,,,,,Y,4,0,1,4,A,-,3,22350,,N,C,C,A,A,H,-,A,D,0,,,,,Y,,E,22,0,0,1,0,0,0,0,0,0,- ,- ,33.29615021,-114.7500916,IMPERIAL,UNINCORPORATED,-114.7501602,33.29620743
91641314,2021,12/2/2021,9625,11/23/2021,1745,19668,,2,2,9,1300,0,3,5,,2,50,WORTHINGTON ROAD,COOLEY ROAD,1531,W,N,A,-,N,,,,,,,,,,Y,3,0,1,1,A,-,8,22107,,N,F,A,A,A,H,-,D,D,0,,,Y,,Y,,O,5,0,1,0,0,0,0,0,0,1,- ,- ,32.84722137,-115.5235214,IMPERIAL,UNINCORPORATED,-115.5234299,32.84737015
91642595,2021,12/10/2021,9625,11/25/2021,2130,19668,,4,2,9,1300,0,2,4,,2,46,DOGWOOD ROAD,WILLOUGHBY ROAD,15,N,N,A,-,N,,,,,,,,,,Y,3,0,3,3,A,-,1,23152,A,N,C,C,A,A,H,-,D,A,0,,,,,Y,Y,A,1,0,3,0,0,0,0,0,0,0,- ,- ,32.70861816,-115.5340881,IMPERIAL,UNINCORPORATED,-115.5340805,32.70849228
91644533,2021,12/6/2021,9625,12/1/2021,230,20996,,3,3,9,1300,0,3,5,,2,40,ATEN ROAD,SILSBEE ROAD,300,W,N,A,-,N,,,,,,,,,,Y,4,0,1,1,A,-,1,23152,A,N,E,I,A,A,H,-,D,A,0,,,,,Y,Y,A,7,0,0,1,0,0,0,0,0,0,- ,- ,32.82561874,-115.647438,IMPERIAL,UNINCORPORATED,-115.6473999,32.82553482
91648027,2021,12/9/2021,9625,12/1/2021,1340,18792,,3,1,9,1300,0,3,5,,2,10,ATLANTIC BLVD,BIG BEAR AVE,1584,N,N,A,-,N,,,,,,,,,,Y,3,0,1,1,A,-,1,23152,A,N,F,A,A,A,H,-,A,D,0,,,,,Y,Y,D,22,0,1,0,0,0,0,0,0,0,- ,- ,33.32297134,-115.9609604,IMPERIAL,UNINCORPORATED,-115.962059,33.32620621
91650957,2021,12/13/2021,9625,12/9/2021,1355,19668,,4,1,9,1300,0,1,3,,2,43,SR-86,MCCABE ROAD,0,,Y,A,-,Y,,,86,,,,,,,Y,4,0,1,2,A,-,3,22350,,N,C,C,A,A,H,-,A,A,0,,,,,Y,,A,1,0,0,1,0,0,0,0,0,0,- ,- ,32.7523613,-115.5518417,IMPERIAL,UNINCORPORATED,-115.5518723,32.75235748
91651638,2021,12/14/2021,9625,12/7/2021,1330,18368,,2,1,9,1300,0,2,4,,2,46,DOGWOOD ROAD,CAREY ROAD,2587,N,N,A,-,N,,,,,,,,,,Y,2,0,1,1,A,-,8,22107,,N,F,A,A,A,H,-,A,D,0,,,,,Y,,D,22,1,0,0,0,0,0,0,0,0,- ,- ,32.9344101,-115.5354614,IMPERIAL,UNINCORPORATED,-115.5355453,32.93434143
9166176,2020,11/10/2020,1304,9/29/2020,1457,320,EMISC,2,5,4,1304,0,0,0,,0,EAST,8TH,EL DORADO,0,,Y,A,-,N,,,,,,,,,,Y,3,0,2,2,A,-,3,22350,,N,C,C,A,A,H,-,A,D,0,,,,,Y,,-,,0,2,0,0,0,0,0,0,0,- ,- ,,,IMPERIAL,EL CENTRO,-115.561409,32.80923843
91662142,2021,12/27/2021,9625,12/10/2021,1956,18933,,5,2,9,1300,0,1,3,,2,23,SR-115,SILLIMAN ROAD,0,,Y,A,-,Y,,,115,,,,,,,Y,2,0,1,2,A,-,3,22350,,N,C,C,A,A,H,-,D,D,0,,,Y,Y,Y,,G,25,1,0,0,0,0,0,0,0,1,- ,- ,32.98189926,-115.4487381,IMPERIAL,UNINCORPORATED,-115.4487457,32.98189926
91663920,2021,12/28/2021,9625,12/17/2021,955,16248,,5,1,9,1300,0,1,1,,2,4,I-8 W/B,HOLDRIDGE ROAD,783,E,N,A,-,Y,,,8,,,,,,W,Y,2,0,2,1,A,-,8,22107,,N,F,A,A,A,H,-,A,D,0,,,,,Y,,A,1,1,1,0,0,0,0,0,0,0,- ,- ,32.76536179,-115.27005,IMPERIAL,UNINCORPORATED,-115.2701645,32.76503754
91665448,2021,12/29/2021,9625,12/22/2021,1415,19668,,3,2,9,1300,0,1,3,,2,55,SR-115,HOYT ROAD,48,N,N,A,-,Y,,,115,,,,,,,Y,2,0,3,2,A,-,12,22450,A,N,D,C,A,A,H,-,A,A,0,,,Y,,Y,,C,6,1,2,0,0,0,0,0,0,2,- ,- ,32.79682159,-115.3157501,IMPERIAL,UNINCORPORATED,-115.3157272,32.7968483
91665681,2021,12/29/2021,9625,12/22/2021,1800,18792,,3,2,9,1300,0,2,4,,2,46,DOGWOOD ROAD,MCCABE ROAD,250,N,N,A,-,N,,,,,,,,,,Y,4,0,2,2,A,-,1,23152,A,N,C,C,A,A,H,-,D,D,0,,,,,Y,Y,A,1,0,0,2,0,0,0,0,0,0,- ,- ,32.75408173,-115.5348663,IMPERIAL,UNINCORPORATED,-115.5348587,32.75305176