CASE_ID,ACCIDENT_YEAR,PROC_DATE,JURIS,COLLISION_DATE,COLLISION_TIME,OFFICER_ID,REPORTING_DISTRICT,DAY_OF_WEEK,CHP_SHIFT,POPULATION,CNTY_CITY_LOC,SPECIAL_COND,BEAT_TYPE,CHP_BEAT_TYPE,CITY_DIVISION_LAPD,CHP_BEAT_CLASS,BEAT_NUMBER,PRIMARY_RD,SECONDARY_RD,DISTANCE,DIRECTION,INTERSECTION,WEATHER_1,WEATHER_2,STATE_HWY_IND,CALTRANS_COUNTY,CALTRANS_DISTRICT,STATE_ROUTE,ROUTE_SUFFIX,POSTMILE_PREFIX,POSTMILE,LOCATION_TYPE,RAMP_INTERSECTION,SIDE_OF_HWY,TOW_AWAY,COLLISION_SEVERITY,NUMBER_KILLED,NUMBER_INJURED,PARTY_COUNT,PRIMARY_COLL_FACTOR,PCF_CODE_OF_VIOL,PCF_VIOL_CATEGORY,PCF_VIOLATION,PCF_VIOL_SUBSECTION,HIT_AND_RUN,TYPE_OF_COLLISION,MVIW,PED_ACTION,ROAD_SURFACE,ROAD_COND_1,ROAD_COND_2,LIGHTING,CONTROL_DEVICE,CHP_ROAD_TYPE,PEDESTRIAN_ACCIDENT,BICYCLE_ACCIDENT,MOTORCYCLE_ACCIDENT,TRUCK_ACCIDENT,NOT_PRIVATE_PROPERTY,ALCOHOL_INVOLVED,STWD_VEHTYPE_AT_FAULT,CHP_VEHTYPE_AT_FAULT,COUNT_SEVERE_INJ,COUNT_VISIBLE_INJ,COUNT_COMPLAINT_PAIN,COUNT_PED_KILLED,COUNT_PED_INJURED,COUNT_BICYCLIST_KILLED,COUNT_BICYCLIST_INJURED,COUNT_MC_KILLED,COUNT_MC_INJURED,PRIMARY_RAMP,SECONDARY_RAMP,LATITUDE,LONGITUDE,COUNTY,CITY,POINT_X,POINT_Y
91669934,2021,1/4/2022,9625,12/27/2021,1100,18978,,1,1,9,1300,0,1,3,,1,11,SR-86 S/B,KALIN ROAD,73,N,N,A,-,Y,,,86,,,,,,S,Y,2,0,2,2,A,-,3,22350,,N,C,C,A,A,H,-,A,D,0,,,,Y,Y,,A,1,2,0,0,0,0,0,0,0,0,- ,- ,32.98490906,-115.5784302,IMPERIAL,UNINCORPORATED,-115.578392,32.98493958
91673346,2021,1/7/2022,9625,12/29/2021,252,19582,,3,3,9,1300,0,1,3,,2,52,SR-98,I-8,11616,W,N,A,-,Y,,,,,,,,,,Y,2,0,1,1,A,-,8,22107,,N,E,I,A,A,H,-,D,D,0,,,,,Y,,A,7,1,0,0,0,0,0,0,0,0,- ,- ,32.71456146,-115.1026535,IMPERIAL,UNINCORPORATED,-115.1261597,32.70972061
91695925,2021,4/11/2022,9620,12/26/2021,2203,20054,QUECH,7,3,9,1300,0,1,1,,2,82,I-8 W/B,WINTERHAVEN DRIVE,3115,W,N,A,-,Y,,,8,,,,,,W,Y,1,1,0,2,A,-,11,21954,A,N,G,B,D,A,H,-,D,D,0,Y,,,,Y,,N,60,0,0,0,1,0,0,0,0,0,- ,- ,32.7374382,-114.6601334,IMPERIAL,UNINCORPORATED,-114.6601334,32.73742676
91718214,2021,3/8/2022,9625,8/14/2021,426,20738,,6,3,9,1300,0,1,3,,1,11,SR-86 N/B,SR-78 EASTBOUND (BRAWLEY BYPASS),0,,Y,A,-,Y,,,86,,,,,,N,N,1,1,2,2,A,-,1,23152,A,N,A,C,A,A,H,-,C,A,0,,,,,Y,Y,A,1,2,0,0,0,0,0,0,0,0,- ,- ,32.99929047,-115.5887604,IMPERIAL,UNINCORPORATED,-115.5887909,32.99926758
9172004,2020,1/11/2021,1304,10/4/2020,610,358,,7,5,4,1304,0,0,0,,0,WEST,E VILLA RD,DOGWOOD RD,754,W,N,A,-,N,,,,,,,,,,Y,2,0,1,1,A,-,1,23152,A,M,A,I,A,A,G,-,B,D,0,,,,,Y,Y,-,,1,0,0,0,0,0,0,0,0,- ,- ,,,IMPERIAL,EL CENTRO,,
9172005,2020,1/11/2021,1304,10/29/2020,1322,346,E1,4,5,4,1304,0,0,0,,0,WEST,BRADSHAW,LA BRUCHERIE,0,,Y,A,-,N,,,,,,,,,,N,3,0,1,2,A,-,3,22350,,N,C,C,A,A,H,-,A,A,0,,,,,Y,,A,1,0,1,0,0,0,0,0,0,0,- ,- ,32.81113815,-115.5781631,IMPERIAL,EL CENTRO,-115.5786667,32.81106949
9172173,2020,12/2/2020,1304,9/3/2020,1127,346,ELCE,4,5,4,1304,0,0,0,,0,EAST,ADAMS,7TH ST,0,,Y,A,-,Y,IMP,11,86,-,L,7.896,I,5,S,N,4,0,1,2,A,-,10,21950,A,N,G,J,D,A,H,-,A,D,0,Y,,,,Y,,D,22,0,0,1,0,1,0,0,0,0,- ,- ,32.79655075,-115.5591125,IMPERIAL,EL CENTRO,-115.5592728,32.79655457
9182046,2020,2/13/2021,1304,11/2/2020,1618,E0030,ESCO,1,5,4,1304,0,0,0,,0,EAST,EAST MAIN,DOGWOOD,53,W,N,A,-,N,,,,,,,,,,Y,3,0,1,2,A,-,8,22107,,N,D,C,A,A,H,-,A,A,0,,,Y,,Y,,A,1,0,1,0,0,0,0,0,0,1,- ,- ,,,IMPERIAL,EL CENTRO,-115.53582,32.79281998
9190543,2020,12/9/2020,1304,11/24/2020,1854,E0238,ELCE,2,5,4,1304,0,0,0,,0,EAST,MAIN,DOGWOOD,0,,Y,A,-,N,,,,,,,,,,Y,4,0,1,2,A,-,3,22350,,N,C,C,A,A,H,-,C,A,0,,,,,Y,,A,1,0,0,1,0,0,0,0,0,0,- ,- ,32.79285049,-115.5355072,IMPERIAL,EL CENTRO,-115.5356522,32.79281998
9191800,2020,2/1/2021,1304,11/19/2020,1755,357,ELCE,4,5,4,1304,0,0,0,,0,WEST,MAIN,11TH ST,0,,Y,A,-,N,,,,,,,,,,N,4,0,1,2,A,-,3,22350,,F,C,G,A,A,H,-,C,D,0,,Y,,,Y,,-,99,0,0,1,0,0,0,1,0,0,- ,- ,,,IMPERIAL,EL CENTRO,-115.5644302,32.79283142
9197010,2020,1/26/2021,1301,10/16/2020,1553,906,BRAWL,5,5,3,1301,0,0,0,,0,0B4,OLD HWY 111,WILDCAT RD,20,N,N,A,-,N,,,,,,,,,,Y,4,0,1,2,A,-,4,21703,,N,C,C,A,A,H,-,A,D,0,,,,,Y,,D,22,0,0,1,0,0,0,0,0,0,- ,- ,,,IMPERIAL,BRAWLEY,-115.5093536,32.96430588
9205690,2020,2/27/2021,1304,12/15/2020,1424,324,ELCE,2,5,4,1304,0,0,0,,0,EAST,MAIN ST,6TH ST,0,,Y,A,-,N,,,,,,,,,,Y,3,0,2,2,A,-,12,22450,,N,D,C,A,A,H,-,A,D,0,,,,,Y,,-,,0,1,1,0,0,0,0,0,0,- ,- ,,,IMPERIAL,EL CENTRO,-115.5569611,32.79281998
9216582,2021,3/11/2021,1304,1/4/2021,1708,368,E,1,5,4,1304,0,0,0,,0,WEST,8TH ST,FIELDVIEW,0,,Y,A,-,N,,,,,,,,,,Y,2,0,1,2,A,-,9,21801,A,N,D,C,A,A,H,-,B,A,0,,,,,Y,,-,,1,0,0,0,0,0,0,0,0,- ,- ,,,IMPERIAL,EL CENTRO,,
9218309,2021,3/13/2021,1304,1/21/2021,1024,326,EEAS,4,5,4,1304,0,0,0,,0,EAST,4TH,SMOKETREE,10,N,N,A,-,N,,,,,,,,,,N,3,0,1,4,A,-,3,22350,,N,C,C,A,A,H,-,A,A,0,,,,,Y,,A,1,0,1,0,0,0,0,0,0,0,- ,- ,,,IMPERIAL,EL CENTRO,-115.5522614,32.77537918
9221321,2021,2/11/2021,1304,1/22/2021,2220,335,E1,5,5,4,1304,0,0,0,,0,EAST,7TH,ADAMS,0,,Y,A,-,Y,IMP,11,86,-,L,7.896,I,5,N,N,3,0,2,2,A,-,3,22350,,F,C,C,A,A,H,-,C,D,0,,,,,Y,,-,99,0,1,1,0,0,0,0,0,0,- ,- ,,,IMPERIAL,EL CENTRO,-115.5592728,32.79655457
9221903,2021,3/11/2021,1304,2/16/2021,1019,320,EWES,2,5,4,1304,0,0,0,,0,WEST,ADAMS,8TH,102,W,N,A,-,Y,IMP,11,86,-,L,8.05,H,-,S,Y,3,0,1,3,A,-,3,22350,,N,C,C,A,A,H,-,A,A,0,,,,,Y,,D,22,0,1,0,0,0,0,0,0,0,- ,- ,,,IMPERIAL,EL CENTRO,-115.5618973,32.79655457
9228465,2020,2/23/2021,1301,12/3/2020,1918,901,BRAWL,4,5,3,1301,0,0,0,,0,0B1,RIVER DR,N 5TH ST,0,,Y,A,-,N,,,,,,,,,,Y,4,0,1,1,A,-,8,22107,,N,E,I,A,A,H,-,C,A,0,,,,,Y,,A,1,0,0,1,0,0,0,0,0,0,- ,- ,,,IMPERIAL,BRAWLEY,-115.5330582,32.98659897
9232973,2021,3/5/2021,1304,1/27/2021,2221,325,ELCE,3,5,4,1304,0,0,0,,0,EAST,5TH ST,BRIGHTON AV,25,N,N,A,-,N,,,,,,,,,,N,3,0,1,2,A,-,10,21954,B,N,G,B,E,A,H,-,C,D,0,Y,,,,Y,Y,-,,0,1,0,0,1,0,0,0,0,- ,- ,,,IMPERIAL,EL CENTRO,-115.554718,32.78982925
9234373,2021,4/15/2021,1304,3/10/2021,1543,358,,3,5,4,1304,0,0,0,,0,WEST,BRADSHAW,IMPERIAL,0,W,N,A,-,N,,,,,,,,,,Y,3,0,1,2,A,-,9,21804,A,N,D,C,A,A,H,-,A,D,0,,,,,Y,,-,,0,1,0,0,0,0,0,0,0,- ,- ,32.8111496,-115.5719299,IMPERIAL,EL CENTRO,,
9240280,2021,4/12/2021,1304,3/20/2021,1620,361,ELCE,6,5,4,1304,0,0,0,,0,EAST,ADAMS,6TH,0,,Y,A,-,Y,IMP,11,86,-,-,7.77,I,5,N,Y,3,0,1,2,A,-,12,21453,A,N,D,C,A,A,H,-,A,A,0,,,,,Y,,A,7,0,1,0,0,0,0,0,0,0,- ,- ,,,IMPERIAL,EL CENTRO,-115.5698776,32.80315018
9240441,2021,4/20/2021,1301,1/28/2021,557,906,BRAWL,4,5,3,1301,0,0,0,,0,0B4,RT 111,RT 78,57,S,N,A,-,Y,IMP,11,111,-,R,22,H,-,N,Y,4,0,4,2,A,-,8,22107,,N,C,C,A,A,H,-,B,A,0,,,,,Y,,A,7,0,0,4,0,0,0,0,0,0,- ,- ,,,IMPERIAL,BRAWLEY,-115.5013504,32.97842407
9244956,2021,4/13/2021,1306,1/23/2021,2045,R1772,OCOTI,6,5,2,1306,0,0,0,,0,906,COUNTY LINE RD,RT 78,0,,Y,A,-,N,,,,,,,,,,N,2,0,1,1,A,-,3,38305,,N,H,A,A,A,A,B,D,D,0,,,,,Y,,A,7,1,0,0,0,0,0,0,0,0,- ,- ,,,IMPERIAL,IMPERIAL,,
9254892,2021,4/29/2021,1304,3/17/2021,2047,368,E1,3,5,4,1304,0,0,0,,0,WEST,LA BRUCHERIE,ADAMS,0,,Y,A,-,N,,,,,,,,,,Y,3,0,3,2,A,-,12,21453,A,N,A,C,A,A,H,-,C,A,0,,,,,Y,,-,,0,3,0,0,0,0,0,0,0,- ,- ,,,IMPERIAL,EL CENTRO,-115.5787201,32.79655075
9263367,2021,5/13/2021,1304,4/30/2021,115,368,E1,5,5,4,1304,0,0,0,,0,EAST,MACY WY,DOGWOOD RD,217,N,N,A,-,N,,,,,,,,,,Y,3,0,1,1,A,-,1,23152,B,N,A,I,A,A,H,-,C,A,0,,,,,Y,Y,-,,0,1,0,0,0,0,0,0,0,- ,- ,,,IMPERIAL,EL CENTRO,,
9263371,2021,5/13/2021,1304,4/22/2021,1304,332,EAST,4,5,4,1304,0,0,0,,0,EAST,8TH ST,WAKE,800,N,N,A,-,N,,,,,,,,,,Y,3,0,3,3,A,-,3,22350,,N,A,C,A,A,H,-,-,A,0,,,,,Y,,A,1,0,3,0,0,0,0,0,0,0,- ,- ,32.7743988,-115.5603409,IMPERIAL,EL CENTRO,-115.5610886,32.77282715
9263428,2021,5/24/2021,1304,4/27/2021,1330,361,ELCE,2,5,4,1304,0,0,0,,0,WEST,RT 86,SCOTT,314,S,N,A,-,Y,IMP,11,86,-,-,7.58,H,-,S,N,4,0,2,2,A,-,3,22350,,N,C,C,A,A,H,-,A,A,0,,,,,Y,,D,22,0,0,2,0,0,0,0,0,0,- ,- ,,,IMPERIAL,EL CENTRO,-115.5699234,32.80049896
9265934,2021,5/26/2021,1304,5/3/2021,1036,363,EPTRL,1,5,4,1304,0,0,0,,0,WEST,8TH ST,ADAMS,0,,Y,A,-,N,,,,,,,,,,N,3,0,1,2,A,-,8,22107,,N,D,G,A,A,H,-,A,D,0,,Y,,,Y,,L,4,0,1,0,0,0,0,1,0,0,- ,- ,32.79708099,-115.561409,IMPERIAL,EL CENTRO,-115.5614777,32.79655075
9265935,2021,5/26/2021,1304,5/7/2021,1450,E0187,EWEST,5,5,4,1304,0,0,0,,0,WEST,LA BRUCHERIE,OLIVE,0,,Y,A,-,N,,,,,,,,,,Y,4,0,1,2,A,-,9,21800,A,N,D,C,A,A,H,-,A,-,0,,,,,Y,,A,1,0,0,1,0,0,0,0,0,0,- ,- ,32.79077911,-115.5787125,IMPERIAL,EL CENTRO,-115.5785904,32.79077911
9269923,2021,6/7/2021,1301,4/14/2021,1437,908,BRAWL,3,5,3,1301,0,0,0,,0,0B1,A ST,NORTH IMPERIAL AV,0,,Y,A,-,N,,,,,,,,,,Y,4,0,1,2,A,-,12,22450,A,N,D,C,A,A,H,-,A,A,0,,,,,Y,,D,22,0,0,1,0,0,0,0,0,0,- ,- ,,,IMPERIAL,BRAWLEY,-115.5349731,32.98416138
9270725,2021,6/4/2021,1301,4/12/2021,1102,904,BRAWL,1,5,3,1301,0,0,0,,0,3,E ST,N CESAR CHAVEZ ST,0,,Y,A,-,N,,,,,,,,,,Y,4,0,1,2,A,-,9,21804,A,N,D,C,A,A,H,-,A,A,0,,,,,Y,,A,1,0,0,1,0,0,0,0,0,0,- ,- ,,,IMPERIAL,BRAWLEY,-115.5263977,32.97977066
9271386,2021,6/17/2021,1304,5/17/2021,1214,320,ELCE,1,5,4,1304,0,0,0,,0,,4TH ST,DESERT GARDENS,35,S,N,A,-,N,,,,,,,,,,N,4,0,1,2,A,-,3,22350,,N,C,C,A,A,H,-,A,D,0,,,,,Y,,A,1,0,0,1,0,0,0,0,0,0,- ,- ,,,IMPERIAL,EL CENTRO,-115.5523987,32.78086472
9276129,2021,8/31/2021,1304,8/17/2021,1457,368,E1,2,5,4,1304,0,0,0,,0,EAST,RT 86,AURORA,0,,Y,A,-,Y,IMP,11,86,-,-,6.324,I,5,N,Y,3,0,1,2,A,-,12,21453,A,N,D,C,A,A,H,-,A,A,0,,,,,Y,,-,,0,1,0,0,0,0,0,0,0,- ,- ,32.77843857,-115.5522614,IMPERIAL,EL CENTRO,-115.5523605,32.7784462
9284174,2021,7/21/2021,1304,6/9/2021,143,345,,3,5,4,1304,0,0,0,,0,EAST,W HOLT,W HOLT 400,0,,N,A,-,N,,,,,,,,,,Y,3,0,1,3,A,-,1,23152,A,N,C,E,A,A,H,-,C,D,0,,,,,Y,Y,A,1,0,1,0,0,0,0,0,0,0,- ,- ,32.78776169,-115.55439,IMPERIAL,EL CENTRO,,
9286360,2021,7/21/2021,1304,6/7/2021,518,345,,1,5,4,1304,0,0,0,,0,WEST,IMPERIAL AV,BRADSHAW,0,,Y,A,-,Y,IMP,11,86,-,-,8.302,I,5,N,Y,4,0,2,2,A,-,1,23152,A,N,C,C,A,A,H,-,A,A,0,,,,,Y,Y,A,1,0,0,2,0,0,0,0,0,0,- ,- ,32.81034088,-115.5697784,IMPERIAL,EL CENTRO,-115.5699234,32.81112671
9287561,2021,7/27/2021,1304,7/8/2021,1249,327,,4,5,4,1304,0,0,0,,0,EAST,4TH ST,AURORA DR,392,N,N,A,-,Y,IMP,11,86,-,-,6.39,H,-,S,N,3,0,1,2,A,-,9,21801,A,N,D,C,A,A,H,-,A,D,0,,,,,Y,,A,1,0,1,0,0,0,0,0,0,0,- ,- ,,,IMPERIAL,EL CENTRO,-115.5523911,32.77938843
9291242,2021,8/13/2021,1304,6/11/2021,1935,325,E1,5,5,4,1304,0,0,0,,0,EAST,EUCLID,10TH,0,,Y,A,-,N,,,,,,,,,,Y,4,0,1,2,A,-,12,22450,,M,D,C,A,A,H,-,B,A,0,,,,,Y,,A,1,0,0,1,0,0,0,0,0,0,- ,- ,32.79850006,-115.5636368,IMPERIAL,EL CENTRO,-115.5636597,32.79838181
9291243,2021,8/13/2021,1304,6/23/2021,1143,327,EPTRL,3,5,4,1304,0,0,0,,0,,WEST MAIN ST,8TH ST,160,W,N,A,-,N,,,,,,,,,,N,3,0,1,2,A,-,5,21650,1,N,D,G,A,A,H,-,A,A,0,,Y,,,Y,,L,4,0,1,0,0,0,0,1,0,0,- ,- ,,,IMPERIAL,EL CENTRO,-115.5619507,32.79283142
9291244,2021,8/13/2021,1304,6/28/2021,1317,363,EWES,1,5,4,1304,0,0,0,,0,WEST,IMPERIAL,PICO,0,,N,A,-,N,,,86,,,,,,,Y,3,0,1,3,A,-,3,22350,,N,C,C,A,A,H,-,A,D,0,,,,,Y,,A,1,0,1,0,0,0,0,0,0,0,- ,- ,32.80419922,-115.5697403,IMPERIAL,EL CENTRO,-115.5698776,32.80419922
9291514,2021,7/21/2021,1304,6/13/2021,1014,322,ELCE,7,5,4,1304,0,0,0,,0,WEST,LA BRUCHERIE,LINCOLN AV,0,,Y,A,-,N,,,,,,,,,,Y,3,0,3,2,A,-,12,21453,A,N,D,C,A,A,H,-,A,A,0,,,,,Y,,-,,0,1,2,0,0,0,0,0,0,- ,- ,32.80738831,-115.5786209,IMPERIAL,EL CENTRO,-115.5786591,32.80736923
9295945,2021,8/3/2021,1304,7/8/2021,1705,326,EAST,4,5,4,1304,0,0,0,,0,,4TH,BROADWAY,0,,Y,A,-,N,,,86,,,,,,,Y,4,0,1,2,A,-,9,21804,A,N,A,C,A,A,H,-,A,D,0,,,,,Y,,A,7,0,0,1,0,0,0,0,0,0,- ,- ,32.79375839,-115.5525284,IMPERIAL,EL CENTRO,-115.5525284,32.79375839
9298711,2021,8/13/2021,1304,7/16/2021,1810,368,E1,5,5,4,1304,0,0,0,,0,EAST,DOGWOOD,ROSS AV,0,,Y,A,-,N,,,,,,,,,,N,3,0,1,2,A,-,3,22350,,N,C,C,A,A,H,-,A,A,0,,,,,Y,,A,1,0,1,0,0,0,0,0,0,0,- ,- ,32.77938843,-115.5353317,IMPERIAL,EL CENTRO,-115.5353775,32.78149033
9299703,2021,9/13/2021,1304,7/16/2021,1331,326,EAST,5,5,4,1304,0,0,0,,0,,DOGWOOD,BRIGHTON,4,S,N,A,-,N,,,,,,,,,,Y,4,0,2,4,A,-,3,22350,,M,C,C,A,A,H,-,A,A,0,,,,,Y,,A,7,0,0,2,0,0,0,0,0,0,- ,- ,,,IMPERIAL,EL CENTRO,-115.5355682,32.78976822
9299720,2021,9/13/2021,1304,7/30/2021,1005,361,ELCE,5,5,4,1304,0,0,0,,0,EAST,JACKRABBIT,3RD ST,0,,N,B,-,N,,,,,,,,,,Y,3,0,2,2,A,-,8,22107,,N,B,C,A,A,H,-,A,D,0,,,,,Y,,A,1,0,1,1,0,0,0,0,0,0,- ,- ,32.76158905,-115.5494537,IMPERIAL,EL CENTRO,-115.5477219,32.7615509
9299989,2021,9/7/2021,1301,5/19/2021,1658,908,BRAWL,3,5,3,1301,0,0,0,,0,0B2,RT 86,MALAN ST,0,,Y,A,-,Y,IMP,11,86,-,-,20.068,I,5,N,Y,3,0,2,2,A,-,9,21804,A,N,D,C,A,A,H,-,A,A,0,,,,Y,Y,,A,1,0,2,0,0,0,0,0,0,0,- ,- ,,,IMPERIAL,BRAWLEY,-115.5437164,32.97127914
9301282,2021,8/19/2021,1304,7/24/2021,2106,358,,6,5,4,1304,0,0,0,,0,,ROSS,IMPERIAL,0,,N,A,-,N,,,,,,,,,,N,3,0,1,2,A,-,11,21954,A,N,G,B,D,A,H,-,C,A,0,Y,,,,Y,,N,60,0,1,0,0,1,0,0,0,0,- ,- ,,,IMPERIAL,EL CENTRO,-115.5696869,32.78147888
9313045,2021,9/30/2021,1304,8/10/2021,738,EID,EWEST,2,5,4,1304,0,0,0,,0,WEST,HOLT,10TH ST,0,,Y,A,-,N,,,,,,,,,,N,3,0,1,2,A,-,5,21650,1,N,A,G,A,A,H,-,A,D,0,,Y,,,Y,,L,4,0,1,0,0,0,0,1,0,0,- ,- ,32.78778076,-115.5630875,IMPERIAL,EL CENTRO,-115.5634766,32.78776169
9320605,2021,5/6/2022,1301,11/22/2021,1953,910,BRAWL,1,5,3,1301,0,0,0,,0,0B1,OLD HWY 111,OLD HWY 111 4705A,0,,N,A,-,N,,,,,,,,,,N,1,1,2,6,A,-,8,22107,,N,A,C,A,A,H,-,D,D,0,,,,,Y,,A,1,1,0,1,0,0,0,0,0,0,- ,- ,32.99374008,-115.5264816,IMPERIAL,BRAWLEY,,
9338536,2021,10/13/2021,1304,9/10/2021,1426,333,EAST,5,5,4,1304,0,0,0,,0,,BROADWAY,SEVENTH,0,,Y,A,-,N,,,,,,,,,,Y,3,0,1,3,A,-,9,21802,A,N,D,C,A,A,H,-,A,A,0,,,,,Y,,-,,0,1,0,0,0,0,0,0,0,- ,- ,,,IMPERIAL,EL CENTRO,-115.5591125,32.79386902
9340325,2021,10/29/2021,1304,9/9/2021,1640,361,ELCE,4,5,4,1304,0,0,0,,0,EAST,S DOGWOOD,S DOGWOOD 1600,0,,Y,A,-,N,,,,,,,,,,Y,3,0,4,3,A,-,3,22350,,N,C,C,A,A,H,-,A,A,0,,,,,Y,,A,7,0,2,2,0,0,0,0,0,0,- ,- ,32.77943039,-115.5353088,IMPERIAL,EL CENTRO,,
9348613,2020,6/20/2022,1304,4/18/2020,1100,357,ELCE,6,5,4,1304,0,0,0,,0,WEST,IMPERIAL,PEPPER DR,0,,Y,A,-,N,,,,,,,,,,Y,3,0,1,2,A,-,9,21801,B,N,D,C,A,A,H,-,A,A,0,,,,,Y,,-,,0,1,0,0,0,0,0,0,0,- ,- ,,,IMPERIAL,EL CENTRO,-115.5697021,32.77941132
9350040,2021,11/9/2021,1304,9/29/2021,901,325,ELCE,3,5,4,1304,0,0,0,,0,EAST,4TH,RT 8,0,,Y,A,-,N,,,86,,,,,,,N,3,0,1,2,A,-,12,21453,A,N,D,C,A,A,H,-,A,A,0,,,,,Y,,-,,0,1,0,0,0,0,0,0,0,- ,EO,32.77318954,-115.5521088,IMPERIAL,EL CENTRO,-115.5522308,32.77318954
9357209,2021,12/14/2021,1304,10/21/2021,938,325,ELCE,4,5,4,1304,0,0,0,,0,EAST,4TH,LENREY AV,0,,Y,A,-,N,,,,,,,,,,Y,3,0,1,4,A,-,7,21658,A,N,C,C,A,A,H,-,A,D,0,,,,,Y,,A,1,0,1,0,0,0,0,0,0,0,- ,- ,,,IMPERIAL,EL CENTRO,-115.5524521,32.78303909
9364419,2021,12/2/2021,1304,10/30/2021,2152,337,ELCE,6,5,4,1304,0,0,0,,0,WEST,12TH ST,STACEY,0,,Y,A,-,N,,,,,,,,,,Y,3,0,2,2,A,-,9,21800,A,N,D,C,A,A,H,-,C,D,0,,,,,Y,Y,A,1,0,2,0,0,0,0,0,0,0,- ,- ,,,IMPERIAL,EL CENTRO,-115.5656738,32.80065155
9366914,2021,1/11/2022,1304,12/7/2021,1316,363,EAST,2,5,4,1304,0,0,0,,0,EAST,4TH ST,SMOKETREE,119,S,N,A,-,N,,,,,,,,,,N,3,0,1,2,A,-,11,21954,A,N,A,B,D,A,H,-,A,D,0,Y,,,,Y,,N,60,0,1,0,0,1,0,0,0,0,- ,- ,,,IMPERIAL,EL CENTRO,-115.5523071,32.77503204
9367143,2021,12/9/2021,1304,11/5/2021,1319,325,ELCE,5,5,4,1304,0,0,0,,0,WEST,IMPERIAL AV,VILLA AV,0,,-,A,-,Y,IMP,11,86,-,-,7.809,I,5,N,Y,3,0,1,2,A,-,3,22350,,N,C,C,A,A,H,-,A,D,0,,,,,Y,,-,,0,1,0,0,0,0,0,0,0,- ,- ,32.80142975,-115.5697708,IMPERIAL,EL CENTRO,-115.5698776,32.80368423
9373833,2021,12/16/2021,1304,11/16/2021,1525,322,EAST,2,5,4,1304,0,0,0,,0,,ROSS AV,3RD AV,0,,Y,A,-,N,,,,,,,,,,Y,3,0,1,2,A,-,8,22107,,N,D,C,A,A,H,-,A,D,0,,,,,Y,,A,1,0,1,0,0,0,0,0,0,0,- ,- ,32.78149033,-115.5506287,IMPERIAL,EL CENTRO,-115.5503082,32.78145981
9375067,2021,12/16/2021,1304,11/16/2021,1643,,EWES,2,5,4,1304,0,0,0,,0,WEST,8TH ST,CRUICKSHANK,0,,N,A,-,N,,,,,,,,,,Y,3,0,1,2,A,-,3,22350,,N,C,C,A,A,H,-,A,A,0,,,,,Y,,A,1,0,1,0,0,0,0,0,0,0,- ,- ,32.81544876,-115.5614624,IMPERIAL,EL CENTRO,,
9378827,2021,12/29/2021,1304,12/6/2021,1711,350,,1,5,4,1304,0,0,0,,0,,ADAMS AV,12TH ST,0,,Y,A,-,Y,IMP,11,86,-,L,8.266,I,5,S,N,2,0,1,2,A,-,10,21950,A,N,G,B,B,A,H,-,C,A,0,Y,,,,Y,,A,7,1,0,0,0,1,0,0,0,0,- ,- ,,,IMPERIAL,EL CENTRO,-115.5656052,32.79655457
9378931,2021,12/29/2021,1304,12/8/2021,1525,339,ELCE,3,5,4,1304,0,0,0,,0,WEST,IMPERIAL AV,EUCLID AV,19.9,S,N,A,-,Y,IMP,11,86,-,-,7.42,H,-,S,N,4,0,1,2,A,-,10,21954,B,N,B,B,D,A,H,-,A,A,0,Y,,,,Y,,A,1,0,0,1,0,1,0,0,0,0,- ,- ,,,IMPERIAL,EL CENTRO,-115.5699692,32.79823685
9378999,2021,1/3/2022,1304,12/13/2021,1525,320,EAST,1,5,4,1304,0,0,0,,0,EAST,ADAMS,6TH,0,,Y,A,-,Y,IMP,11,86,-,L,7.77,I,5,S,Y,3,0,2,2,A,-,12,21453,A,N,D,C,A,A,H,-,A,A,0,,,,,Y,,A,1,0,2,0,0,0,0,0,0,0,- ,- ,,,IMPERIAL,EL CENTRO,-115.5570984,32.79655838
9379301,2021,1/19/2022,1304,12/17/2021,1235,361,ELCE,5,5,4,1304,0,0,0,,0,EAST,RT 86,RT 8,13,N,N,A,-,Y,IMP,11,86,-,-,6.04,H,-,N,N,3,0,1,2,A,-,10,21950,A,N,G,B,B,A,H,-,A,A,0,Y,,,,Y,,A,1,0,1,0,0,1,0,0,0,0,- ,WF,,,IMPERIAL,EL CENTRO,-115.5522461,32.77427673
9380093,2021,2/14/2022,1304,11/21/2021,606,358,,7,5,4,1304,0,0,0,,0,EASE,ADAMS AV,4TH ST,0,,-,A,-,Y,IMP,11,86,-,L,7.56,H,-,N,Y,3,0,1,1,A,-,7,21658,A,M,E,I,A,A,H,-,B,D,0,,,,,Y,,-,,0,1,0,0,0,0,0,0,0,- ,- ,32.79629898,-115.5536423,IMPERIAL,EL CENTRO,-115.5537415,32.79621506
9384350,2021,1/11/2022,1304,12/10/2021,808,341,EWEST,5,5,4,1304,0,0,0,,0,EAST,MAIN,WATERMAN,0,,Y,A,-,N,,,,,,,,,,N,4,0,2,2,A,-,9,21802,A,N,D,C,A,A,H,-,A,D,0,,,,,Y,,A,1,0,0,2,0,0,0,0,0,0,- ,- ,32.79277039,-115.5742111,IMPERIAL,EL CENTRO,-115.5742035,32.7928009
9406342,2021,2/18/2022,1301,7/12/2021,2003,901,BRAWL,1,5,3,1301,0,0,0,,0,3,MAIN ST,CEASER CHAVEZ ST,0,,Y,A,-,N,,,,,,,,,,N,2,0,1,2,A,-,10,21950,,N,G,B,D,A,H,-,C,A,0,Y,,,,Y,,N,60,1,0,0,0,1,0,0,0,0,- ,- ,,,IMPERIAL,BRAWLEY,,
9417263,2021,3/21/2022,1304,8/29/2021,1836,325,ELCE,7,5,4,1304,0,0,0,,0,WEST,OCOTILLO,LA BRUCHARD,0,,Y,A,-,N,,,,,,,,,,N,3,0,1,2,A,-,3,22350,,N,C,C,A,A,H,-,B,A,0,,,,,Y,,A,1,0,1,0,0,0,0,0,0,0,- ,- ,32.77732849,-115.5783691,IMPERIAL,EL CENTRO,,